key,title,authors,year,venue,volume,pages,doi,url,publication_status,metadata_resolution,reading,limitation
,A Dataset of Information-Seeking Questions and Answers Anchored in Research Papers,Pradeep Dasigi; Kyle Lo; Iz Beltagy; Arman Cohan; Noah A. Smith; Matt Gardner,2021,Proceedings of the 2021 Conference of the North American Chapter of the Association for Computational Linguistics: Human Language Technologies,,4599–4610,10.18653/v1/2021.naacl-main.365,https://aclanthology.org/2021.naacl-main.365/,published,Primary metadata agrees; capitalization and dash normalization only.,Original paper and official loader/evaluator; pre-revision reading retained and code rechecked.,Answer annotations are not independently proven minimal sufficient evidence.
,Fact or Fiction: Verifying Scientific Claims,David Wadden; Shanchuan Lin; Kyle Lo; Lucy Lu Wang; Madeleine van Zuylen; Arman Cohan; Hannaneh Hajishirzi,2020,Proceedings of the 2020 Conference on Empirical Methods in Natural Language Processing (EMNLP),,7534–7550,10.18653/v1/2020.emnlp-main.609,https://aclanthology.org/2020.emnlp-main.609/,published,Primary metadata agrees; capitalization and dash normalization only.,"Original paper, annotation guide, and official evaluator; revised pinned code reference.",Current acquired archive has up to more rationales than paper description; archive hash governs this study.
,FEVER: a Large-scale Dataset for Fact Extraction and VERification,James Thorne; Andreas Vlachos; Christos Christodoulopoulos; Arpit Mittal,2018,"Proceedings of the 2018 Conference of the North American Chapter of the Association for Computational Linguistics: Human Language Technologies, Volume 1 (Long Papers)",,809–819,10.18653/v1/N18-1074,https://aclanthology.org/N18-1074/,published,Primary metadata agrees; capitalization and dash normalization only.,Original dataset/evaluation source retained from initial research.,Not a novel complete-set criterion.
,The Fact Extraction and VERification Over Unstructured and Structured information (FEVEROUS) Shared Task,Rami Aly; Zhijiang Guo; Michael Sejr Schlichtkrull; James Thorne; Andreas Vlachos; Christos Christodoulopoulos; Oana Cocarascu; Arpit Mittal,2021,Proceedings of the Fourth Workshop on Fact Extraction and VERification (FEVER),,1–13,10.18653/v1/2021.fever-1.1,https://aclanthology.org/2021.fever-1.1/,published,ACL BibTeX gives Michael Sejr Schlichtkrull; HTML metadata abbreviates Michael Schlichtkrull. Retained full BibTeX name.,"Original published shared-task paper section 2.4, p. 3.",Current retrieval-only C omits verdict and official output caps.
,Evaluating D-MERIT of Partial-annotation on Information Retrieval,Royi Rassin; Yaron Fairstein; Oren Kalinsky; Guy Kushilevitz; Nachshon Cohen; Alexander Libov; Yoav Goldberg,2024,Proceedings of the 2024 Conference on Empirical Methods in Natural Language Processing,,2913–2932,10.18653/v1/2024.emnlp-main.171,https://aclanthology.org/2024.emnlp-main.171/,published,Primary metadata agrees; capitalization and dash normalization only.,Original published EMNLP paper and official metadata retained; claim limited to its annotation problem.,Distinct from keeping all observed units and changing aggregation.
,Attribute or Abstain: Large Language Models as Long Document Assistants,Jan Buchmann; Xiao Liu; Iryna Gurevych,2024,Proceedings of the 2024 Conference on Empirical Methods in Natural Language Processing,,8113–8140,10.18653/v1/2024.emnlp-main.463,https://aclanthology.org/2024.emnlp-main.463/,published,Primary metadata agrees; capitalization and dash normalization only.,Published EMNLP paper and ACL BibTeX.,Disambiguated as Buchmann et al. 2024a.
,Document Structure in Long Document Transformers,Jan Buchmann; Max Eichler; Jan-Micha Bodensohn; Ilia Kuznetsov; Iryna Gurevych,2024,Proceedings of the 18th Conference of the European Chapter of the Association for Computational Linguistics (Volume 1: Long Papers),,1056–1073,10.18653/v1/2024.eacl-long.64,https://aclanthology.org/2024.eacl-long.64/,published,Primary metadata agrees; capitalization and dash normalization only.,Published EACL paper and ACL BibTeX.,Disambiguated as Buchmann et al. 2024b; not evidence for score changes here.
,Evaluating Retrieval Quality in Retrieval-Augmented Generation,Alireza Salemi; Hamed Zamani,2024,Proceedings of the 47th International ACM SIGIR Conference on Research and Development in Information Retrieval,,2395-2400,10.1145/3626772.3657957,https://doi.org/10.1145/3626772.3657957,published,Primary metadata agrees; capitalization and dash normalization only.,Original paper; publisher-deposited SIGIR metadata.,No answer-quality result is inferred for this study.
,Ev2R: Evaluating Evidence Retrieval in Automated Fact-Checking,Mubashara Akhtar; Michael Schlichtkrull; Andreas Vlachos,2026,Transactions of the Association for Computational Linguistics,14,530-561,10.1162/tacl.a.647,https://aclanthology.org/2026.tacl-1.25/,published,Primary metadata agrees; capitalization and dash normalization only.,Published TACL 2026 paper pp. 530–532 checked against previously read preprint.,Published venue/date/pages replace preprint bibliographic identity.
,Sufficient Context: A New Lens on Retrieval Augmented Generation Systems,Hailey Joren; Jianyi Zhang; Chun-Sung Ferng; Da-Cheng Juan; Ankur Taly; Cyrus Rashtchian,2025,International Conference on Learning Representations,,20310–20334,,https://proceedings.iclr.cc/paper_files/paper/2025/hash/33dffa2e3d2ab74a783d1a8c292f66d9-Abstract-Conference.html,published,Added official ICLR proceedings pages 20310–20334.,Original ICLR 2025 paper; official proceedings record.,Our C does not measure semantic sufficiency.
,Do Current Retrievers Cover All the Evidence? A Controlled Study of Conjunctive Cross-Page Retrieval,Sungguk Cha; DongWook Kim; Mintae Kim; Youngsub Han; Byoung-Ki Jeon; Sangyeob Lee,2026,arXiv preprint 2607.24165v2,,,10.48550/arXiv.2607.24165,https://arxiv.org/abs/2607.24165v2,preprint,Official arXiv version remains v2; no formal publication verified in targeted exact-title search.,Original 2607.24165v2 preprint and version metadata retained.,"Preprint, not an established published result or a novelty-free zone."
,"More Context, Same Budget: Dual-Bounded Relational Recall Beyond Top-K Retrieval",Thomson D. Nguy,2026,arXiv preprint 2608.18448v1,,,10.48550/arXiv.2608.18448,https://arxiv.org/abs/2608.18448v1,preprint,Official arXiv version remains v1; no formal publication verified in targeted exact-title search.,Original 2608.18448v1 preprint and version metadata retained.,Preprint; different retrieval intervention and benchmark.
,The Probabilistic Relevance Framework: BM25 and Beyond,Stephen Robertson; Hugo Zaragoza,2009,Foundations and Trends in Information Retrieval,3(4),333–389,10.1561/1500000019,https://doi.org/10.1561/1500000019,published,Crossref currently gives 4(1–2):1–174. Original monograph front matter confirms retained 3(4):333–389; no silent replacement. Publisher direct request returned 403; original PDF copy and indexed publisher text checked.,Publisher monograph front matter/abstract and recorded formula implementation.,"Paper explicitly states local IDF, k1, b, and its positive-IDF variant."
,Relevance: A review of the literature and a framework for thinking on the notion in information science. Part II: nature and manifestations of relevance,Tefko Saracevic,2007,Journal of the American Society for Information Science and Technology,58(13),1915–1933,10.1002/asi.20682,https://doi.org/10.1002/asi.20682,published,Primary metadata agrees; capitalization and dash normalization only.,"Publisher metadata and abstract, as recorded before revision.",Broad framing only; no detailed theoretical claim based on unread full text.
,The Philosophy of Information Retrieval Evaluation,Ellen M. Voorhees,2002,"Evaluation of Cross-Language Information Retrieval Systems. Lecture Notes in Computer Science, volume 2406",,355-370,10.1007/3-540-45691-0_34,https://doi.org/10.1007/3-540-45691-0_34,published,Primary metadata agrees; capitalization and dash normalization only.,Original NIST paper pp. 1–4 visually read; publisher metadata cross-checked.,Full original available; limited cited scope.
,How Reliable are the Results of Large-Scale Information Retrieval Experiments?,Justin Zobel,1998,Proceedings of the 21st Annual International ACM SIGIR Conference on Research and Development in Information Retrieval,,307-314,10.1145/290941.291014,https://doi.org/10.1145/290941.291014,published,Primary metadata agrees; capitalization and dash normalization only.,Original author-hosted abstract/introduction accessed in indexed PDF text; Crossref bibliographic record verified.,Direct author PDF returned a bot-check HTML page; alternative copies failed. Detailed pooling experiments were not read and are not described or relied on. Further full-text reading remains desirable.
,Retrieval Evaluation with Incomplete Information,Chris Buckley; Ellen M. Voorhees,2004,Proceedings of the 27th Annual International ACM SIGIR Conference on Research and Development in Information Retrieval,,25-32,10.1145/1008992.1009000,https://tsapps.nist.gov/publication/get_pdf.cfm?pub_id=150469,published,Primary metadata agrees; capitalization and dash normalization only.,"Original pp. 2–3, sections 2.1–2.3, plus abstract and experimental framing.",Not evidence about loss of evidence-family relations.
,Beyond Independent Relevance: Methods and Evaluation Metrics for Subtopic Retrieval,Cheng Xiang Zhai; William W. Cohen; John Lafferty,2003,Proceedings of the 26th Annual International ACM SIGIR Conference on Research and Development in Information Retrieval,,10-17,10.1145/860435.860440,https://doi.org/10.1145/860435.860440,published,Crossref short title omits subtitle; original paper supports retained full title.,"Original pp. 1–3, data and subtopic metrics.",Not a new discovery of dependence in the current paper.
,Novelty and Diversity in Information Retrieval Evaluation,Charles L. A. Clarke; Maheedhar Kolla; Gordon V. Cormack; Olga Vechtomova; Azin Ashkan; Stefan Büttcher; Ian MacKinnon,2008,Proceedings of the 31st Annual International ACM SIGIR Conference on Research and Development in Information Retrieval,,659-666,10.1145/1390334.1390446,https://doi.org/10.1145/1390334.1390446,published,"Fresh Crossref initially unavailable; retry succeeded, all authors and pp.659–666 verified.",Original sections 3–4; relevance/nugget model and ranking-dependent gain.,No claim that this representation cannot be extended to combinations; only that ordinary labels do not specify them automatically.
,Diversifying Search Results,Rakesh Agrawal; Sreenivas Gollapudi; Alan Halverson; Samuel Ieong,2009,Proceedings of the Second ACM International Conference on Web Search and Data Mining,,5-14,10.1145/1498759.1498766,https://doi.org/10.1145/1498759.1498766,published,Primary metadata agrees; capitalization and dash normalization only.,Original methodological sections 3–4.2 read through web PDF extraction.,Direct download returned 403; web rendering provided original method text.
,Overview of the TREC 2003 Question Answering Track,Ellen M. Voorhees,2004,"Proceedings of the Twelfth Text REtrieval Conference (TREC 2003), NIST Special Publication 500-255",,54–68,,https://trec.nist.gov/pubs/trec12/papers/QA.OVERVIEW.pdf,published,Changed citation publication year to 2004 per NIST record; conference/track remains TREC 2003. Historical citation key retained.,"Original definition-question evaluation, pp. 4–5.",Coverage of answer content differs from exact source-unit combinations.
,Will Pyramids Built of Nuggets Topple Over?,Jimmy Lin; Dina Demner-Fushman,2006,"Proceedings of the Human Language Technology Conference of the NAACL, Main Conference",,383–390,,https://aclanthology.org/N06-1049/,published,Primary metadata agrees; capitalization and dash normalization only.,Original abstract and sections 1–2.,No detailed comparative results imported.
,Overview of the TREC 2025 Retrieval Augmented Generation (RAG) Track,Shivani Upadhyay; Nandan Thakur; Ronak Pradeep; Nick Craswell; Daniel Campos; Jimmy Lin,2026,"TREC 2025 Proceedings, NIST Special Publication 1344",,,,https://trec.nist.gov/pubs/trec34/papers/Overview_rag.pdf,published,Official TREC34 index confirms SP1344; hosted overview bears 10 March 2026. Condensed venue without changing identity.,Original overview sections 1 and 3; official TREC34 index.,Track year 2025; hosted accessible version dated 10 March 2026. Official index SP1344 is used; generic proceedings page has inconsistent serial metadata.
,Qwen3-Embedding-0.6B: Model Card,Qwen Team,2025,"Hugging Face model documentation, revision 97b0c614be4d77ee51c0cef4e5f07c00f9eb65b3",,,,https://huggingface.co/Qwen/Qwen3-Embedding-0.6B/tree/97b0c614be4d77ee51c0cef4e5f07c00f9eb65b3,model_documentation,Primary metadata agrees; capitalization and dash normalization only.,Pinned official model card/config/tokenizer/model metadata.,"Timing only. No effectiveness evidence; model-card statements are documentation, not independent validation."
,User-Centric Evidence Ranking for Attribution and Fact Verification,Guy Alt; Eran Hirsch; Serwar Basch; Ido Dagan; Oren Glickman,2026,Proceedings of the 19th Conference of the European Chapter of the Association for Computational Linguistics (Volume 1: Long Papers),,7215–7237,10.18653/v1/2026.eacl-long.340,https://aclanthology.org/2026.eacl-long.340/,published,Primary metadata agrees; capitalization and dash normalization only.,"Entire 23-page EACL paper, including sections 3–4 (pp. 7217–7218), effort/user study sections 6–7 and Appendix A (p. 7227).","Under the empirical gold-set criterion MSR equals dC. Do not claim novelty for complete-set retrieval, multiple alternatives, or depth to sufficient evidence. Their goal improves ordering; ours pairs C and A under fixed rankings."
,Minimal Evidence Group Identification for Claim Verification,Xiangci Li; Sihao Chen; Rajvi Kapadia; Jessica Ouyang; Fan Zhang,2025,Proceedings of the 5th Workshop on Trustworthy NLP (TrustNLP 2025),,103–111,10.18653/v1/2025.trustnlp-main.8,https://aclanthology.org/2025.trustnlp-main.8/,published,Primary metadata agrees; capitalization and dash normalization only.,"Entire 9-page paper: section 2 union labels, section 3 group scoring, section 8 group/union comparison, limitations and Appendix A.3 nesting.","Do not claim novelty for minimal evidence groups, union contrast or nesting. Prior downstream reconstruction differs from this fixed-ranking paired completion audit."
