index,benchmark,canonical,revision,classification,source_granularity,output_target,transformation,limitations,verification,all_observed_units_retained,second_pass
97,QASPER,github.com/princeton-nlp/CEPE,53ca69b757b84872a234a4272e217ed453516616,other_not_applicable,paper/paragraph evidence,answer generation,SCROLLS input/output loader passes full text and answer strings to generation metrics.,Evidence-set completion is outside this task.,static code/data-schema trace; no full pipeline execution,not established or not applicable,"Same producing agent reread source/target roles, checked pinned bytes, and corrected category boundaries; not independent annotation"
91,QASPER,github.com/JerrryNie/CGSN,06e6bed098a12288d63a89165e9e453271ec20df,both_exposed,paragraph sets,paragraph labels and reference-aware evaluator,convert_qasper unions mapped non-float evidence into paragraph labels; vendored official evaluator retains answer-specific evidence and maximizes reference F1.,Union fixture uses uniquely mapped text; floats/empty annotations are filtered.,isolated conversion fixture + static trace,yes on fully mapped fixture; raw filtering documented,"Same producing agent reread source/target roles, checked pinned bytes, and corrected category boundaries; not independent annotation"
112,QASPER,huggingface.co/mteb/QASPER,898f2eced48890f19b6a88f1b616e9ca6c5dda1c,flat_only,QASPER paragraphs/abstract passages,passage qrels,"Distribution exposes query-id/corpus-id/score only. Corpus identity check matches 20,098 of 20,508 texts to original body paragraphs and all 1,335 query IDs.","Only 576/1,335 query targets equal the raw evidence union. Conversion code not exposed here; no exact union-preserving intervention is claimed for the distribution.",static code/data-schema trace; no full pipeline execution,not established or not applicable,"Same producing agent reread source/target roles, checked pinned bytes, and corrected category boundaries; not independent annotation"
117,QASPER,github.com/KRLabsOrg/acl-verbatim,ba318bd65f1fa7ba100765bf3e573ccf61a1cc14,other_not_applicable,paragraph evidence sets,chunks and character-span extraction,evidence_for_question aggregates annotations; output labels evaluate chunk/span extraction.,"Aggregation exists, but the span/chunk target changes granularity and task.",static code/data-schema trace; no full pipeline execution,not established or not applicable,"Same producing agent reread source/target roles, checked pinned bytes, and corrected category boundaries; not independent annotation"
90,QASPER,github.com/tau-nlp/scrolls,bfc0da0747976418cd0c4b8837db023ea567ba84,other_not_applicable,QASPER evidence annotations,SCROLLS answer generation,SCROLLS evaluates input/output answer strings with answer metrics.,"Answer-only task, not an evidence-completion evaluation.",static code/data-schema trace; no full pipeline execution,not established or not applicable,"Same producing agent reread source/target roles, checked pinned bytes, and corrected category boundaries; not independent annotation"
116,QASPER,github.com/unseen1980/IDC,9899c71bded3f1d154d664732adf6f19da373eb1,other_not_applicable,paragraph/span references,one contiguous sentence span,aggregate_question_spans aggregates evidence locations and chooses one contiguous span.,Selection and granularity change are not union-preserving flattening.,static code/data-schema trace; no full pipeline execution,not established or not applicable,"Same producing agent reread source/target roles, checked pinned bytes, and corrected category boundaries; not independent annotation"
99,QASPER,huggingface.co/allenai/qasper,fdc9d8214fbab5dd782958601db4d678e6934a54,preserved,paragraph evidence sets per answer,same nested answer/evidence structure,_generate_examples yields source paper objects with their nested answer annotations.,Schema and isolated loader fixture checked; no end-to-end model executed.,isolated conversion fixture + static trace,yes in grouped source path,"Same producing agent reread source/target roles, checked pinned bytes, and corrected category boundaries; not independent annotation"
92,QASPER,github.com/huggingface/lighteval,c2af9e5f2fde494539f84c8ea9d09f18ac9e9c14,other_not_applicable,QASPER source schema,answer F1 prompt,Task registers F1 for generated gold answers.,Prompt fields differ from native QASPER fields; missing alignment step prevents an end-to-end runtime claim.,static code/data-schema trace; no full pipeline execution,not established or not applicable,"Same producing agent reread source/target roles, checked pinned bytes, and corrected category boundaries; not independent annotation"
98,QASPER,github.com/Ojiyumm/LongBench_RWKV,365d875c0462bf2891b4076e445c1e55c88e4f60,other_not_applicable,LongBench derivative of QASPER,answer QA F1,Prediction uses context and answers; evaluation maps QASPER to qa_f1_score.,Generation task and upstream LongBench lineage; no evidence-family output expected.,static code/data-schema trace; no full pipeline execution,not established or not applicable,"Same producing agent reread source/target roles, checked pinned bytes, and corrected category boundaries; not independent annotation"
110,QASPER,github.com/rnrn/ai-context,42790a3b1357076f02dc0288b4f95d8f907b15c8,other_not_applicable,paragraph evidence,sentence relevance,Collects answer evidence and maps paragraphs to split sentence IDs before precision/recall.,Paragraph-to-sentence conversion changes retrieval granularity.,static code/data-schema trace; no full pipeline execution,not established or not applicable,"Same producing agent reread source/target roles, checked pinned bytes, and corrected category boundaries; not independent annotation"
123,QASPER,github.com/qarkapp/sscc-rag-paper,da7e8fb13f297969d344bad90295b15c2917a47d,flat_only,paragraph evidence sets,paragraph qrels and IR metrics,load_qasper maps each annotation evidence string to paragraph IDs and accumulates one qrels dictionary; answers have no membership linkage.,"Unmatched evidence is omitted; exact union preservation is established on a fully mappable synthetic fixture, not claimed for all raw items.",isolated conversion fixture + static trace,yes on fully mapped fixture; raw filtering documented,"Same producing agent reread source/target roles, checked pinned bytes, and corrected category boundaries; not independent annotation"
119,QASPER,github.com/hyundong98/TrapDoc,78328a1a0fd73eaa6b0dd4c8b41b457a47dad6a1,other_not_applicable,QASPER papers,PDF document-injection/response task,README documents scientific-paper PDF generation and injected-document experiments.,Question/rationale completion is not this task; evaluate.py is not a QASPER evidence scorer.,static code/data-schema trace; no full pipeline execution,not established or not applicable,"Same producing agent reread source/target roles, checked pinned bytes, and corrected category boundaries; not independent annotation"
105,QASPER,github.com/Ludovico-Chieffallo/chunklab,054fda10653c480008a3600f6a37763fcee494fa,other_not_applicable,paragraph evidence sets,first-reference snippets,_first_evidence selects the first answerable reference; convert filters unmapped and short snippets.,Intentional reference selection changes the accepted family and may delete units.,isolated conversion fixture + static trace,not established or not applicable,"Same producing agent reread source/target roles, checked pinned bytes, and corrected category boundaries; not independent annotation"
59,QASPER,huggingface.co/zhanxxx/nexa-rag-benchmark,2579a348f24f22c6ec9f81f8f70f95f0545f933e,undetermined,untraced QASPER derivative,question/answer/context list,Parquet schema contains a flat list of context strings and no annotation grouping.,"No converter, source IDs, or evaluator is exposed; cannot establish whether contexts are gold evidence or which granularity/selection produced them.",static code/data-schema trace; no full pipeline execution,not established or not applicable,"Same producing agent reread source/target roles, checked pinned bytes, and corrected category boundaries; not independent annotation"
49,QASPER,github.com/rucdatascience/VikingRAG,365d2adc00c8f42517aaef1dd037e0d6f9b58263,both_exposed,answer-specific paragraph evidence,flat evidence plus answer-evidence pairs,QasperAdapter retains answer_evidence_pairs in metadata and accumulates a deduplicated evidence list; recall helper uses flat text matching.,"Pairs require a usable answer. Shared loader lineage with OpenViking, counted once; prompt differences do not create a second conversion lineage.",static code/data-schema trace; no full pipeline execution,not established or not applicable,"Same producing agent reread source/target roles, checked pinned bytes, and corrected category boundaries; not independent annotation"
83,SciFact,github.com/Zelros02/hybrid-rag-benchmark,5889824a79b1d941153b248921655d54371b3750,other_not_applicable,BEIR document qrels,document retrieval,BEIR GenericDataLoader supplies document corpus/queries/qrels to standard retrieval metrics.,No sentence-rationale grouping enters the inspected task.,static code/data-schema trace; no full pipeline execution,not established or not applicable,"Same producing agent reread source/target roles, checked pinned bytes, and corrected category boundaries; not independent annotation"
129,SciFact,huggingface.co/allenai/scifact,1fe54665deee011033b2dd98db5752e0d586fdfb,preserved,sentence rationale sets,one row per claim/document/rationale,_generate_examples emits each rationale as its own evidence_sentences list with claim/document IDs.,Regrouping rows recovers the family; explicit set-ID column is unnecessary.,isolated conversion fixture + static trace,yes in grouped source path,"Same producing agent reread source/target roles, checked pinned bytes, and corrected category boundaries; not independent annotation"
146,SciFact,huggingface.co/andreiaalexa/adaptive-rag-scifact-150,7df9994cb8949c93a0e4b93b0a9761db1f5c29e5,other_not_applicable,BEIR queries,150 sampled query records,Dataset card gives seed-0 sampling of 150 BEIR SciFact queries.,Query-only distribution; it does not convert rationale sets.,static code/data-schema trace; no full pipeline execution,not established or not applicable,"Same producing agent reread source/target roles, checked pinned bytes, and corrected category boundaries; not independent annotation"
82,SciFact,github.com/ogx-ai/ogx,1e63db92366b46bdd5e803eed01e5f2a20ca13fb,other_not_applicable,BEIR document qrels,document retrieval,BEIR loader feeds document relevance metrics.,Document IDs do not denote rationale sentences.,static code/data-schema trace; no full pipeline execution,not established or not applicable,"Same producing agent reread source/target roles, checked pinned bytes, and corrected category boundaries; not independent annotation"
128,SciFact,github.com/MaryamAsgarinezhad/information-retrieval-sparse-dense-scifact,919681b95f96c71608a7218ab9bfbf203d7d4eb9,other_not_applicable,BEIR document qrels,document retrieval,download_data obtains BEIR SciFact; evaluation uses document qrels and ranking metrics.,Document-retrieval task.,static code/data-schema trace; no full pipeline execution,not established or not applicable,"Same producing agent reread source/target roles, checked pinned bytes, and corrected category boundaries; not independent annotation"
79,SciFact,huggingface.co/kaengreg/rus-scifact-qrels,5e0c312c9fb7304a2dc91ec7fd648b3ace5c329f,other_not_applicable,SciFact document IDs,document qrels,All 339 test qrels corpus IDs join original SciFact document IDs.,Upstream translation/converter unspecified; ID join establishes document rather than sentence granularity only.,static code/data-schema trace; no full pipeline execution,not established or not applicable,"Same producing agent reread source/target roles, checked pinned bytes, and corrected category boundaries; not independent annotation"
81,SciFact,github.com/erendikmenn/jev-rag-benchmark,7c7fd8afc30a6fe4e54236e6d65835858cf7393a,other_not_applicable,BEIR document qrels,document retrieval,Loader downloads BEIR corpus/queries/qrels and returns relevant_doc_ids to retrieval metrics.,No evidence-set input in inspected pipeline.,static code/data-schema trace; no full pipeline execution,not established or not applicable,"Same producing agent reread source/target roles, checked pinned bytes, and corrected category boundaries; not independent annotation"
80,SciFact,github.com/emretheus/jev-rag-benchmark,6b8390ecc9c7f293e02efc143d1da779ce56ac34,other_not_applicable,BEIR document qrels,document retrieval,Loader reads corpus/queries/qrels and returns gold_doc_ids to retrieval metrics.,Same task as another JeV project but distinct package/source; common task alone is not proof of a fork.,static code/data-schema trace; no full pipeline execution,not established or not applicable,"Same producing agent reread source/target roles, checked pinned bytes, and corrected category boundaries; not independent annotation"
143,SciFact,huggingface.co/Hyukkyu/beir-scifact,69e57cb60f133d72b5b52b4381deda43c6f02193,other_not_applicable,BEIR document qrels,document qrels,Pinned provenance records normalized BEIR/MTEB corpus/query/qrels copies.,Column normalization does not establish sentence-rationale flattening.,static code/data-schema trace; no full pipeline execution,not established or not applicable,"Same producing agent reread source/target roles, checked pinned bytes, and corrected category boundaries; not independent annotation"
138,SciFact,huggingface.co/orgrctera/beir_scifact,250c5a6f0db3af7044501a4c45535fdf38a01f86,other_not_applicable,BEIR document qrels,query and expected document matches,Parquet expected_output encodes document IDs and relevance scores.,Document-level representation.,static code/data-schema trace; no full pipeline execution,not established or not applicable,"Same producing agent reread source/target roles, checked pinned bytes, and corrected category boundaries; not independent annotation"
75,SciFact,github.com/castorini/anserini,ea4a234303b029eefae71385c031cd34af167a2b,other_not_applicable,BEIR document collection,document retrieval,Anserini reproduction configuration uses SciFact document qrels.,The word flat in the collection filename is not evidence of rationale-set loss.,static code/data-schema trace; no full pipeline execution,not established or not applicable,"Same producing agent reread source/target roles, checked pinned bytes, and corrected category boundaries; not independent annotation"
42,SciFact,huggingface.co/lightonai/scifact-decontaminated,0729fa34af49875724d18ace64ce07f3e1dc0587,other_not_applicable,BEIR document qrels,decontaminated document subset,Dataset exposes document corpus/query/qrels subsets for retrieval.,Filtering and document target differ from sentence-family intervention.,static code/data-schema trace; no full pipeline execution,not established or not applicable,"Same producing agent reread source/target roles, checked pinned bytes, and corrected category boundaries; not independent annotation"
127,SciFact,github.com/dwadden/scifact-open,6fc2e2f2f97001f2fadb882600beb3e984d77aad,other_not_applicable,SciFact-Open claim/document labels,open document fact verification,run_eval consumes evidence-document labels on expanded SciFact-Open data.,Different benchmark and target; not original sentence-rationale completion.,static code/data-schema trace; no full pipeline execution,not established or not applicable,"Same producing agent reread source/target roles, checked pinned bytes, and corrected category boundaries; not independent annotation"
130,SciFact,huggingface.co/bigbio/scifact,f75ae356668b896f3816d41d90622775c85c9d1a,preserved,sentence rationale sets,source evidences and text pairs,Source configuration retains evidence objects with document and sentence_ids; BigBio text-pair path constructs each rationale group separately.,"Alternative text-pair task changes output type, but source family remains available.",static code/data-schema trace; no full pipeline execution,yes in grouped source path,"Same producing agent reread source/target roles, checked pinned bytes, and corrected category boundaries; not independent annotation"
65,SciFact,github.com/Vincksi/Fact-Verification-with-Evidence-Retrieval,a81fab500fdfba499b9af8a6ad3d06ab681ad29f,both_exposed,sentence rationale sets,structured Claim and flattened text helper,Claim.evidence preserves raw doc-to-rationale lists; get_evidence_sentences concatenates rationale sentences per document.,Document retrieval metrics are a separate objective; the helper does not prove a faulty final evaluator.,isolated conversion fixture + static trace,yes in grouped source path,"Same producing agent reread source/target roles, checked pinned bytes, and corrected category boundaries; not independent annotation"
