method,n,clusters,metric,mean,lo,hi,status
bm25,866,364,nDCG@10,0.4233148589723809,0.39937172839070456,0.4468027854819574,revision-added exploratory
bm25,866,364,R@5,0.46418723693550484,0.43339298133530785,0.49452141661582244,revision-added exploratory
bm25,866,364,R@10,0.6241679830305696,0.5937318086063494,0.6534854923046927,revision-added exploratory
bm25,866,364,Success@5,0.6501154734411085,0.6153823178016726,0.684271089118734,revision-added exploratory
bm25,866,364,Success@10,0.7967667436489607,0.76689957002457,0.8259358669254288,revision-added exploratory
bm25,866,364,RR@10,0.4111743465669563,0.3846459982603307,0.4383779263356071,revision-added exploratory
bm25,866,364,hit,0.6501154734411085,0.6153823178016726,0.684271089118734,revision-added exploratory
bm25,866,364,complete,0.5138568129330254,0.4797219003476246,0.5471031583264971,revision-added exploratory
bm25,866,364,union_complete,0.3348729792147806,0.3011006157523349,0.36811926605504586,revision-added exploratory
bm25,866,364,union_recall,0.46418723693550484,0.43339298133530785,0.49452141661582244,revision-added exploratory
bm25,866,364,max_recall,0.5685865007458542,0.5355146978502898,0.6002394779349076,revision-added exploratory
bm25,866,364,max_f1,0.2264889075512632,0.2132493726858689,0.2394860009500609,revision-added exploratory
bm25,866,364,union_f1,0.2279800993572542,0.21364726866319042,0.24247482818877972,revision-added exploratory
bm25,866,364,hit_without_complete,0.13625866050808313,0.11342592592592593,0.15957477343234727,revision-added exploratory
bm25,866,364,complete_without_union,0.1789838337182448,0.15366506444556974,0.20477846355071427,revision-added exploratory
tfidf,866,364,nDCG@10,0.42126026103798037,0.397588814676474,0.4445557923746985,revision-added exploratory
tfidf,866,364,R@5,0.4436687061975746,0.41368764280998327,0.47387360606246576,revision-added exploratory
tfidf,866,364,R@10,0.6206322962385319,0.5899558230397861,0.6509512373929908,revision-added exploratory
tfidf,866,364,Success@5,0.625866050808314,0.591115926059522,0.6601402339810207,revision-added exploratory
tfidf,866,364,Success@10,0.7967667436489607,0.7667047674872997,0.8253223915592028,revision-added exploratory
tfidf,866,364,RR@10,0.4103032552512922,0.38447122547023876,0.4362576160454712,revision-added exploratory
tfidf,866,364,hit,0.625866050808314,0.591115926059522,0.6601402339810207,revision-added exploratory
tfidf,866,364,complete,0.4896073903002309,0.45608097944514914,0.5230604943146541,revision-added exploratory
tfidf,866,364,union_complete,0.31524249422632794,0.28223803730738034,0.34782733489741924,revision-added exploratory
tfidf,866,364,union_recall,0.4436687061975746,0.41368764280998327,0.47387360606246576,revision-added exploratory
tfidf,866,364,max_recall,0.5432056428303541,0.5110379749996821,0.5756910246124791,revision-added exploratory
tfidf,866,364,max_f1,0.2181096104306266,0.2049024332193361,0.2312663706133966,revision-added exploratory
tfidf,866,364,union_f1,0.22000737967720785,0.20569242800658533,0.23440052077132909,revision-added exploratory
tfidf,866,364,hit_without_complete,0.13625866050808313,0.11329479768786127,0.15976438815421865,revision-added exploratory
tfidf,866,364,complete_without_union,0.17436489607390301,0.14874141876430205,0.2,revision-added exploratory
dense,866,364,nDCG@10,0.46699529036152687,0.44285405160296826,0.49123724833219234,revision-added exploratory
dense,866,364,R@5,0.48842478729892125,0.45789693931113357,0.5188767340281754,revision-added exploratory
dense,866,364,R@10,0.6755747428091539,0.647538276162949,0.7032670617991658,revision-added exploratory
dense,866,364,Success@5,0.6893764434180139,0.6564344746162928,0.7218939847694019,revision-added exploratory
dense,866,364,Success@10,0.8441108545034642,0.8190045248868778,0.8691162476209556,revision-added exploratory
dense,866,364,RR@10,0.4674039554235859,0.43947162228374026,0.49535623374970456,revision-added exploratory
dense,866,364,hit,0.6893764434180139,0.6564344746162928,0.7218939847694019,revision-added exploratory
dense,866,364,complete,0.5508083140877598,0.5154985382366518,0.5862866431774504,revision-added exploratory
dense,866,364,union_complete,0.3371824480369515,0.30317181671900656,0.371195051949854,revision-added exploratory
dense,866,364,union_recall,0.48842478729892125,0.45789693931113357,0.5188767340281754,revision-added exploratory
dense,866,364,max_recall,0.6096144681595027,0.5771253454878456,0.6418519629591847,revision-added exploratory
dense,866,364,max_f1,0.24705375219839784,0.23362004404418782,0.2608220699860452,revision-added exploratory
dense,866,364,union_f1,0.24499905146449166,0.230652431512339,0.25955560972715896,revision-added exploratory
dense,866,364,hit_without_complete,0.13856812933025403,0.11538461538461539,0.16213228534657104,revision-added exploratory
dense,866,364,complete_without_union,0.21362586605080833,0.18563484636781993,0.24324549549549548,revision-added exploratory
lead,866,364,nDCG@10,0.13851212247326408,0.1233735604420165,0.1544983151437936,revision-added exploratory
lead,866,364,R@5,0.1420405806664467,0.12171665311724718,0.16402518815723913,revision-added exploratory
lead,866,364,R@10,0.27323719711133104,0.24238489375458758,0.3058691809844333,revision-added exploratory
lead,866,364,Success@5,0.23672055427251731,0.20612206552448709,0.26852153188691646,revision-added exploratory
lead,866,364,Success@10,0.3903002309468822,0.3533249024625003,0.4279282995867154,revision-added exploratory
lead,866,364,RR@10,0.10798782946588951,0.09536957976645558,0.12127500158873655,revision-added exploratory
lead,866,364,hit,0.23672055427251731,0.20612206552448709,0.26852153188691646,revision-added exploratory
lead,866,364,complete,0.1812933025404157,0.15367702214174447,0.2109562084257206,revision-added exploratory
lead,866,364,union_complete,0.07390300230946882,0.05587892898719441,0.09277139485778164,revision-added exploratory
lead,866,364,union_recall,0.1420405806664467,0.12171665311724718,0.16402518815723913,revision-added exploratory
lead,866,364,max_recall,0.2053583060511467,0.17762360051698678,0.2348918199675558,revision-added exploratory
lead,866,364,max_f1,0.08133004408985933,0.07063374162705954,0.09262278715539093,revision-added exploratory
lead,866,364,union_f1,0.07467844541504441,0.06476362455059187,0.08532886371075983,revision-added exploratory
lead,866,364,hit_without_complete,0.05542725173210162,0.03968253968253968,0.07239316691347576,revision-added exploratory
lead,866,364,complete_without_union,0.10739030023094688,0.08484125729144705,0.13127910758162167,revision-added exploratory
random,866,364,nDCG@10,0.15522064878708514,0.13991370503739445,0.17096822919338875,revision-added exploratory
random,866,364,R@5,0.14024670159196717,0.12177336848739904,0.15981810408992883,revision-added exploratory
random,866,364,R@10,0.2828720644251822,0.25561754859356384,0.3109974547858246,revision-added exploratory
random,866,364,Success@5,0.26212471131639725,0.23379554473304476,0.2917656702025072,revision-added exploratory
random,866,364,Success@10,0.46420323325635104,0.4300572116238237,0.49942729504172806,revision-added exploratory
random,866,364,RR@10,0.15231909160892995,0.1351256208909956,0.17034499168147074,revision-added exploratory
random,866,364,hit,0.26212471131639725,0.23379554473304476,0.2917656702025072,revision-added exploratory
random,866,364,complete,0.1628175519630485,0.1377377999149766,0.18826469027815596,revision-added exploratory
random,866,364,union_complete,0.06697459584295612,0.050239094710012075,0.08482156191329579,revision-added exploratory
random,866,364,union_recall,0.14024670159196717,0.12177336848739904,0.15981810408992883,revision-added exploratory
random,866,364,max_recall,0.20046481937359534,0.1758933294880164,0.22646444297684812,revision-added exploratory
random,866,364,max_f1,0.0826820600492656,0.07329855591957127,0.09246190175814266,revision-added exploratory
random,866,364,union_f1,0.0749396758178817,0.06637212565172013,0.08382323517915669,revision-added exploratory
random,866,364,hit_without_complete,0.09930715935334873,0.07947019867549669,0.12061142829427819,revision-added exploratory
random,866,364,complete_without_union,0.09584295612009237,0.07593457943925233,0.11657243438629576,revision-added exploratory
