dataset,method,n,metric,mean,lo,hi,median,q25,q75,zero_fraction
qasper,bm25,875,depth_complete,11.29942857,10.24967997,12.41230383,5,2,14,0
qasper,bm25,875,depth_union,17.952,16.50050934,19.45462296,11,4,27,0
qasper,bm25,875,depth_penalty,6.652571429,5.68556158,7.695557871,0,0,7,0.5485714286
qasper,bm25,875,tokens_complete,980.648,901.6842924,1060.957738,510,209,1393.5,0
qasper,bm25,875,tokens_union,1521.529143,1410.231557,1635.052072,1116,375,2290.5,0
qasper,bm25,875,tokens_penalty,540.8811429,463.7449137,623.9772797,0,0,667,0.5485714286
qasper,tfidf,875,depth_complete,11.67771429,10.59075138,12.80931596,6,2,15,0
qasper,tfidf,875,depth_union,18.29142857,16.84738278,19.79844274,12,4,27,0
qasper,tfidf,875,depth_penalty,6.613714286,5.668530912,7.634419942,0,0,8,0.552
qasper,tfidf,875,tokens_complete,995.2628571,915.4845899,1077.041296,517,204.5,1466,0
qasper,tfidf,875,tokens_union,1536.142857,1425.073407,1651.536268,1176,374,2302.5,0
qasper,tfidf,875,tokens_penalty,540.88,463.733797,623.799212,0,0,661,0.552
qasper,dense,875,depth_complete,9.696,8.721420407,10.77155741,5,2,12,0
qasper,dense,875,depth_union,15.92,14.5902489,17.30426084,10,4,22,0
qasper,dense,875,depth_penalty,6.224,5.406274508,7.087669645,0,0,8,0.5337142857
qasper,dense,875,tokens_complete,740.8674286,677.0390977,808.2435012,372,150,963.5,0
qasper,dense,875,tokens_union,1250.146286,1152.956244,1348.001432,817,301.5,1855.5,0
qasper,dense,875,tokens_penalty,509.2788571,440.2799624,581.4176345,0,0,680,0.5337142857
qasper,lead,875,depth_complete,21.53485714,20.0835879,23.03945597,17,7,30,0
qasper,lead,875,depth_union,26.36571429,24.7379967,28.09662596,23,13,36.5,0
qasper,lead,875,depth_penalty,4.830857143,4.100438286,5.606651376,0,0,4,0.5691428571
qasper,lead,875,tokens_complete,1627.555429,1529.142878,1729.537635,1367,714.5,2208,0
qasper,lead,875,tokens_union,1981.260571,1868.826386,2101.301153,1769,1103.5,2506,0
qasper,lead,875,tokens_penalty,353.7051429,301.6476432,409.7841666,0,0,340,0.5691428571
qasper,random,875,depth_complete,23.55771429,21.74631546,25.59382516,18,9,32.5,0
qasper,random,875,depth_union,31.55771429,29.31437469,33.99093149,27,15,43,0
qasper,random,875,depth_penalty,8,6.925702605,9.157017953,0,0,11,0.5622857143
qasper,random,875,tokens_complete,1694.634286,1585.270924,1811.943449,1403,699.5,2326,0
qasper,random,875,tokens_union,2302.403429,2159.72709,2452.200615,2044,1156.5,3194,0
qasper,random,875,tokens_penalty,607.7691429,525.510592,694.9526682,0,0,874,0.5622857143
scifact,bm25,209,depth_complete,2.550239234,2.214990854,2.905948329,2,1,3,0
scifact,bm25,209,depth_union,4.56937799,3.97536641,5.220670799,3,2,6,0
scifact,bm25,209,depth_penalty,2.019138756,1.479581207,2.62847455,0,0,3,0.5933014354
scifact,bm25,209,tokens_complete,70.90909091,62.0334055,80.52582823,50,27,90,0
scifact,bm25,209,tokens_union,129.4497608,111.9947284,148.0880386,91,49,179,0
scifact,bm25,209,tokens_penalty,58.54066986,42.97600741,76.28047458,0,0,102,0.5933014354
scifact,tfidf,209,depth_complete,2.622009569,2.289992991,2.974874372,2,1,3,0
scifact,tfidf,209,depth_union,4.66507177,4.074244308,5.290190117,4,2,6,0
scifact,tfidf,209,depth_penalty,2.043062201,1.51206879,2.629268293,0,0,3,0.5933014354
scifact,tfidf,209,tokens_complete,71.94258373,62.73095016,81.71517857,53,27,91,0
scifact,tfidf,209,tokens_union,131.4401914,113.8722973,149.573691,93,52,171,0
scifact,tfidf,209,tokens_penalty,59.49760766,43.92889348,76.98830854,0,0,86,0.5933014354
scifact,dense,209,depth_complete,2.397129187,2.092920354,2.722235974,1,1,3,0
scifact,dense,209,depth_union,4.263157895,3.689108173,4.936651584,3,1,6,0
scifact,dense,209,depth_penalty,1.866028708,1.328767123,2.533663285,0,0,3,0.5933014354
scifact,dense,209,tokens_complete,69.63157895,59.89043998,80.41861573,46,27,90,0
scifact,dense,209,tokens_union,124.1866029,106.7796955,143.0803418,97,43,164,0
scifact,dense,209,tokens_penalty,54.55502392,39.36269089,72.67665694,0,0,82,0.5933014354
scifact,lead,209,depth_complete,6.004784689,5.517225037,6.504810049,5,4,8,0
scifact,lead,209,depth_union,7.727272727,6.903826531,8.65615666,6,4,11,0
scifact,lead,209,depth_penalty,1.722488038,1.101447606,2.587167786,0,0,2,0.5933014354
scifact,lead,209,tokens_complete,155.1626794,141.220428,169.7740651,126,90,201,0
scifact,lead,209,tokens_union,203.7942584,180.3250462,230.0350271,168,107,274,0
scifact,lead,209,tokens_penalty,48.63157895,31.02071487,72.70950126,0,0,62,0.5933014354
scifact,random,209,depth_complete,4.119617225,3.671713458,4.584122872,3,2,6,0
scifact,random,209,depth_union,6.172248804,5.460074803,6.935349389,6,3,8,0
scifact,random,209,depth_penalty,2.052631579,1.456407767,2.762135922,0,0,3,0.5933014354
scifact,random,209,tokens_complete,108.0717703,95.16912487,122.2898071,90,50,144,0
scifact,random,209,tokens_union,164.3253589,143.6414921,186.8538794,137,78,218,0
scifact,random,209,tokens_penalty,56.25358852,40.03121875,75.30373044,0,0,81,0.5933014354
