dataset,method,k,n,clusters,metric,mean,lo,hi
qasper,bm25,1,875,367,hit,0.2434285714,0.2137140534,0.2737366164
qasper,bm25,1,875,367,complete,0.176,0.15,0.2027180068
qasper,bm25,1,875,367,union_complete,0.088,0.06900452489,0.1080185847
qasper,bm25,1,875,367,hit_without_complete,0.06742857143,0.05052848611,0.08453878354
qasper,bm25,1,875,367,complete_without_union,0.088,0.0698733643,0.1070243637
qasper,bm25,1,875,367,max_recall,0.2025505669,0.1760956382,0.2296761064
qasper,bm25,1,875,367,union_recall,0.1483945991,0.1277192306,0.1698468531
qasper,bm25,1,875,367,max_f1,0.213107483,0.1861389173,0.2410150691
qasper,bm25,1,875,367,union_f1,0.1727002268,0.1501104804,0.1962205547
qasper,bm25,1,875,367,saturated_fraction,0,,
qasper,bm25,2,875,367,hit,0.408,0.3727374434,0.444447652
qasper,bm25,2,875,367,complete,0.3017142857,0.2705736033,0.3325714937
qasper,bm25,2,875,367,union_complete,0.1714285714,0.146452375,0.1967967943
qasper,bm25,2,875,367,hit_without_complete,0.1062857143,0.08622572113,0.126984581
qasper,bm25,2,875,367,complete_without_union,0.1302857143,0.1084732078,0.1530497757
qasper,bm25,2,875,367,max_recall,0.3447446014,0.3133839406,0.3763445792
qasper,bm25,2,875,367,union_recall,0.2660340548,0.2397808944,0.2927787796
qasper,bm25,2,875,367,max_f1,0.253713757,0.2314502085,0.2770544256
qasper,bm25,2,875,367,union_f1,0.2261975177,0.20514063,0.2478940679
qasper,bm25,2,875,367,saturated_fraction,0,,
qasper,bm25,3,875,367,hit,0.512,0.4767309875,0.5483521932
qasper,bm25,3,875,367,complete,0.3954285714,0.3621435674,0.4284237237
qasper,bm25,3,875,367,union_complete,0.2365714286,0.207653304,0.2664523091
qasper,bm25,3,875,367,hit_without_complete,0.1165714286,0.09523676212,0.1388888889
qasper,bm25,3,875,367,complete_without_union,0.1588571429,0.1337078652,0.1841524775
qasper,bm25,3,875,367,max_recall,0.4415336473,0.4089037956,0.4741960263
qasper,bm25,3,875,367,union_recall,0.3498580911,0.3212528621,0.3788898396
qasper,bm25,3,875,367,max_f1,0.251324891,0.2331463482,0.2699499076
qasper,bm25,3,875,367,union_f1,0.2387233801,0.220475231,0.2575045554
qasper,bm25,3,875,367,saturated_fraction,0,,
qasper,bm25,5,875,367,hit,0.6502857143,0.6156542056,0.6839145107
qasper,bm25,5,875,367,complete,0.5097142857,0.4750290038,0.543759365
qasper,bm25,5,875,367,union_complete,0.3314285714,0.2981394652,0.3647878589
qasper,bm25,5,875,367,hit_without_complete,0.1405714286,0.117310687,0.1642861364
qasper,bm25,5,875,367,complete_without_union,0.1782857143,0.1532433968,0.2037691402
qasper,bm25,5,875,367,max_recall,0.566417094,0.5331910616,0.599041912
qasper,bm25,5,875,367,union_recall,0.4620249845,0.4314438339,0.4919766771
qasper,bm25,5,875,367,max_f1,0.2268032983,0.2136272031,0.2397991607
qasper,bm25,5,875,367,union_f1,0.2281748437,0.213745899,0.2424079225
qasper,bm25,5,875,367,saturated_fraction,0,,
qasper,bm25,10,875,367,hit,0.7977142857,0.7687987778,0.826711223
qasper,bm25,10,875,367,complete,0.6708571429,0.6387614679,0.7031602709
qasper,bm25,10,875,367,union_complete,0.4777142857,0.4430654348,0.5136994138
qasper,bm25,10,875,367,hit_without_complete,0.1268571429,0.1047002598,0.1498258828
qasper,bm25,10,875,367,complete_without_union,0.1931428571,0.167591412,0.2186047815
qasper,bm25,10,875,367,max_recall,0.7259354614,0.697142272,0.7557257276
qasper,bm25,10,875,367,union_recall,0.6218078334,0.5922152991,0.651621644
qasper,bm25,10,875,367,max_f1,0.1761799478,0.1679572085,0.1847506442
qasper,bm25,10,875,367,union_f1,0.1915631659,0.1818484522,0.2014683377
qasper,bm25,10,875,367,saturated_fraction,0.002285714286,,
qasper,bm25,20,875,367,hit,0.9268571429,0.9074274996,0.944510071
qasper,bm25,20,875,367,complete,0.8342857143,0.8071994774,0.860544898
qasper,bm25,20,875,367,union_complete,0.6845714286,0.6501195215,0.71929928
qasper,bm25,20,875,367,hit_without_complete,0.09257142857,0.07262504416,0.1136107987
qasper,bm25,20,875,367,complete_without_union,0.1497142857,0.1245752144,0.175501065
qasper,bm25,20,875,367,max_recall,0.8752034188,0.8531110947,0.896228592
qasper,bm25,20,875,367,union_recall,0.8031907648,0.7788858932,0.8268663482
qasper,bm25,20,875,367,max_f1,0.1249898109,0.1196147862,0.130384713
qasper,bm25,20,875,367,union_f1,0.1468007259,0.140292744,0.153311938
qasper,bm25,20,875,367,saturated_fraction,0.05942857143,,
qasper,tfidf,1,875,367,hit,0.2582857143,0.2284321322,0.2893233485
qasper,tfidf,1,875,367,complete,0.184,0.1575169601,0.2117119811
qasper,tfidf,1,875,367,union_complete,0.1017142857,0.08172531215,0.1226731802
qasper,tfidf,1,875,367,hit_without_complete,0.07428571429,0.0558773046,0.09318181818
qasper,tfidf,1,875,367,complete_without_union,0.08228571429,0.06459323245,0.1013110846
qasper,tfidf,1,875,367,max_recall,0.2112680272,0.1848864294,0.2388159936
qasper,tfidf,1,875,367,union_recall,0.1602612657,0.1386920073,0.1826286012
qasper,tfidf,1,875,367,max_f1,0.2226054422,0.1959840426,0.2504606222
qasper,tfidf,1,875,367,union_f1,0.184370604,0.1612648118,0.2080603946
qasper,tfidf,1,875,367,saturated_fraction,0,,
qasper,tfidf,2,875,367,hit,0.3931428571,0.3596379786,0.4279279279
qasper,tfidf,2,875,367,complete,0.2937142857,0.2614867136,0.325472391
qasper,tfidf,2,875,367,union_complete,0.1645714286,0.1399081174,0.190191562
qasper,tfidf,2,875,367,hit_without_complete,0.09942857143,0.07977511853,0.1200453331
qasper,tfidf,2,875,367,complete_without_union,0.1291428571,0.1065478029,0.1530615095
qasper,tfidf,2,875,367,max_recall,0.3305115646,0.2993178219,0.3618910273
qasper,tfidf,2,875,367,union_recall,0.2541442589,0.2283766362,0.2805320214
qasper,tfidf,2,875,367,max_f1,0.2419786921,0.2200840613,0.2643791221
qasper,tfidf,2,875,367,union_f1,0.2146106696,0.1947129542,0.234892797
qasper,tfidf,2,875,367,saturated_fraction,0,,
qasper,tfidf,3,875,367,hit,0.4914285714,0.4572665293,0.5268459252
qasper,tfidf,3,875,367,complete,0.3794285714,0.3463740221,0.4125299429
qasper,tfidf,3,875,367,union_complete,0.232,0.2037252619,0.2609738223
qasper,tfidf,3,875,367,hit_without_complete,0.112,0.09008956994,0.1343975576
qasper,tfidf,3,875,367,complete_without_union,0.1474285714,0.1235687845,0.172170013
qasper,tfidf,3,875,367,max_recall,0.4221659166,0.3899811853,0.4541517251
qasper,tfidf,3,875,367,union_recall,0.335471243,0.3072794366,0.3633864059
qasper,tfidf,3,875,367,max_f1,0.2425653933,0.2248413336,0.260449358
qasper,tfidf,3,875,367,union_f1,0.2284937707,0.2110674683,0.2463463451
qasper,tfidf,3,875,367,saturated_fraction,0,,
qasper,tfidf,5,875,367,hit,0.6274285714,0.593711394,0.6617324592
qasper,tfidf,5,875,367,complete,0.4868571429,0.4533947066,0.5201422886
qasper,tfidf,5,875,367,union_complete,0.312,0.2792767023,0.3451841886
qasper,tfidf,5,875,367,hit_without_complete,0.1405714286,0.1176470588,0.1638799959
qasper,tfidf,5,875,367,complete_without_union,0.1748571429,0.149824379,0.1995491674
qasper,tfidf,5,875,367,max_recall,0.5424401535,0.5108463518,0.5741047841
qasper,tfidf,5,875,367,union_recall,0.4422317873,0.4123286201,0.4726029861
qasper,tfidf,5,875,367,max_f1,0.2191632494,0.2062428688,0.2324391393
qasper,tfidf,5,875,367,union_f1,0.2207666689,0.2064862376,0.2353726798
qasper,tfidf,5,875,367,saturated_fraction,0,,
qasper,tfidf,10,875,367,hit,0.7965714286,0.767122494,0.8255824299
qasper,tfidf,10,875,367,complete,0.6662857143,0.6331094255,0.6990093767
qasper,tfidf,10,875,367,union_complete,0.4731428571,0.4385564653,0.5090502868
qasper,tfidf,10,875,367,hit_without_complete,0.1302857143,0.1066513761,0.1555555556
qasper,tfidf,10,875,367,complete_without_union,0.1931428571,0.1668533035,0.22
qasper,tfidf,10,875,367,max_recall,0.7215255538,0.6914931635,0.7510166234
qasper,tfidf,10,875,367,union_recall,0.6183466089,0.5882918316,0.6490466846
qasper,tfidf,10,875,367,max_f1,0.1749512377,0.1666978,0.1833594955
qasper,tfidf,10,875,367,union_f1,0.1910667465,0.1814516893,0.2009730559
qasper,tfidf,10,875,367,saturated_fraction,0.002285714286,,
qasper,tfidf,20,875,367,hit,0.9291428571,0.9089820359,0.9474860335
qasper,tfidf,20,875,367,complete,0.8251428571,0.7966287374,0.8532742545
qasper,tfidf,20,875,367,union_complete,0.664,0.6287874394,0.6996467459
qasper,tfidf,20,875,367,hit_without_complete,0.104,0.08249721293,0.1263273119
qasper,tfidf,20,875,367,complete_without_union,0.1611428571,0.1350446429,0.1880644568
qasper,tfidf,20,875,367,max_recall,0.87205648,0.8487821579,0.8941486928
qasper,tfidf,20,875,367,union_recall,0.7949117708,0.7698172133,0.8193456228
qasper,tfidf,20,875,367,max_f1,0.1240259762,0.1187166884,0.1294547177
qasper,tfidf,20,875,367,union_f1,0.1453767931,0.1388601163,0.1519626569
qasper,tfidf,20,875,367,saturated_fraction,0.05942857143,,
qasper,dense,1,875,367,hit,0.3085714286,0.2775214422,0.3406991635
qasper,dense,1,875,367,complete,0.2045714286,0.1772115979,0.2325062898
qasper,dense,1,875,367,union_complete,0.1062857143,0.08527970089,0.1282633371
qasper,dense,1,875,367,hit_without_complete,0.104,0.08380520951,0.1248665115
qasper,dense,1,875,367,complete_without_union,0.09828571429,0.07859649159,0.118736542
qasper,dense,1,875,367,max_recall,0.2447455782,0.2174410431,0.2731975795
qasper,dense,1,875,367,union_recall,0.1801864358,0.1575731127,0.2037365008
qasper,dense,1,875,367,max_f1,0.2609533704,0.2330882109,0.2897256819
qasper,dense,1,875,367,union_f1,0.2114405277,0.1872244018,0.2366977598
qasper,dense,1,875,367,saturated_fraction,0,,
qasper,dense,2,875,367,hit,0.464,0.428736834,0.4982896237
qasper,dense,2,875,367,complete,0.3417142857,0.3098583408,0.3736144953
qasper,dense,2,875,367,union_complete,0.1805714286,0.1540338837,0.2080536913
qasper,dense,2,875,367,hit_without_complete,0.1222857143,0.09944118297,0.1461080579
qasper,dense,2,875,367,complete_without_union,0.1611428571,0.1365795724,0.1861520999
qasper,dense,2,875,367,max_recall,0.3888865515,0.3577949522,0.4198380434
qasper,dense,2,875,367,union_recall,0.2915724181,0.2650990218,0.3186114558
qasper,dense,2,875,367,max_f1,0.2878070501,0.2654994406,0.3097316161
qasper,dense,2,875,367,union_f1,0.2524321678,0.2316695436,0.2732673851
qasper,dense,2,875,367,saturated_fraction,0,,
qasper,dense,3,875,367,hit,0.5657142857,0.5310413746,0.599523242
qasper,dense,3,875,367,complete,0.432,0.3990928412,0.4644556238
qasper,dense,3,875,367,union_complete,0.2434285714,0.213800905,0.2739734048
qasper,dense,3,875,367,hit_without_complete,0.1337142857,0.111764367,0.1565128334
qasper,dense,3,875,367,complete_without_union,0.1885714286,0.1613636364,0.2163080408
qasper,dense,3,875,367,max_recall,0.4852584336,0.452985337,0.5168282717
qasper,dense,3,875,367,union_recall,0.3747728716,0.3465550812,0.4032915094
qasper,dense,3,875,367,max_f1,0.2808302627,0.2624922821,0.2988799874
qasper,dense,3,875,367,union_f1,0.2600653904,0.2421810501,0.2778621473
qasper,dense,3,875,367,saturated_fraction,0,,
qasper,dense,5,875,367,hit,0.6891428571,0.6570081152,0.7202822059
qasper,dense,5,875,367,complete,0.5485714286,0.5137293975,0.5825688073
qasper,dense,5,875,367,union_complete,0.3337142857,0.3003571617,0.3671879511
qasper,dense,5,875,367,hit_without_complete,0.1405714286,0.1179358282,0.1641146126
qasper,dense,5,875,367,complete_without_union,0.2148571429,0.1864988558,0.2434285714
qasper,dense,5,875,367,max_recall,0.6081278214,0.5762533783,0.6394134183
qasper,dense,5,875,367,union_recall,0.4863560915,0.4566338018,0.5164702253
qasper,dense,5,875,367,max_f1,0.2476219249,0.2343456571,0.2607461499
qasper,dense,5,875,367,union_f1,0.245413549,0.2314868222,0.2592223016
qasper,dense,5,875,367,saturated_fraction,0,,
qasper,dense,10,875,367,hit,0.8434285714,0.8176852842,0.8677130045
qasper,dense,10,875,367,complete,0.72,0.6895023572,0.75
qasper,dense,10,875,367,union_complete,0.5302857143,0.4955744821,0.5659101799
qasper,dense,10,875,367,hit_without_complete,0.1234285714,0.1012651108,0.1466516551
qasper,dense,10,875,367,complete_without_union,0.1897142857,0.164367417,0.2152781863
qasper,dense,10,875,367,max_recall,0.7725002268,0.7461691275,0.7983513154
qasper,dense,10,875,367,union_recall,0.6732382189,0.6457191988,0.7006288663
qasper,dense,10,875,367,max_f1,0.1906067564,0.1822888628,0.1990144997
qasper,dense,10,875,367,union_f1,0.2085925424,0.1990746656,0.2180440947
qasper,dense,10,875,367,saturated_fraction,0.002285714286,,
qasper,dense,20,875,367,hit,0.9508571429,0.9344257579,0.9658324069
qasper,dense,20,875,367,complete,0.8685714286,0.8438575395,0.8928987194
qasper,dense,20,875,367,union_complete,0.7234285714,0.6892523364,0.7579716837
qasper,dense,20,875,367,hit_without_complete,0.08228571429,0.06292906178,0.1025641026
qasper,dense,20,875,367,complete_without_union,0.1451428571,0.120467504,0.1698543097
qasper,dense,20,875,367,max_recall,0.9104848897,0.8921966969,0.9279465549
qasper,dense,20,875,367,union_recall,0.8416273758,0.8198326991,0.8632532915
qasper,dense,20,875,367,max_f1,0.1346484558,0.1291889929,0.1402146009
qasper,dense,20,875,367,union_f1,0.1556107433,0.1491156346,0.1622200117
qasper,dense,20,875,367,saturated_fraction,0.05942857143,,
qasper,lead,1,875,367,hit,0.02057142857,0.01137656428,0.031077179
qasper,lead,1,875,367,complete,0.01142857143,0.004716981132,0.01901589271
qasper,lead,1,875,367,union_complete,0.004571428571,0.001111111111,0.00937866354
qasper,lead,1,875,367,hit_without_complete,0.009142857143,0.00332216726,0.01698802398
qasper,lead,1,875,367,complete_without_union,0.006857142857,0.002239641657,0.01282051282
qasper,lead,1,875,367,max_recall,0.0148952381,0.007873035073,0.02292676309
qasper,lead,1,875,367,union_recall,0.01001088435,0.005067451996,0.01575619091
qasper,lead,1,875,367,max_f1,0.01638095238,0.008883661119,0.02479039925
qasper,lead,1,875,367,union_f1,0.01251428571,0.006670393731,0.01913129711
qasper,lead,1,875,367,saturated_fraction,0,,
qasper,lead,2,875,367,hit,0.06285714286,0.04653802497,0.08059066932
qasper,lead,2,875,367,complete,0.04228571429,0.02870799664,0.05714285714
qasper,lead,2,875,367,union_complete,0.01828571429,0.01011235955,0.02774887347
qasper,lead,2,875,367,hit_without_complete,0.02057142857,0.01140250855,0.03110047847
qasper,lead,2,875,367,complete_without_union,0.024,0.01371428571,0.03575547866
qasper,lead,2,875,367,max_recall,0.05116190476,0.03689939503,0.06643361359
qasper,lead,2,875,367,union_recall,0.03498684807,0.02505660812,0.04587881623
qasper,lead,2,875,367,max_f1,0.03806098439,0.0278775833,0.04892859684
qasper,lead,2,875,367,union_f1,0.0310841961,0.02270376468,0.04000216675
qasper,lead,2,875,367,saturated_fraction,0,,
qasper,lead,3,875,367,hit,0.1211428571,0.09931487076,0.1445783133
qasper,lead,3,875,367,complete,0.08685714286,0.06806252529,0.1071448726
qasper,lead,3,875,367,union_complete,0.032,0.02068927995,0.04457831325
qasper,lead,3,875,367,hit_without_complete,0.03428571429,0.02249718785,0.04730490791
qasper,lead,3,875,367,complete_without_union,0.05485714286,0.03923896786,0.072131702
qasper,lead,3,875,367,max_recall,0.101432967,0.08207377576,0.1222991319
qasper,lead,3,875,367,union_recall,0.06797188209,0.0542562147,0.08274635364
qasper,lead,3,875,367,max_f1,0.05807528345,0.04748692152,0.06952578356
qasper,lead,3,875,367,union_f1,0.04977185541,0.04069471454,0.05978479168
qasper,lead,3,875,367,saturated_fraction,0,,
qasper,lead,5,875,367,hit,0.2342857143,0.2043954141,0.2653066912
qasper,lead,5,875,367,complete,0.1794285714,0.1521978089,0.2078384798
qasper,lead,5,875,367,union_complete,0.07314285714,0.05579744814,0.09192825112
qasper,lead,5,875,367,hit_without_complete,0.05485714286,0.03960368039,0.07246417844
qasper,lead,5,875,367,complete_without_union,0.1062857143,0.08417480452,0.1293417552
qasper,lead,5,875,367,max_recall,0.2032460492,0.1756079195,0.2315432972
qasper,lead,5,875,367,union_recall,0.1405795918,0.1203553504,0.1616565092
qasper,lead,5,875,367,max_f1,0.08049350649,0.06980254627,0.09154740299
qasper,lead,5,875,367,union_f1,0.07391032426,0.06402658603,0.08411389553
qasper,lead,5,875,367,saturated_fraction,0,,
qasper,lead,10,875,367,hit,0.3897142857,0.3537562205,0.4264372076
qasper,lead,10,875,367,complete,0.3142857143,0.2782302683,0.351064131
qasper,lead,10,875,367,union_complete,0.1771428571,0.1477945636,0.2087545
qasper,lead,10,875,367,hit_without_complete,0.07542857143,0.05861121758,0.0935334873
qasper,lead,10,875,367,complete_without_union,0.1371428571,0.1132497435,0.1623222749
qasper,lead,10,875,367,max_recall,0.3488205128,0.3137653826,0.3842634078
qasper,lead,10,875,367,union_recall,0.2724267574,0.2423581899,0.3039229498
qasper,lead,10,875,367,max_f1,0.08473797199,0.0759203942,0.09389476257
qasper,lead,10,875,367,union_f1,0.08911749824,0.07940778714,0.09909613424
qasper,lead,10,875,367,saturated_fraction,0.002285714286,,
qasper,lead,20,875,367,hit,0.624,0.5856473554,0.6633490326
qasper,lead,20,875,367,complete,0.5657142857,0.525852338,0.6070635373
qasper,lead,20,875,367,union_complete,0.4365714286,0.3956164348,0.4797297297
qasper,lead,20,875,367,hit_without_complete,0.05828571429,0.04284067509,0.07428588275
qasper,lead,20,875,367,complete_without_union,0.1291428571,0.1052048086,0.1534217837
qasper,lead,20,875,367,max_recall,0.595376135,0.5565859745,0.6355460155
qasper,lead,20,875,367,union_recall,0.5288587095,0.4905841231,0.5691846868
qasper,lead,20,875,367,max_f1,0.09163467813,0.0841011881,0.09955176759
qasper,lead,20,875,367,union_f1,0.104388658,0.09560655016,0.113581492
qasper,lead,20,875,367,saturated_fraction,0.05942857143,,
qasper,random,1,875,367,hit,0.06171428571,0.04669703872,0.0778926916
qasper,random,1,875,367,complete,0.03085714286,0.01997591207,0.04255377218
qasper,random,1,875,367,union_complete,0.01371428571,0.00681798834,0.02161547213
qasper,random,1,875,367,hit_without_complete,0.03085714286,0.01949541284,0.04322429907
qasper,random,1,875,367,complete_without_union,0.01714285714,0.0092272203,0.02607709751
qasper,random,1,875,367,max_recall,0.04003212977,0.02891751772,0.05227304071
qasper,random,1,875,367,union_recall,0.02843224078,0.02012465317,0.0373416455
qasper,random,1,875,367,max_f1,0.04451791383,0.03286958883,0.05735542893
qasper,random,1,875,367,union_f1,0.03525623583,0.02586633876,0.04538156208
qasper,random,1,875,367,saturated_fraction,0,,
qasper,random,2,875,367,hit,0.1188571429,0.0974242478,0.1406761178
qasper,random,2,875,367,complete,0.06285714286,0.0458812531,0.08069792803
qasper,random,2,875,367,union_complete,0.02628571429,0.01660699383,0.03695150115
qasper,random,2,875,367,hit_without_complete,0.056,0.04086209317,0.07239858012
qasper,random,2,875,367,complete_without_union,0.03657142857,0.02391799544,0.05005564899
qasper,random,2,875,367,max_recall,0.08259759288,0.06542221493,0.1008029949
qasper,random,2,875,367,union_recall,0.05774335189,0.04522179992,0.0706685545
qasper,random,2,875,367,max_f1,0.06518820862,0.05270717593,0.07801640938
qasper,random,2,875,367,union_f1,0.05410895137,0.04364077782,0.06508678963
qasper,random,2,875,367,saturated_fraction,0,,
qasper,random,3,875,367,hit,0.1714285714,0.1454347098,0.197987134
qasper,random,3,875,367,complete,0.09828571429,0.0772888025,0.1200453681
qasper,random,3,875,367,union_complete,0.03771428571,0.02453254748,0.0515698353
qasper,random,3,875,367,hit_without_complete,0.07314285714,0.05592822766,0.09173352875
qasper,random,3,875,367,complete_without_union,0.06057142857,0.04426787741,0.07744894466
qasper,random,3,875,367,max_recall,0.1243281354,0.1029328224,0.146502674
qasper,random,3,875,367,union_recall,0.08468802309,0.06927182447,0.1007827143
qasper,random,3,875,367,max_f1,0.07537372152,0.06350884029,0.08755822838
qasper,random,3,875,367,union_f1,0.06451437414,0.05418056652,0.07525557211
qasper,random,3,875,367,saturated_fraction,0,,
qasper,random,5,875,367,hit,0.2662857143,0.2379385042,0.2959304563
qasper,random,5,875,367,complete,0.1611428571,0.1363127835,0.1866515837
qasper,random,5,875,367,union_complete,0.06628571429,0.0496054115,0.08361213461
qasper,random,5,875,367,hit_without_complete,0.1051428571,0.08425720621,0.127251446
qasper,random,5,875,367,complete_without_union,0.09485714286,0.07520540963,0.115340286
qasper,random,5,875,367,max_recall,0.2006314669,0.1758997412,0.2259746039
qasper,random,5,875,367,union_recall,0.1407343228,0.1222834578,0.1596459651
qasper,random,5,875,367,max_f1,0.08389120086,0.07454958824,0.09365689661
qasper,random,5,875,367,union_f1,0.07612541277,0.06752414873,0.08513236116
qasper,random,5,875,367,saturated_fraction,0,,
qasper,random,10,875,367,hit,0.4662857143,0.4327547221,0.5
qasper,random,10,875,367,complete,0.3051428571,0.2723110802,0.3388240156
qasper,random,10,875,367,union_complete,0.16,0.1338401738,0.1872836103
qasper,random,10,875,367,hit_without_complete,0.1611428571,0.1358560862,0.187943476
qasper,random,10,875,367,complete_without_union,0.1451428571,0.121342739,0.1695511848
qasper,random,10,875,367,max_recall,0.3715742543,0.3397575685,0.4034589739
qasper,random,10,875,367,union_recall,0.2829910946,0.256369351,0.3100461559
qasper,random,10,875,367,max_f1,0.09255472491,0.08507353632,0.1003174716
qasper,random,10,875,367,union_f1,0.09237748165,0.08461699892,0.1004522383
qasper,random,10,875,367,saturated_fraction,0.002285714286,,
qasper,random,20,875,367,hit,0.7131428571,0.679156444,0.7462888585
qasper,random,20,875,367,complete,0.5542857143,0.5147028794,0.5939268032
qasper,random,20,875,367,union_complete,0.3668571429,0.3261332436,0.4078958249
qasper,random,20,875,367,hit_without_complete,0.1588571429,0.1337142857,0.1852678571
qasper,random,20,875,367,complete_without_union,0.1874285714,0.1609699483,0.2150170648
qasper,random,20,875,367,max_recall,0.6260020931,0.5902910753,0.6615752433
qasper,random,20,875,367,union_recall,0.5283920429,0.4933318374,0.5630336466
qasper,random,20,875,367,max_f1,0.09255138609,0.08645833105,0.0986420439
qasper,random,20,875,367,union_f1,0.1021320984,0.09509542573,0.1092869268
qasper,random,20,875,367,saturated_fraction,0.05942857143,,
scifact,bm25,1,209,164,hit,0.5071770335,0.4312796209,0.5804878049
scifact,bm25,1,209,164,complete,0.4688995215,0.3908629442,0.5441176471
scifact,bm25,1,209,164,union_complete,0.2392344498,0.1783991075,0.3041474654
scifact,bm25,1,209,164,hit_without_complete,0.03827751196,0.01442307692,0.06701030928
scifact,bm25,1,209,164,complete_without_union,0.2296650718,0.1658980715,0.2933383085
scifact,bm25,1,209,164,max_recall,0.4872408293,0.4111084142,0.5610334449
scifact,bm25,1,209,164,union_recall,0.3474481659,0.2852936417,0.409954206
scifact,bm25,1,209,164,max_f1,0.4936204147,0.4179101414,0.5669646334
scifact,bm25,1,209,164,union_f1,0.3910002278,0.3258330399,0.4554716988
scifact,bm25,1,209,164,saturated_fraction,0,,
scifact,bm25,2,209,164,hit,0.7177033493,0.65,0.7822268519
scifact,bm25,2,209,164,complete,0.6698564593,0.5989834143,0.7377799353
scifact,bm25,2,209,164,union_complete,0.4019138756,0.3317073171,0.4731707317
scifact,bm25,2,209,164,hit_without_complete,0.04784688995,0.02138980301,0.08000471698
scifact,bm25,2,209,164,complete_without_union,0.2679425837,0.202020202,0.3333333333
scifact,bm25,2,209,164,max_recall,0.6929824561,0.6249946581,0.7579927088
scifact,bm25,2,209,164,union_recall,0.5381977671,0.4749216897,0.600413489
scifact,bm25,2,209,164,max_f1,0.474800638,0.4292478046,0.5185700526
scifact,bm25,2,209,164,union_f1,0.4360674413,0.3910504188,0.4807227043
scifact,bm25,2,209,164,saturated_fraction,0,,
scifact,bm25,3,209,164,hit,0.8373205742,0.7819101685,0.8888888889
scifact,bm25,3,209,164,complete,0.7942583732,0.7359286939,0.8486238532
scifact,bm25,3,209,164,union_complete,0.5167464115,0.4471153846,0.5879697712
scifact,bm25,3,209,164,hit_without_complete,0.04306220096,0.01834862385,0.07246376812
scifact,bm25,3,209,164,complete_without_union,0.2775119617,0.2119775942,0.3429951691
scifact,bm25,3,209,164,max_recall,0.8149920255,0.7590868506,0.8665192539
scifact,bm25,3,209,164,union_recall,0.6763157895,0.6207500123,0.7301781042
scifact,bm25,3,209,164,max_f1,0.4212121212,0.3924458945,0.4478790013
scifact,bm25,3,209,164,union_f1,0.4344003949,0.4021876289,0.4644523866
scifact,bm25,3,209,164,saturated_fraction,0,,
scifact,bm25,5,209,164,hit,0.9138755981,0.8712871287,0.9523809524
scifact,bm25,5,209,164,complete,0.8899521531,0.8435977069,0.9322916667
scifact,bm25,5,209,164,union_complete,0.6602870813,0.5902439024,0.7289742645
scifact,bm25,5,209,164,hit_without_complete,0.02392344498,0.004901960784,0.04608294931
scifact,bm25,5,209,164,complete_without_union,0.2296650718,0.1702074468,0.2907488987
scifact,bm25,5,209,164,max_recall,0.9003189793,0.8565886814,0.9394711492
scifact,bm25,5,209,164,union_recall,0.7951355662,0.7464738036,0.840839078
scifact,bm25,5,209,164,max_f1,0.3212576897,0.3040011273,0.3379450007
scifact,bm25,5,209,164,union_f1,0.3728991901,0.348921713,0.3970176602
scifact,bm25,5,209,164,saturated_fraction,0.03827751196,,
scifact,bm25,10,209,164,hit,0.985645933,0.9675925926,1
scifact,bm25,10,209,164,complete,0.980861244,0.9611603126,0.9954133677
scifact,bm25,10,209,164,union_complete,0.9138755981,0.8695603212,0.9545454545
scifact,bm25,10,209,164,hit_without_complete,0.004784688995,0,0.01485148515
scifact,bm25,10,209,164,complete_without_union,0.06698564593,0.02955302811,0.1089108911
scifact,bm25,10,209,164,max_recall,0.9832535885,0.965,0.9975961538
scifact,bm25,10,209,164,union_recall,0.9577352472,0.9340442338,0.9789604962
scifact,bm25,10,209,164,max_f1,0.2507162959,0.2363694925,0.2657906321
scifact,bm25,10,209,164,union_f1,0.3320357341,0.3122891114,0.3534657304
scifact,bm25,10,209,164,saturated_fraction,0.5980861244,,
scifact,bm25,20,209,164,hit,1,1,1
scifact,bm25,20,209,164,complete,1,1,1
scifact,bm25,20,209,164,union_complete,0.990430622,0.9698492462,1
scifact,bm25,20,209,164,hit_without_complete,0,0,0
scifact,bm25,20,209,164,complete_without_union,0.00956937799,0,0.03015075377
scifact,bm25,20,209,164,max_recall,1,1,1
scifact,bm25,20,209,164,union_recall,0.9976076555,0.9924623116,1
scifact,bm25,20,209,164,max_f1,0.2385504879,0.2227458048,0.2552157672
scifact,bm25,20,209,164,union_f1,0.3218909579,0.301220537,0.3444503435
scifact,bm25,20,209,164,saturated_fraction,0.971291866,,
scifact,tfidf,1,209,164,hit,0.5023923445,0.43,0.5727272727
scifact,tfidf,1,209,164,complete,0.4688995215,0.395,0.5392156863
scifact,tfidf,1,209,164,union_complete,0.2392344498,0.1784037559,0.3055555556
scifact,tfidf,1,209,164,hit_without_complete,0.03349282297,0.01005025126,0.06018809324
scifact,tfidf,1,209,164,complete_without_union,0.2296650718,0.1682681075,0.2909090909
scifact,tfidf,1,209,164,max_recall,0.485645933,0.4133663366,0.5552763819
scifact,tfidf,1,209,164,union_recall,0.3454545455,0.2858774684,0.4065253247
scifact,tfidf,1,209,164,max_f1,0.4912280702,0.4187192118,0.5606758833
scifact,tfidf,1,209,164,union_f1,0.3882889041,0.3265457,0.4507391175
scifact,tfidf,1,209,164,saturated_fraction,0,,
scifact,tfidf,2,209,164,hit,0.6937799043,0.6267281106,0.7584541063
scifact,tfidf,2,209,164,complete,0.6555023923,0.5857142857,0.7209358229
scifact,tfidf,2,209,164,union_complete,0.3875598086,0.3192488263,0.4587672444
scifact,tfidf,2,209,164,hit_without_complete,0.03827751196,0.01449275362,0.06730769231
scifact,tfidf,2,209,164,complete_without_union,0.2679425837,0.2028301887,0.3348421479
scifact,tfidf,2,209,164,max_recall,0.6746411483,0.608245564,0.7391330352
scifact,tfidf,2,209,164,union_recall,0.5214513557,0.4596443406,0.5825781266
scifact,tfidf,2,209,164,max_f1,0.4609250399,0.4158876668,0.5048315042
scifact,tfidf,2,209,164,union_f1,0.4209159262,0.3765349943,0.4641534261
scifact,tfidf,2,209,164,saturated_fraction,0,,
scifact,tfidf,3,209,164,hit,0.7990430622,0.7405660377,0.8538812785
scifact,tfidf,3,209,164,complete,0.7607655502,0.6990740741,0.8181818182
scifact,tfidf,3,209,164,union_complete,0.4880382775,0.4156350414,0.5614035088
scifact,tfidf,3,209,164,hit_without_complete,0.03827751196,0.01428571429,0.06701030928
scifact,tfidf,3,209,164,complete_without_union,0.2727272727,0.2061816816,0.3412322275
scifact,tfidf,3,209,164,max_recall,0.7791068581,0.7205876256,0.8333333333
scifact,tfidf,3,209,164,union_recall,0.6392344498,0.5807632212,0.6952041231
scifact,tfidf,3,209,164,max_f1,0.4025518341,0.3725777414,0.4313642988
scifact,tfidf,3,209,164,union_f1,0.4099301284,0.3767487308,0.4418151669
scifact,tfidf,3,209,164,saturated_fraction,0,,
scifact,tfidf,5,209,164,hit,0.9282296651,0.8878923767,0.9633507853
scifact,tfidf,5,209,164,complete,0.9043062201,0.8599033816,0.9439311637
scifact,tfidf,5,209,164,union_complete,0.6602870813,0.5906976744,0.7298578199
scifact,tfidf,5,209,164,hit_without_complete,0.02392344498,0.004925504685,0.04651162791
scifact,tfidf,5,209,164,complete_without_union,0.2440191388,0.1818181818,0.3068796165
scifact,tfidf,5,209,164,max_recall,0.9154704944,0.8743715372,0.9520440252
scifact,tfidf,5,209,164,union_recall,0.8015151515,0.7555784662,0.8465986818
scifact,tfidf,5,209,164,max_f1,0.3254158123,0.3088858418,0.3416362782
scifact,tfidf,5,209,164,union_f1,0.3729371638,0.3512993855,0.3952752351
scifact,tfidf,5,209,164,saturated_fraction,0.03827751196,,
scifact,tfidf,10,209,164,hit,0.985645933,0.9675925926,1
scifact,tfidf,10,209,164,complete,0.980861244,0.9611603126,0.9954133677
scifact,tfidf,10,209,164,union_complete,0.9043062201,0.8584894891,0.9466083908
scifact,tfidf,10,209,164,hit_without_complete,0.004784688995,0,0.01485148515
scifact,tfidf,10,209,164,complete_without_union,0.07655502392,0.03669604688,0.1209302326
scifact,tfidf,10,209,164,max_recall,0.9832535885,0.965,0.9975961538
scifact,tfidf,10,209,164,union_recall,0.9529505582,0.9281739418,0.9749589491
scifact,tfidf,10,209,164,max_f1,0.2507162959,0.2363694925,0.2657906321
scifact,tfidf,10,209,164,union_f1,0.3304408377,0.3106080144,0.3518883432
scifact,tfidf,10,209,164,saturated_fraction,0.5980861244,,
scifact,tfidf,20,209,164,hit,1,1,1
scifact,tfidf,20,209,164,complete,1,1,1
scifact,tfidf,20,209,164,union_complete,0.990430622,0.9698492462,1
scifact,tfidf,20,209,164,hit_without_complete,0,0,0
scifact,tfidf,20,209,164,complete_without_union,0.00956937799,0,0.03015075377
scifact,tfidf,20,209,164,max_recall,1,1,1
scifact,tfidf,20,209,164,union_recall,0.9976076555,0.9924623116,1
scifact,tfidf,20,209,164,max_f1,0.2385504879,0.2227458048,0.2552157672
scifact,tfidf,20,209,164,union_f1,0.3218909579,0.301220537,0.3444503435
scifact,tfidf,20,209,164,saturated_fraction,0.971291866,,
scifact,dense,1,209,164,hit,0.5550239234,0.4827586207,0.625
scifact,dense,1,209,164,complete,0.5119617225,0.4371859296,0.5821611894
scifact,dense,1,209,164,union_complete,0.2870813397,0.2202601016,0.3540669856
scifact,dense,1,209,164,hit_without_complete,0.04306220096,0.01834862385,0.07327642625
scifact,dense,1,209,164,complete_without_union,0.2248803828,0.1628959276,0.2863441129
scifact,dense,1,209,164,max_recall,0.5318979266,0.4591828398,0.6010802469
scifact,dense,1,209,164,union_recall,0.3925039872,0.329244298,0.4543920166
scifact,dense,1,209,164,max_f1,0.5390749601,0.4663380521,0.6079939846
scifact,dense,1,209,164,union_f1,0.436135794,0.372515894,0.4977646993
scifact,dense,1,209,164,saturated_fraction,0,,
scifact,dense,2,209,164,hit,0.7368421053,0.6697247706,0.7991266376
scifact,dense,2,209,164,complete,0.6889952153,0.618350812,0.7548076923
scifact,dense,2,209,164,union_complete,0.3971291866,0.3298941654,0.4663461538
scifact,dense,2,209,164,hit_without_complete,0.04784688995,0.0206159133,0.07920792079
scifact,dense,2,209,164,complete_without_union,0.2918660287,0.2233478928,0.3619047619
scifact,dense,2,209,164,max_recall,0.711323764,0.6430974378,0.774113722
scifact,dense,2,209,164,union_recall,0.5457735247,0.4852016516,0.6042908919
scifact,dense,2,209,164,max_f1,0.483891547,0.4391646574,0.525263529
scifact,dense,2,209,164,union_f1,0.4406926407,0.3986708618,0.4814817311
scifact,dense,2,209,164,saturated_fraction,0,,
scifact,dense,3,209,164,hit,0.8229665072,0.7661638615,0.8755980861
scifact,dense,3,209,164,complete,0.7846889952,0.7236180905,0.8425531915
scifact,dense,3,209,164,union_complete,0.5071770335,0.4347826087,0.578680203
scifact,dense,3,209,164,hit_without_complete,0.03827751196,0.01449275362,0.06607929515
scifact,dense,3,209,164,complete_without_union,0.2775119617,0.2107843137,0.3461538462
scifact,dense,3,209,164,max_recall,0.8038277512,0.7463054187,0.8579379252
scifact,dense,3,209,164,union_recall,0.6607655502,0.6042644588,0.7161470058
scifact,dense,3,209,164,max_f1,0.4157894737,0.3863036304,0.4436732515
scifact,dense,3,209,164,union_f1,0.429197995,0.3954918228,0.4610521703
scifact,dense,3,209,164,saturated_fraction,0,,
scifact,dense,5,209,164,hit,0.9186602871,0.8775510204,0.9547738693
scifact,dense,5,209,164,complete,0.8947368421,0.848779463,0.9377990431
scifact,dense,5,209,164,union_complete,0.6937799043,0.6296296296,0.7587973349
scifact,dense,5,209,164,hit_without_complete,0.02392344498,0.004926108374,0.04672897196
scifact,dense,5,209,164,complete_without_union,0.2009569378,0.1435897436,0.2588843818
scifact,dense,5,209,164,max_recall,0.9074960128,0.8653846154,0.9460784314
scifact,dense,5,209,164,union_recall,0.8214513557,0.7776433607,0.8642000085
scifact,dense,5,209,164,max_f1,0.3216564138,0.3056472918,0.3371911435
scifact,dense,5,209,164,union_f1,0.3929078896,0.3674761177,0.4195296329
scifact,dense,5,209,164,saturated_fraction,0.03827751196,,
scifact,dense,10,209,164,hit,0.995215311,0.9853658537,1
scifact,dense,10,209,164,complete,0.995215311,0.9853658537,1
scifact,dense,10,209,164,union_complete,0.95215311,0.919047619,0.980861244
scifact,dense,10,209,164,hit_without_complete,0,0,0
scifact,dense,10,209,164,complete_without_union,0.04306220096,0.01499813433,0.07582938389
scifact,dense,10,209,164,max_recall,0.995215311,0.9853658537,1
scifact,dense,10,209,164,union_recall,0.9768740032,0.9583288627,0.992464539
scifact,dense,10,209,164,max_f1,0.253253631,0.238952931,0.2683475946
scifact,dense,10,209,164,union_f1,0.338873394,0.3186150663,0.3605345979
scifact,dense,10,209,164,saturated_fraction,0.5980861244,,
scifact,dense,20,209,164,hit,1,1,1
scifact,dense,20,209,164,complete,1,1,1
scifact,dense,20,209,164,union_complete,0.990430622,0.9698492462,1
scifact,dense,20,209,164,hit_without_complete,0,0,0
scifact,dense,20,209,164,complete_without_union,0.00956937799,0,0.03015075377
scifact,dense,20,209,164,max_recall,1,1,1
scifact,dense,20,209,164,union_recall,0.9976076555,0.9924623116,1
scifact,dense,20,209,164,max_f1,0.2385504879,0.2227458048,0.2552157672
scifact,dense,20,209,164,union_f1,0.3218909579,0.301220537,0.3444503435
scifact,dense,20,209,164,saturated_fraction,0.971291866,,
scifact,lead,1,209,164,hit,0.05741626794,0.02450980392,0.09500056561
scifact,lead,1,209,164,complete,0.05263157895,0.02040816327,0.08955223881
scifact,lead,1,209,164,union_complete,0.03349282297,0.00956937799,0.06310679612
scifact,lead,1,209,164,hit_without_complete,0.004784688995,0,0.01546391753
scifact,lead,1,209,164,complete_without_union,0.01913875598,0,0.04444444444
scifact,lead,1,209,164,max_recall,0.05422647528,0.02222222222,0.09090909091
scifact,lead,1,209,164,union_recall,0.04226475279,0.01645128156,0.07295875042
scifact,lead,1,209,164,max_f1,0.05502392344,0.02304147465,0.09174311927
scifact,lead,1,209,164,union_f1,0.04602415129,0.01895641402,0.07794403457
scifact,lead,1,209,164,saturated_fraction,0,,
scifact,lead,2,209,164,hit,0.1483253589,0.09743589744,0.2048780488
scifact,lead,2,209,164,complete,0.1291866029,0.08205128205,0.1809954751
scifact,lead,2,209,164,union_complete,0.07655502392,0.03864682466,0.1203703704
scifact,lead,2,209,164,hit_without_complete,0.01913875598,0,0.04568527919
scifact,lead,2,209,164,complete_without_union,0.05263157895,0.02336176918,0.08673469388
scifact,lead,2,209,164,max_recall,0.1379585327,0.09052332608,0.1901429958
scifact,lead,2,209,164,union_recall,0.1046251994,0.0652173913,0.15
scifact,lead,2,209,164,max_f1,0.095215311,0.06264812327,0.1311341461
scifact,lead,2,209,164,union_f1,0.08254727728,0.05364423577,0.1148733313
scifact,lead,2,209,164,saturated_fraction,0,,
scifact,lead,3,209,164,hit,0.2631578947,0.2019230769,0.33
scifact,lead,3,209,164,complete,0.2200956938,0.1623001274,0.282515941
scifact,lead,3,209,164,union_complete,0.1387559809,0.09004620853,0.1940298507
scifact,lead,3,209,164,hit_without_complete,0.04306220096,0.01477832512,0.07692307692
scifact,lead,3,209,164,complete_without_union,0.08133971292,0.04265150751,0.1261682243
scifact,lead,3,209,164,max_recall,0.2408293461,0.1830194324,0.3038277512
scifact,lead,3,209,164,union_recall,0.1875598086,0.1388861789,0.2419336982
scifact,lead,3,209,164,max_f1,0.126953748,0.09724738934,0.1593651978
scifact,lead,3,209,164,union_f1,0.1191577428,0.09033929835,0.1508436059
scifact,lead,3,209,164,saturated_fraction,0,,
scifact,lead,5,209,164,hit,0.5693779904,0.4924603984,0.6486519446
scifact,lead,5,209,164,complete,0.5454545455,0.4681818182,0.6261682243
scifact,lead,5,209,164,union_complete,0.4162679426,0.3408071749,0.495
scifact,lead,5,209,164,hit_without_complete,0.02392344498,0.004807692308,0.04761904762
scifact,lead,5,209,164,complete_without_union,0.1291866029,0.07575757576,0.1886792453
scifact,lead,5,209,164,max_recall,0.5566188198,0.4798221906,0.636233205
scifact,lead,5,209,164,union_recall,0.4853269537,0.413641978,0.560004065
scifact,lead,5,209,164,max_f1,0.2043745728,0.1754178499,0.2342207763
scifact,lead,5,209,164,union_f1,0.2141534967,0.1833077197,0.2466804361
scifact,lead,5,209,164,saturated_fraction,0.03827751196,,
scifact,lead,10,209,164,hit,0.8899521531,0.8444418239,0.9317073171
scifact,lead,10,209,164,complete,0.8803827751,0.8317307692,0.9252336449
scifact,lead,10,209,164,union_complete,0.7416267943,0.6698564593,0.8078817734
scifact,lead,10,209,164,hit_without_complete,0.00956937799,0,0.02451282237
scifact,lead,10,209,164,complete_without_union,0.1387559809,0.08899973088,0.1913875598
scifact,lead,10,209,164,max_recall,0.8851674641,0.8381625259,0.9279069767
scifact,lead,10,209,164,union_recall,0.8149920255,0.7603125424,0.8664350049
scifact,lead,10,209,164,max_f1,0.2325199787,0.2142515492,0.2510046405
scifact,lead,10,209,164,union_f1,0.2885720207,0.2628810282,0.3153753773
scifact,lead,10,209,164,saturated_fraction,0.5980861244,,
scifact,lead,20,209,164,hit,1,1,1
scifact,lead,20,209,164,complete,1,1,1
scifact,lead,20,209,164,union_complete,0.985645933,0.9619047619,1
scifact,lead,20,209,164,hit_without_complete,0,0,0
scifact,lead,20,209,164,complete_without_union,0.01435406699,0,0.0380952381
scifact,lead,20,209,164,max_recall,1,1,1
scifact,lead,20,209,164,union_recall,0.9960127592,0.9898274289,1
scifact,lead,20,209,164,max_f1,0.2385504879,0.2227458048,0.2552157672
scifact,lead,20,209,164,union_f1,0.321474898,0.3004750003,0.3441662534
scifact,lead,20,209,164,saturated_fraction,0.971291866,,
scifact,random,1,209,164,hit,0.2440191388,0.1846153846,0.3033175355
scifact,random,1,209,164,complete,0.1866028708,0.133640553,0.2425742574
scifact,random,1,209,164,union_complete,0.0956937799,0.05853658537,0.1370558376
scifact,random,1,209,164,hit_without_complete,0.05741626794,0.02790374677,0.09045226131
scifact,random,1,209,164,complete_without_union,0.09090909091,0.05092592593,0.1365853659
scifact,random,1,209,164,max_recall,0.2137161085,0.1598157734,0.2693522907
scifact,random,1,209,164,union_recall,0.1523125997,0.1121206353,0.1947353132
scifact,random,1,209,164,max_f1,0.2232854864,0.1675570181,0.2796769744
scifact,random,1,209,164,union_f1,0.176167692,0.1325027894,0.2215652647
scifact,random,1,209,164,saturated_fraction,0,,
scifact,random,2,209,164,hit,0.4593301435,0.391959799,0.5273631841
scifact,random,2,209,164,complete,0.3923444976,0.3269207317,0.4600959741
scifact,random,2,209,164,union_complete,0.2153110048,0.1603727789,0.2723111396
scifact,random,2,209,164,hit_without_complete,0.06698564593,0.03271028037,0.1060606061
scifact,random,2,209,164,complete_without_union,0.1770334928,0.1196172249,0.2376248724
scifact,random,2,209,164,max_recall,0.4258373206,0.3616501038,0.4912291145
scifact,random,2,209,164,union_recall,0.3193779904,0.267310789,0.3725266362
scifact,random,2,209,164,max_f1,0.2960127592,0.2523584714,0.3403174603
scifact,random,2,209,164,union_f1,0.2600478469,0.2213691902,0.2997681899
scifact,random,2,209,164,saturated_fraction,0,,
scifact,random,3,209,164,hit,0.6172248804,0.555,0.6789504284
scifact,random,3,209,164,complete,0.5454545455,0.4784636988,0.6100917431
scifact,random,3,209,164,union_complete,0.3157894737,0.2536585366,0.3793103448
scifact,random,3,209,164,hit_without_complete,0.07177033493,0.03669724771,0.112244898
scifact,random,3,209,164,complete_without_union,0.2296650718,0.1690140845,0.2898586957
scifact,random,3,209,164,max_recall,0.5829346093,0.5217373188,0.6439769269
scifact,random,3,209,164,union_recall,0.4507177033,0.3969098082,0.5055292259
scifact,random,3,209,164,max_f1,0.3039872408,0.2729262031,0.3348640827
scifact,random,3,209,164,union_f1,0.2899787347,0.2589834123,0.3210760641
scifact,random,3,209,164,saturated_fraction,0,,
scifact,random,5,209,164,hit,0.7703349282,0.7122641509,0.8275903316
scifact,random,5,209,164,complete,0.7320574163,0.671641791,0.7916666667
scifact,random,5,209,164,union_complete,0.4976076555,0.4285714286,0.568187799
scifact,random,5,209,164,hit_without_complete,0.03827751196,0.01421800948,0.06730769231
scifact,random,5,209,164,complete_without_union,0.2344497608,0.1756097561,0.2957746479
scifact,random,5,209,164,max_recall,0.7519936204,0.6945773525,0.808847305
scifact,random,5,209,164,union_recall,0.6342902711,0.5795472502,0.6909792935
scifact,random,5,209,164,max_f1,0.2695944406,0.2487680187,0.2904419423
scifact,random,5,209,164,union_f1,0.3032926669,0.2769434791,0.3295258627
scifact,random,5,209,164,saturated_fraction,0.03827751196,,
scifact,random,10,209,164,hit,0.961722488,0.9317073171,0.9863636364
scifact,random,10,209,164,complete,0.956937799,0.9253731343,0.9849246231
scifact,random,10,209,164,union_complete,0.8660287081,0.8118221131,0.9170984456
scifact,random,10,209,164,hit_without_complete,0.004784688995,0,0.015625
scifact,random,10,209,164,complete_without_union,0.09090909091,0.0502283105,0.1359233947
scifact,random,10,209,164,max_recall,0.9593301435,0.9289336991,0.985438652
scifact,random,10,209,164,union_recall,0.9142743222,0.8773576924,0.9484496124
scifact,random,10,209,164,max_f1,0.2456416258,0.2302559554,0.2615478725
scifact,random,10,209,164,union_f1,0.3190411529,0.2977356378,0.341617131
scifact,random,10,209,164,saturated_fraction,0.5980861244,,
scifact,random,20,209,164,hit,0.995215311,0.9846153846,1
scifact,random,20,209,164,complete,0.995215311,0.9846153846,1
scifact,random,20,209,164,union_complete,0.985645933,0.961352657,1
scifact,random,20,209,164,hit_without_complete,0,0,0
scifact,random,20,209,164,complete_without_union,0.00956937799,0,0.03015075377
scifact,random,20,209,164,max_recall,0.995215311,0.9846153846,1
scifact,random,20,209,164,union_recall,0.990430622,0.9753694581,1
scifact,random,20,209,164,max_f1,0.2380948032,0.2222390926,0.2547265006
scifact,random,20,209,164,union_f1,0.3206378251,0.2996808768,0.3435469987
scifact,random,20,209,164,saturated_fraction,0.971291866,,
