dataset,method,n,clusters,k,variant,status,metric,mean,lo,hi
qasper,bm25,195,149,5,joint_agreement_minimal,exploratory post-main,hit,0.5743589744,0.5073891626,0.6402162014
qasper,bm25,195,149,5,joint_agreement_minimal,exploratory post-main,complete,0.5230769231,0.4532693016,0.5921801269
qasper,bm25,195,149,5,joint_agreement_minimal,exploratory post-main,union_complete,0.441025641,0.3692307692,0.5106411576
qasper,bm25,195,149,5,joint_agreement_minimal,exploratory post-main,hit_without_complete,0.05128205128,0.02380670278,0.08466468254
qasper,bm25,195,149,5,joint_agreement_minimal,exploratory post-main,complete_without_union,0.08205128205,0.045,0.1243781095
qasper,tfidf,195,149,5,joint_agreement_minimal,exploratory post-main,hit,0.5846153846,0.5172413793,0.6509433962
qasper,tfidf,195,149,5,joint_agreement_minimal,exploratory post-main,complete,0.5282051282,0.4611398964,0.5940629933
qasper,tfidf,195,149,5,joint_agreement_minimal,exploratory post-main,union_complete,0.4564102564,0.3862319716,0.5257731959
qasper,tfidf,195,149,5,joint_agreement_minimal,exploratory post-main,hit_without_complete,0.05641025641,0.02590673575,0.09045285954
qasper,tfidf,195,149,5,joint_agreement_minimal,exploratory post-main,complete_without_union,0.07179487179,0.03645833333,0.1116511015
qasper,dense,195,149,5,joint_agreement_minimal,exploratory post-main,hit,0.641025641,0.5714285714,0.707766513
qasper,dense,195,149,5,joint_agreement_minimal,exploratory post-main,complete,0.5794871795,0.5081967213,0.6492146597
qasper,dense,195,149,5,joint_agreement_minimal,exploratory post-main,union_complete,0.4769230769,0.4032236953,0.5512195122
qasper,dense,195,149,5,joint_agreement_minimal,exploratory post-main,hit_without_complete,0.06153846154,0.03015075377,0.09782608696
qasper,dense,195,149,5,joint_agreement_minimal,exploratory post-main,complete_without_union,0.1025641026,0.06091370558,0.1477876495
scifact,bm25,209,164,3,joint_agreement_minimal,exploratory post-main,hit,0.8373205742,0.7819101685,0.8888888889
scifact,bm25,209,164,3,joint_agreement_minimal,exploratory post-main,complete,0.7942583732,0.7359286939,0.8486238532
scifact,bm25,209,164,3,joint_agreement_minimal,exploratory post-main,union_complete,0.5167464115,0.4471153846,0.5879697712
scifact,bm25,209,164,3,joint_agreement_minimal,exploratory post-main,hit_without_complete,0.04306220096,0.01834862385,0.07246376812
scifact,bm25,209,164,3,joint_agreement_minimal,exploratory post-main,complete_without_union,0.2775119617,0.2119775942,0.3429951691
scifact,tfidf,209,164,3,joint_agreement_minimal,exploratory post-main,hit,0.7990430622,0.7405660377,0.8538812785
scifact,tfidf,209,164,3,joint_agreement_minimal,exploratory post-main,complete,0.7607655502,0.6990740741,0.8181818182
scifact,tfidf,209,164,3,joint_agreement_minimal,exploratory post-main,union_complete,0.4880382775,0.4156350414,0.5614035088
scifact,tfidf,209,164,3,joint_agreement_minimal,exploratory post-main,hit_without_complete,0.03827751196,0.01428571429,0.06701030928
scifact,tfidf,209,164,3,joint_agreement_minimal,exploratory post-main,complete_without_union,0.2727272727,0.2061816816,0.3412322275
scifact,dense,209,164,3,joint_agreement_minimal,exploratory post-main,hit,0.8229665072,0.7661638615,0.8755980861
scifact,dense,209,164,3,joint_agreement_minimal,exploratory post-main,complete,0.7846889952,0.7236180905,0.8425531915
scifact,dense,209,164,3,joint_agreement_minimal,exploratory post-main,union_complete,0.5071770335,0.4347826087,0.578680203
scifact,dense,209,164,3,joint_agreement_minimal,exploratory post-main,hit_without_complete,0.03827751196,0.01449275362,0.06607929515
scifact,dense,209,164,3,joint_agreement_minimal,exploratory post-main,complete_without_union,0.2775119617,0.2107843137,0.3461538462
