dataset,method,variant,n,k,metric,mean,lo,hi
qasper,bm25,answer_agreement,195,5,complete,0.5230769231,0.4532693016,0.5921801269
qasper,bm25,answer_agreement,195,5,hit_without_complete,0.09230769231,0.05527568783,0.1354166667
qasper,bm25,answer_agreement,195,5,complete_without_union,0.1230769231,0.07804878049,0.170984456
qasper,bm25,no_gold_truncation,750,5,complete,0.5026666667,0.464673913,0.5393548387
qasper,bm25,no_gold_truncation,750,5,hit_without_complete,0.136,0.1119997365,0.1606432155
qasper,bm25,no_gold_truncation,750,5,complete_without_union,0.168,0.1410779603,0.1957397192
qasper,bm25,minimal_reference_pruning,875,5,complete,0.5097142857,0.4750290038,0.543759365
qasper,bm25,minimal_reference_pruning,875,5,hit_without_complete,0.09485714286,0.07517065672,0.1156069364
qasper,bm25,minimal_reference_pruning,875,5,complete_without_union,0.1177142857,0.09688483899,0.1388262463
qasper,tfidf,answer_agreement,195,5,complete,0.5282051282,0.4611398964,0.5940629933
qasper,tfidf,answer_agreement,195,5,hit_without_complete,0.1025641026,0.06282722513,0.1467391304
qasper,tfidf,answer_agreement,195,5,complete_without_union,0.1128205128,0.07,0.1595744681
qasper,tfidf,no_gold_truncation,750,5,complete,0.4853333333,0.4490059467,0.5213793103
qasper,tfidf,no_gold_truncation,750,5,hit_without_complete,0.1346666667,0.1103324597,0.1596644155
qasper,tfidf,no_gold_truncation,750,5,complete_without_union,0.1693333333,0.1424766977,0.1973346405
qasper,tfidf,minimal_reference_pruning,875,5,complete,0.4868571429,0.4533947066,0.5201422886
qasper,tfidf,minimal_reference_pruning,875,5,hit_without_complete,0.096,0.07656612529,0.1164615967
qasper,tfidf,minimal_reference_pruning,875,5,complete_without_union,0.1177142857,0.09688018426,0.1389831507
qasper,dense,answer_agreement,195,5,complete,0.5794871795,0.5081967213,0.6492146597
qasper,dense,answer_agreement,195,5,hit_without_complete,0.08205128205,0.04591836735,0.1219512195
qasper,dense,answer_agreement,195,5,complete_without_union,0.1846153846,0.1308900524,0.2421052632
qasper,dense,no_gold_truncation,750,5,complete,0.5506666667,0.5133326996,0.5889655172
qasper,dense,no_gold_truncation,750,5,hit_without_complete,0.1386666667,0.1144736842,0.1639784946
qasper,dense,no_gold_truncation,750,5,complete_without_union,0.204,0.1736909323,0.2341284529
qasper,dense,minimal_reference_pruning,875,5,complete,0.5485714286,0.5137293975,0.5825688073
qasper,dense,minimal_reference_pruning,875,5,hit_without_complete,0.1028571429,0.08225082427,0.124413282
qasper,dense,minimal_reference_pruning,875,5,complete_without_union,0.1382857143,0.1151577748,0.1621302111
scifact,bm25,answer_agreement,209,3,complete,0.7942583732,0.7359286939,0.8486238532
scifact,bm25,answer_agreement,209,3,hit_without_complete,0.04306220096,0.01834862385,0.07246376812
scifact,bm25,answer_agreement,209,3,complete_without_union,0.2775119617,0.2119775942,0.3429951691
scifact,bm25,no_gold_truncation,209,3,complete,0.7942583732,0.7359286939,0.8486238532
scifact,bm25,no_gold_truncation,209,3,hit_without_complete,0.04306220096,0.01834862385,0.07246376812
scifact,bm25,no_gold_truncation,209,3,complete_without_union,0.2775119617,0.2119775942,0.3429951691
scifact,bm25,minimal_reference_pruning,209,3,complete,0.7942583732,0.7359286939,0.8486238532
scifact,bm25,minimal_reference_pruning,209,3,hit_without_complete,0.04306220096,0.01834862385,0.07246376812
scifact,bm25,minimal_reference_pruning,209,3,complete_without_union,0.2775119617,0.2119775942,0.3429951691
scifact,tfidf,answer_agreement,209,3,complete,0.7607655502,0.6990740741,0.8181818182
scifact,tfidf,answer_agreement,209,3,hit_without_complete,0.03827751196,0.01428571429,0.06701030928
scifact,tfidf,answer_agreement,209,3,complete_without_union,0.2727272727,0.2061816816,0.3412322275
scifact,tfidf,no_gold_truncation,209,3,complete,0.7607655502,0.6990740741,0.8181818182
scifact,tfidf,no_gold_truncation,209,3,hit_without_complete,0.03827751196,0.01428571429,0.06701030928
scifact,tfidf,no_gold_truncation,209,3,complete_without_union,0.2727272727,0.2061816816,0.3412322275
scifact,tfidf,minimal_reference_pruning,209,3,complete,0.7607655502,0.6990740741,0.8181818182
scifact,tfidf,minimal_reference_pruning,209,3,hit_without_complete,0.03827751196,0.01428571429,0.06701030928
scifact,tfidf,minimal_reference_pruning,209,3,complete_without_union,0.2727272727,0.2061816816,0.3412322275
scifact,dense,answer_agreement,209,3,complete,0.7846889952,0.7236180905,0.8425531915
scifact,dense,answer_agreement,209,3,hit_without_complete,0.03827751196,0.01449275362,0.06607929515
scifact,dense,answer_agreement,209,3,complete_without_union,0.2775119617,0.2107843137,0.3461538462
scifact,dense,no_gold_truncation,209,3,complete,0.7846889952,0.7236180905,0.8425531915
scifact,dense,no_gold_truncation,209,3,hit_without_complete,0.03827751196,0.01449275362,0.06607929515
scifact,dense,no_gold_truncation,209,3,complete_without_union,0.2775119617,0.2107843137,0.3461538462
scifact,dense,minimal_reference_pruning,209,3,complete,0.7846889952,0.7236180905,0.8425531915
scifact,dense,minimal_reference_pruning,209,3,hit_without_complete,0.03827751196,0.01449275362,0.06607929515
scifact,dense,minimal_reference_pruning,209,3,complete_without_union,0.2775119617,0.2107843137,0.3461538462
