dataset,variable,n,mean,median,counts
qasper,n_references,875,2.434285714,2,"{""1"": 20, ""2"": 506, ""3"": 306, ""4"": 37, ""5"": 4, ""6"": 2}"
qasper,n_distinct_sets,875,1.645714286,2,"{""1"": 403, ""2"": 387, ""3"": 78, ""4"": 6, ""5"": 1}"
qasper,n_minimal_sets,875,1.355428571,1,"{""1"": 590, ""2"": 259, ""3"": 26}"
qasper,union_size,875,2.364571429,2,"{""1"": 351, ""2"": 271, ""3"": 96, ""4"": 59, ""5"": 41, ""6"": 17, ""7"": 16, ""8"": 9, ""9"": 6, ""10"": 3, ""11"": 2, ""12"": 1, ""14"": 2, ""15"": 1}"
qasper,min_set_size,875,1.314285714,1,"{""1"": 748, ""2"": 69, ""3"": 19, ""4"": 19, ""5"": 9, ""6"": 5, ""7"": 1, ""9"": 4, ""13"": 1}"
qasper,max_set_size,875,1.966857143,1,"{""1"": 497, ""2"": 200, ""3"": 68, ""4"": 43, ""5"": 29, ""6"": 12, ""7"": 9, ""8"": 6, ""9"": 3, ""10"": 4, ""11"": 1, ""13"": 1, ""14"": 1, ""15"": 1}"
qasper,union_to_min_size,875,1.930835304,1.5,"{""1.0"": 403, ""1.0769230769230769"": 1, ""1.1111111111111112"": 1, ""1.1428571428571428"": 1, ""1.1666666666666667"": 1, ""1.2"": 1, ""1.25"": 7, ""1.3333333333333333"": 5, ""1.4"": 3, ""1.5"": 16, ""1.6666666666666667"": 5, ""1.75"": 2, ""1.8333333333333333"": 1, ""2.0"": 253, ""2.3333333333333335"": 2, ""2.5"": 7, ""2.6666666666666665"": 1, ""3.0"": 81, ""3.5"": 2, ""3.6666666666666665"": 1, ""4.0"": 39, ""5.0"": 18, ""6.0"": 6, ""7.0"": 6, ""8.0"": 5, ""9.0"": 4, ""10.0"": 1, ""14.0"": 1, ""15.0"": 1}"
qasper,has_alternatives,875,0.3257142857,0,"{""0"": 590, ""1"": 285}"
qasper,has_compound_requirement,875,0.1451428571,0,"{""0"": 748, ""1"": 127}"
qasper,answer_agreement,875,0.2228571429,,"{""false"": 680, ""true"": 195}"
qasper,units_per_item,875,47.55542857,45,
qasper,any_gold_truncated,875,0.1428571429,,
scifact,n_references,209,1.61722488,1,"{""1"": 124, ""2"": 54, ""3"": 21, ""4"": 8, ""5"": 1, ""6"": 1}"
scifact,n_distinct_sets,209,1.61722488,1,"{""1"": 124, ""2"": 54, ""3"": 21, ""4"": 8, ""5"": 1, ""6"": 1}"
scifact,n_minimal_sets,209,1.61722488,1,"{""1"": 124, ""2"": 54, ""3"": 21, ""4"": 8, ""5"": 1, ""6"": 1}"
scifact,union_size,209,1.751196172,1,"{""1"": 111, ""2"": 57, ""3"": 26, ""4"": 13, ""5"": 1, ""6"": 1}"
scifact,min_set_size,209,1.076555024,1,"{""1"": 195, ""2"": 12, ""3"": 2}"
scifact,max_set_size,209,1.129186603,1,"{""1"": 185, ""2"": 21, ""3"": 3}"
scifact,union_to_min_size,209,1.669856459,1,"{""1.0"": 124, ""2.0"": 47, ""3.0"": 24, ""4.0"": 12, ""5.0"": 1, ""6.0"": 1}"
scifact,has_alternatives,209,0.4066985646,0,"{""0"": 124, ""1"": 85}"
scifact,has_compound_requirement,209,0.06698564593,0,"{""0"": 195, ""1"": 14}"
scifact,answer_agreement,209,1,,"{""true"": 209}"
scifact,units_per_item,209,9.717703349,8,
scifact,any_gold_truncated,209,0,,
