dataset,method,lexical_token_budget,n,metric,mean,lo,hi
qasper,bm25,64,875,hit,0.07314285714,0.05524239008,0.09243769426
qasper,bm25,64,875,complete,0.03771428571,0.02534562212,0.05088853276
qasper,bm25,64,875,union_complete,0.01714285714,0.009237875289,0.02590196328
qasper,bm25,64,875,hit_without_complete,0.03542857143,0.02235277686,0.04942528736
qasper,bm25,64,875,complete_without_union,0.02057142857,0.01197568977,0.03023516237
qasper,bm25,128,875,hit,0.2102857143,0.1808029329,0.2408256881
qasper,bm25,128,875,complete,0.1531428571,0.1284916201,0.178129653
qasper,bm25,128,875,union_complete,0.07657142857,0.05875440658,0.09555555556
qasper,bm25,128,875,hit_without_complete,0.05714285714,0.04222176631,0.07325581395
qasper,bm25,128,875,complete_without_union,0.07657142857,0.06004618938,0.09364984437
qasper,bm25,256,875,hit,0.408,0.3716704561,0.4448199159
qasper,bm25,256,875,complete,0.3028571429,0.2706998254,0.3351534422
qasper,bm25,256,875,union_complete,0.1817142857,0.1548311991,0.2094600182
qasper,bm25,256,875,hit_without_complete,0.1051428571,0.08455427112,0.1266123393
qasper,bm25,256,875,complete_without_union,0.1211428571,0.1,0.1428611333
qasper,bm25,512,875,hit,0.6297142857,0.5942524276,0.6651270208
qasper,bm25,512,875,complete,0.5017142857,0.466744424,0.5356356528
qasper,bm25,512,875,union_complete,0.3142857143,0.2812139554,0.3472226137
qasper,bm25,512,875,hit_without_complete,0.128,0.1060070671,0.1516211952
qasper,bm25,512,875,complete_without_union,0.1874285714,0.1614699332,0.2136263827
qasper,bm25,1024,875,hit,0.7965714286,0.7664802855,0.8256666712
qasper,bm25,1024,875,complete,0.672,0.6392694064,0.703271028
qasper,bm25,1024,875,union_complete,0.4777142857,0.4419133778,0.5130833536
qasper,bm25,1024,875,hit_without_complete,0.1245714286,0.1026830068,0.1471917158
qasper,bm25,1024,875,complete_without_union,0.1942857143,0.1684328355,0.2206736353
qasper,bm25,2048,875,hit,0.9417142857,0.9244182907,0.9579073617
qasper,bm25,2048,875,complete,0.8502857143,0.8244009538,0.8755765881
qasper,bm25,2048,875,union_complete,0.712,0.6790953883,0.7451681728
qasper,bm25,2048,875,hit_without_complete,0.09142857143,0.07175398633,0.1124011443
qasper,bm25,2048,875,complete_without_union,0.1382857143,0.1144508671,0.1626297578
qasper,tfidf,64,875,hit,0.09142857143,0.07110596537,0.1128496034
qasper,tfidf,64,875,complete,0.04342857143,0.03023509727,0.05756207675
qasper,tfidf,64,875,union_complete,0.02057142857,0.01196172249,0.03010101265
qasper,tfidf,64,875,hit_without_complete,0.048,0.03294081779,0.06404494382
qasper,tfidf,64,875,complete_without_union,0.02285714286,0.01355932203,0.03286384977
qasper,tfidf,128,875,hit,0.2148571429,0.1862518332,0.2438480851
qasper,tfidf,128,875,complete,0.1485714286,0.124004322,0.174202137
qasper,tfidf,128,875,union_complete,0.08228571429,0.06418889353,0.101863575
qasper,tfidf,128,875,hit_without_complete,0.06628571429,0.04929577465,0.08411242636
qasper,tfidf,128,875,complete_without_union,0.06628571429,0.05032822757,0.08266383259
qasper,tfidf,256,875,hit,0.4057142857,0.3718809636,0.4410743881
qasper,tfidf,256,875,complete,0.304,0.2710967287,0.3362184664
qasper,tfidf,256,875,union_complete,0.1782857143,0.1517461602,0.20612549
qasper,tfidf,256,875,hit_without_complete,0.1017142857,0.08073160783,0.1229508197
qasper,tfidf,256,875,complete_without_union,0.1257142857,0.1031485079,0.1488174195
qasper,tfidf,512,875,hit,0.6217142857,0.5872483221,0.6574851289
qasper,tfidf,512,875,complete,0.4948571429,0.4609101517,0.5288900463
qasper,tfidf,512,875,union_complete,0.3131428571,0.2810297123,0.345857205
qasper,tfidf,512,875,hit_without_complete,0.1268571429,0.1047406247,0.1495972382
qasper,tfidf,512,875,complete_without_union,0.1817142857,0.1562491405,0.2075688073
qasper,tfidf,1024,875,hit,0.7954285714,0.7670911843,0.8233961259
qasper,tfidf,1024,875,complete,0.6685714286,0.6360580378,0.701021549
qasper,tfidf,1024,875,union_complete,0.4708571429,0.434927607,0.5074984226
qasper,tfidf,1024,875,hit_without_complete,0.1268571429,0.1038806063,0.151338766
qasper,tfidf,1024,875,complete_without_union,0.1977142857,0.1710074935,0.2244655915
qasper,tfidf,2048,875,hit,0.944,0.9254723967,0.9603267211
qasper,tfidf,2048,875,complete,0.8468571429,0.8208286674,0.8723903912
qasper,tfidf,2048,875,union_complete,0.7062857143,0.6714443682,0.7416866476
qasper,tfidf,2048,875,hit_without_complete,0.09714285714,0.07717750827,0.1178415024
qasper,tfidf,2048,875,complete_without_union,0.1405714286,0.1156004489,0.166852089
qasper,dense,64,875,hit,0.1291428571,0.1045446448,0.1540203851
qasper,dense,64,875,complete,0.06285714286,0.04618892131,0.08046040376
qasper,dense,64,875,union_complete,0.02971428571,0.01901532784,0.04129533464
qasper,dense,64,875,hit_without_complete,0.06628571429,0.04952830189,0.08429561201
qasper,dense,64,875,complete_without_union,0.03314285714,0.02205049282,0.04484490454
qasper,dense,128,875,hit,0.328,0.2933615341,0.3625280501
qasper,dense,128,875,complete,0.2137142857,0.1831452992,0.2440143625
qasper,dense,128,875,union_complete,0.112,0.08967995425,0.1349766909
qasper,dense,128,875,hit_without_complete,0.1142857143,0.09296725158,0.1367323291
qasper,dense,128,875,complete_without_union,0.1017142857,0.08060747664,0.1232880586
qasper,dense,256,875,hit,0.52,0.4845702381,0.5553048035
qasper,dense,256,875,complete,0.3897142857,0.3558757329,0.4230780347
qasper,dense,256,875,union_complete,0.2205714286,0.1915393655,0.2505776389
qasper,dense,256,875,hit_without_complete,0.1302857143,0.1079545455,0.1540179854
qasper,dense,256,875,complete_without_union,0.1691428571,0.1436915888,0.1956521739
qasper,dense,512,875,hit,0.7222857143,0.6899557073,0.7536415021
qasper,dense,512,875,complete,0.5897142857,0.5550650254,0.6241303268
qasper,dense,512,875,union_complete,0.3668571429,0.3318379259,0.4026548673
qasper,dense,512,875,hit_without_complete,0.1325714286,0.109877285,0.1563226795
qasper,dense,512,875,complete_without_union,0.2228571429,0.1938895417,0.252784907
qasper,dense,1024,875,hit,0.8788571429,0.8561643836,0.9010480384
qasper,dense,1024,875,complete,0.7645714286,0.7361111111,0.7932643068
qasper,dense,1024,875,union_complete,0.5794285714,0.5444438117,0.615473475
qasper,dense,1024,875,hit_without_complete,0.1142857143,0.09248505424,0.1369714281
qasper,dense,1024,875,complete_without_union,0.1851428571,0.160304887,0.2109466408
qasper,dense,2048,875,hit,0.9691428571,0.9544923805,0.9818388195
qasper,dense,2048,875,complete,0.904,0.8817327063,0.9257990868
qasper,dense,2048,875,union_complete,0.7805714286,0.7491485976,0.8118715134
qasper,dense,2048,875,hit_without_complete,0.06514285714,0.04789719626,0.08287292818
qasper,dense,2048,875,complete_without_union,0.1234285714,0.09954724946,0.1478875242
qasper,lead,64,875,hit,0.001142857143,0,0.003554607782
qasper,lead,64,875,complete,0.001142857143,0,0.003554607782
qasper,lead,64,875,union_complete,0.001142857143,0,0.003554607782
qasper,lead,64,875,hit_without_complete,0,0,0
qasper,lead,64,875,complete_without_union,0,0,0
qasper,lead,128,875,hit,0.01257142857,0.005760368664,0.02050708152
qasper,lead,128,875,complete,0.008,0.002355712603,0.0144766147
qasper,lead,128,875,union_complete,0.002285714286,0,0.005847953216
qasper,lead,128,875,hit_without_complete,0.004571428571,0.00110619469,0.009335161779
qasper,lead,128,875,complete_without_union,0.005714285714,0.001145475372,0.01141552511
qasper,lead,256,875,hit,0.05485714286,0.03976530731,0.07078651685
qasper,lead,256,875,complete,0.03885714286,0.02595896865,0.05295627671
qasper,lead,256,875,union_complete,0.016,0.008139298544,0.02505694761
qasper,lead,256,875,hit_without_complete,0.016,0.00799086758,0.0253164557
qasper,lead,256,875,complete_without_union,0.02285714286,0.01289550497,0.03406622461
qasper,lead,512,875,hit,0.2091428571,0.1805535849,0.2390300231
qasper,lead,512,875,complete,0.1588571429,0.1330260107,0.1860471753
qasper,lead,512,875,union_complete,0.06857142857,0.05125284738,0.08763518891
qasper,lead,512,875,hit_without_complete,0.05028571429,0.03591470258,0.06600686854
qasper,lead,512,875,complete_without_union,0.09028571429,0.07075407539,0.1111111111
qasper,lead,1024,875,hit,0.4342857143,0.3949086263,0.4734242721
qasper,lead,1024,875,complete,0.368,0.3302746997,0.405964387
qasper,lead,1024,875,union_complete,0.2194285714,0.1857798165,0.2550790068
qasper,lead,1024,875,hit_without_complete,0.06628571429,0.05029905902,0.08343481475
qasper,lead,1024,875,complete_without_union,0.1485714286,0.1239766082,0.1741717514
qasper,lead,2048,875,hit,0.752,0.7152771893,0.7878457693
qasper,lead,2048,875,complete,0.704,0.6651464406,0.7422482959
qasper,lead,2048,875,union_complete,0.6011428571,0.5575406342,0.644796852
qasper,lead,2048,875,hit_without_complete,0.048,0.03460107952,0.06213381459
qasper,lead,2048,875,complete_without_union,0.1028571429,0.08027433665,0.1265678449
qasper,random,64,875,hit,0.024,0.01447527141,0.03456331181
qasper,random,64,875,complete,0.005714285714,0.001154734411,0.01122397579
qasper,random,64,875,union_complete,0.002285714286,0,0.005813953488
qasper,random,64,875,hit_without_complete,0.01828571429,0.009977827051,0.02761811061
qasper,random,64,875,complete_without_union,0.003428571429,0,0.007891770011
qasper,random,128,875,hit,0.07428571429,0.05810055866,0.09101002008
qasper,random,128,875,complete,0.03085714286,0.01974391052,0.04274540466
qasper,random,128,875,union_complete,0.01142857143,0.004744958482,0.01884573347
qasper,random,128,875,hit_without_complete,0.04342857143,0.03053435115,0.05707842386
qasper,random,128,875,complete_without_union,0.01942857143,0.01055068761,0.02918938647
qasper,random,256,875,hit,0.168,0.1428571429,0.1936626423
qasper,random,256,875,complete,0.09028571429,0.07011385044,0.110982659
qasper,random,256,875,union_complete,0.03771428571,0.02505694761,0.0518075278
qasper,random,256,875,hit_without_complete,0.07771428571,0.06030502392,0.09608602002
qasper,random,256,875,complete_without_union,0.05257142857,0.03733031674,0.06857142857
qasper,random,512,875,hit,0.3211428571,0.2898876404,0.3525443157
qasper,random,512,875,complete,0.1942857143,0.1670642988,0.2219736829
qasper,random,512,875,union_complete,0.08914285714,0.07054836186,0.1085972851
qasper,random,512,875,hit_without_complete,0.1268571429,0.1046643914,0.1501184289
qasper,random,512,875,complete_without_union,0.1051428571,0.08561633655,0.1255709078
qasper,random,1024,875,hit,0.5417142857,0.5061586705,0.5772366962
qasper,random,1024,875,complete,0.3691428571,0.3333333333,0.404520416
qasper,random,1024,875,union_complete,0.2068571429,0.1756428932,0.2391799544
qasper,random,1024,875,hit_without_complete,0.1725714286,0.1450471698,0.2009188869
qasper,random,1024,875,complete_without_union,0.1622857143,0.1376564278,0.1872791519
qasper,random,2048,875,hit,0.8205714286,0.793102484,0.8473993188
qasper,random,2048,875,complete,0.6834285714,0.6462427746,0.7192354646
qasper,random,2048,875,union_complete,0.5005714286,0.4558285684,0.5452490538
qasper,random,2048,875,hit_without_complete,0.1371428571,0.112412178,0.1634291228
qasper,random,2048,875,complete_without_union,0.1828571429,0.1566545204,0.2112176531
scifact,bm25,64,209,hit,0.6842105263,0.6183530962,0.7524271845
scifact,bm25,64,209,complete,0.6315789474,0.5622312652,0.7004830918
scifact,bm25,64,209,union_complete,0.3732057416,0.3043478261,0.447516443
scifact,bm25,64,209,hit_without_complete,0.05263157895,0.02463054187,0.08542713568
scifact,bm25,64,209,complete_without_union,0.2583732057,0.1944411532,0.3236714976
scifact,bm25,128,209,hit,0.8851674641,0.8349514563,0.9298245614
scifact,bm25,128,209,complete,0.8660287081,0.8140703518,0.9124423963
scifact,bm25,128,209,union_complete,0.6124401914,0.5427070494,0.6827989772
scifact,bm25,128,209,hit_without_complete,0.01913875598,0.004544940354,0.039408867
scifact,bm25,128,209,complete_without_union,0.2535885167,0.1932325298,0.3147277919
scifact,bm25,256,209,hit,0.980861244,0.9610373773,0.9954751131
scifact,bm25,256,209,complete,0.976076555,0.9543147208,0.9950980392
scifact,bm25,256,209,union_complete,0.8564593301,0.8029538888,0.9086300517
scifact,bm25,256,209,hit_without_complete,0.004784688995,0,0.01546391753
scifact,bm25,256,209,complete_without_union,0.1196172249,0.06965174129,0.1718061674
scifact,bm25,512,209,hit,0.995215311,0.9846153846,1
scifact,bm25,512,209,complete,0.995215311,0.9846153846,1
scifact,bm25,512,209,union_complete,0.985645933,0.961352657,1
scifact,bm25,512,209,hit_without_complete,0,0,0
scifact,bm25,512,209,complete_without_union,0.00956937799,0,0.03015075377
scifact,bm25,1024,209,hit,1,1,1
scifact,bm25,1024,209,complete,1,1,1
scifact,bm25,1024,209,union_complete,1,1,1
scifact,bm25,1024,209,hit_without_complete,0,0,0
scifact,bm25,1024,209,complete_without_union,0,0,0
scifact,bm25,2048,209,hit,1,1,1
scifact,bm25,2048,209,complete,1,1,1
scifact,bm25,2048,209,union_complete,1,1,1
scifact,bm25,2048,209,hit_without_complete,0,0,0
scifact,bm25,2048,209,complete_without_union,0,0,0
scifact,tfidf,64,209,hit,0.6411483254,0.5720715803,0.7135678392
scifact,tfidf,64,209,complete,0.6028708134,0.5320146664,0.6755319149
scifact,tfidf,64,209,union_complete,0.3444976077,0.2747706904,0.4193548387
scifact,tfidf,64,209,hit_without_complete,0.03827751196,0.01449275362,0.06666666667
scifact,tfidf,64,209,complete_without_union,0.2583732057,0.1943127962,0.3222748815
scifact,tfidf,128,209,hit,0.8803827751,0.8316819054,0.9248826291
scifact,tfidf,128,209,complete,0.8516746411,0.8,0.8990384615
scifact,tfidf,128,209,union_complete,0.6124401914,0.5427107511,0.6820276498
scifact,tfidf,128,209,hit_without_complete,0.02870813397,0.009216589862,0.05339805825
scifact,tfidf,128,209,complete_without_union,0.2392344498,0.1804878049,0.3
scifact,tfidf,256,209,hit,0.980861244,0.9563106796,1
scifact,tfidf,256,209,complete,0.976076555,0.9495412844,0.9954343088
scifact,tfidf,256,209,union_complete,0.8660287081,0.8127593085,0.9178082192
scifact,tfidf,256,209,hit_without_complete,0.004784688995,0,0.01546391753
scifact,tfidf,256,209,complete_without_union,0.1100478469,0.06153846154,0.1612903226
scifact,tfidf,512,209,hit,0.995215311,0.9846153846,1
scifact,tfidf,512,209,complete,0.995215311,0.9846153846,1
scifact,tfidf,512,209,union_complete,0.985645933,0.961352657,1
scifact,tfidf,512,209,hit_without_complete,0,0,0
scifact,tfidf,512,209,complete_without_union,0.00956937799,0,0.03015075377
scifact,tfidf,1024,209,hit,1,1,1
scifact,tfidf,1024,209,complete,1,1,1
scifact,tfidf,1024,209,union_complete,1,1,1
scifact,tfidf,1024,209,hit_without_complete,0,0,0
scifact,tfidf,1024,209,complete_without_union,0,0,0
scifact,tfidf,2048,209,hit,1,1,1
scifact,tfidf,2048,209,complete,1,1,1
scifact,tfidf,2048,209,union_complete,1,1,1
scifact,tfidf,2048,209,hit_without_complete,0,0,0
scifact,tfidf,2048,209,complete_without_union,0,0,0
scifact,dense,64,209,hit,0.6602870813,0.5900878378,0.7298578199
scifact,dense,64,209,complete,0.5980861244,0.5233118643,0.6714993606
scifact,dense,64,209,union_complete,0.3253588517,0.2582159624,0.3968274423
scifact,dense,64,209,hit_without_complete,0.06220095694,0.03196347032,0.09708737864
scifact,dense,64,209,complete_without_union,0.2727272727,0.2068965517,0.3413490854
scifact,dense,128,209,hit,0.8755980861,0.8251093049,0.922705314
scifact,dense,128,209,complete,0.8516746411,0.797235023,0.9030837004
scifact,dense,128,209,union_complete,0.6363636364,0.5685279188,0.7053140097
scifact,dense,128,209,hit_without_complete,0.02392344498,0.004926108374,0.04672897196
scifact,dense,128,209,complete_without_union,0.2153110048,0.156097561,0.2748844787
scifact,dense,256,209,hit,0.985645933,0.962262169,1
scifact,dense,256,209,complete,0.985645933,0.962262169,1
scifact,dense,256,209,union_complete,0.9090909091,0.8666666667,0.9497493174
scifact,dense,256,209,hit_without_complete,0,0,0
scifact,dense,256,209,complete_without_union,0.07655502392,0.03980099502,0.1161616162
scifact,dense,512,209,hit,0.995215311,0.9853658537,1
scifact,dense,512,209,complete,0.995215311,0.9853658537,1
scifact,dense,512,209,union_complete,0.985645933,0.9619047619,1
scifact,dense,512,209,hit_without_complete,0,0,0
scifact,dense,512,209,complete_without_union,0.00956937799,0,0.03015075377
scifact,dense,1024,209,hit,1,1,1
scifact,dense,1024,209,complete,1,1,1
scifact,dense,1024,209,union_complete,1,1,1
scifact,dense,1024,209,hit_without_complete,0,0,0
scifact,dense,1024,209,complete_without_union,0,0,0
scifact,dense,2048,209,hit,1,1,1
scifact,dense,2048,209,complete,1,1,1
scifact,dense,2048,209,union_complete,1,1,1
scifact,dense,2048,209,hit_without_complete,0,0,0
scifact,dense,2048,209,complete_without_union,0,0,0
scifact,lead,64,209,hit,0.1578947368,0.1055276382,0.212962963
scifact,lead,64,209,complete,0.1339712919,0.08489744673,0.185
scifact,lead,64,209,union_complete,0.06698564593,0.03317535545,0.1073170732
scifact,lead,64,209,hit_without_complete,0.02392344498,0.004503999515,0.05164319249
scifact,lead,64,209,complete_without_union,0.06698564593,0.0306122449,0.1069767442
scifact,lead,128,209,hit,0.5311004785,0.4566210046,0.6066390972
scifact,lead,128,209,complete,0.5071770335,0.4341463415,0.5829151683
scifact,lead,128,209,union_complete,0.3827751196,0.3113183481,0.4587628866
scifact,lead,128,209,hit_without_complete,0.02392344498,0.004830917874,0.04712041885
scifact,lead,128,209,complete_without_union,0.1244019139,0.07618926759,0.1761904762
scifact,lead,256,209,hit,0.8803827751,0.8272220727,0.9278846154
scifact,lead,256,209,complete,0.8612440191,0.8051282051,0.9132653061
scifact,lead,256,209,union_complete,0.7081339713,0.63507109,0.779417996
scifact,lead,256,209,hit_without_complete,0.01913875598,0.004464285714,0.04035987679
scifact,lead,256,209,complete_without_union,0.1531100478,0.09905660377,0.2102564103
scifact,lead,512,209,hit,1,1,1
scifact,lead,512,209,complete,1,1,1
scifact,lead,512,209,union_complete,0.985645933,0.9619047619,1
scifact,lead,512,209,hit_without_complete,0,0,0
scifact,lead,512,209,complete_without_union,0.01435406699,0,0.0380952381
scifact,lead,1024,209,hit,1,1,1
scifact,lead,1024,209,complete,1,1,1
scifact,lead,1024,209,union_complete,0.990430622,0.9698492462,1
scifact,lead,1024,209,hit_without_complete,0,0,0
scifact,lead,1024,209,complete_without_union,0.00956937799,0,0.03015075377
scifact,lead,2048,209,hit,1,1,1
scifact,lead,2048,209,complete,1,1,1
scifact,lead,2048,209,union_complete,1,1,1
scifact,lead,2048,209,hit_without_complete,0,0,0
scifact,lead,2048,209,complete_without_union,0,0,0
scifact,random,64,209,hit,0.4497607656,0.3826519521,0.5181853879
scifact,random,64,209,complete,0.3827751196,0.3163253441,0.4512864078
scifact,random,64,209,union_complete,0.2009569378,0.1489336962,0.2574257426
scifact,random,64,209,hit_without_complete,0.06698564593,0.03333333333,0.1062801932
scifact,random,64,209,complete_without_union,0.1818181818,0.1273563465,0.23874588
scifact,random,128,209,hit,0.7464114833,0.687804878,0.8046568349
scifact,random,128,209,complete,0.6937799043,0.6337993306,0.7539288014
scifact,random,128,209,union_complete,0.4545454545,0.385320108,0.5258665589
scifact,random,128,209,hit_without_complete,0.05263157895,0.02415458937,0.08571428571
scifact,random,128,209,complete_without_union,0.2392344498,0.1776626026,0.30143721
scifact,random,256,209,hit,0.961722488,0.9306930693,0.9866071429
scifact,random,256,209,complete,0.956937799,0.9245283019,0.9848484848
scifact,random,256,209,union_complete,0.8325358852,0.7714285714,0.8899521531
scifact,random,256,209,hit_without_complete,0.004784688995,0,0.015625
scifact,random,256,209,complete_without_union,0.1244019139,0.07804878049,0.1734693878
scifact,random,512,209,hit,0.990430622,0.9757281553,1
scifact,random,512,209,complete,0.990430622,0.9757281553,1
scifact,random,512,209,union_complete,0.980861244,0.9558790994,1
scifact,random,512,209,hit_without_complete,0,0,0
scifact,random,512,209,complete_without_union,0.00956937799,0,0.03015075377
scifact,random,1024,209,hit,1,1,1
scifact,random,1024,209,complete,1,1,1
scifact,random,1024,209,union_complete,1,1,1
scifact,random,1024,209,hit_without_complete,0,0,0
scifact,random,1024,209,complete_without_union,0,0,0
scifact,random,2048,209,hit,1,1,1
scifact,random,2048,209,complete,1,1,1
scifact,random,2048,209,union_complete,1,1,1
scifact,random,2048,209,hit_without_complete,0,0,0
scifact,random,2048,209,complete_without_union,0,0,0
