dataset,method,k,stratum,level,n,metric,mean,lo,hi
qasper,bm25,5,n_minimal_sets,1,590,hit_without_complete,0.1237288136,0.09705372617,0.1523178808
qasper,bm25,5,n_minimal_sets,1,590,complete_without_union,0.08813559322,0.06600660066,0.1126056156
qasper,bm25,5,n_minimal_sets,2+,285,hit_without_complete,0.1754385965,0.1313131313,0.2234432234
qasper,bm25,5,n_minimal_sets,2+,285,complete_without_union,0.3649122807,0.3114754098,0.4204995735
qasper,bm25,5,min_set_size,1,748,hit_without_complete,0.07620320856,0.05825114296,0.09630682937
qasper,bm25,5,min_set_size,1,748,complete_without_union,0.2032085561,0.1752717391,0.2327838059
qasper,bm25,5,min_set_size,2+,127,hit_without_complete,0.5196850394,0.4330708661,0.6048387097
qasper,bm25,5,min_set_size,2+,127,complete_without_union,0.03149606299,0.007633587786,0.06451612903
qasper,bm25,5,n_distinct_sets,1,403,hit_without_complete,0.04962779156,0.02940996692,0.07341772152
qasper,bm25,5,n_distinct_sets,1,403,complete_without_union,0,0,0
qasper,bm25,5,n_distinct_sets,2+,472,hit_without_complete,0.218220339,0.1810521779,0.2565228371
qasper,bm25,5,n_distinct_sets,2+,472,complete_without_union,0.3305084746,0.2898223316,0.3724320591
qasper,tfidf,5,n_minimal_sets,1,590,hit_without_complete,0.1338983051,0.1057343788,0.1629116118
qasper,tfidf,5,n_minimal_sets,1,590,complete_without_union,0.08305084746,0.06164184122,0.1066913223
qasper,tfidf,5,n_minimal_sets,2+,285,hit_without_complete,0.1543859649,0.1127259923,0.198630137
qasper,tfidf,5,n_minimal_sets,2+,285,complete_without_union,0.3649122807,0.3109540636,0.4199288256
qasper,tfidf,5,min_set_size,1,748,hit_without_complete,0.07754010695,0.05953951608,0.09691721479
qasper,tfidf,5,min_set_size,1,748,complete_without_union,0.1978609626,0.1699854178,0.2273376512
qasper,tfidf,5,min_set_size,2+,127,hit_without_complete,0.5118110236,0.4253687272,0.5954198473
qasper,tfidf,5,min_set_size,2+,127,complete_without_union,0.03937007874,0.008130081301,0.07518796992
qasper,tfidf,5,n_distinct_sets,1,403,hit_without_complete,0.05210918114,0.03201970443,0.07474226804
qasper,tfidf,5,n_distinct_sets,1,403,complete_without_union,0,0,0
qasper,tfidf,5,n_distinct_sets,2+,472,hit_without_complete,0.2161016949,0.1787941788,0.2542372881
qasper,tfidf,5,n_distinct_sets,2+,472,complete_without_union,0.3241525424,0.2836134454,0.3655041585
qasper,dense,5,n_minimal_sets,1,590,hit_without_complete,0.1271186441,0.1003519604,0.1546218487
qasper,dense,5,n_minimal_sets,1,590,complete_without_union,0.1084745763,0.0822147651,0.1359073159
qasper,dense,5,n_minimal_sets,2+,285,hit_without_complete,0.1684210526,0.1254125413,0.2132867133
qasper,dense,5,n_minimal_sets,2+,285,complete_without_union,0.4350877193,0.3771626298,0.4947735192
qasper,dense,5,min_set_size,1,748,hit_without_complete,0.07352941176,0.05547475107,0.09249329759
qasper,dense,5,min_set_size,1,748,complete_without_union,0.2352941176,0.2041372225,0.2676973014
qasper,dense,5,min_set_size,2+,127,hit_without_complete,0.5354330709,0.4411764706,0.6285768398
qasper,dense,5,min_set_size,2+,127,complete_without_union,0.09448818898,0.04761904762,0.1451612903
qasper,dense,5,n_distinct_sets,1,403,hit_without_complete,0.0570719603,0.03526448363,0.08142635001
qasper,dense,5,n_distinct_sets,1,403,complete_without_union,0,0,0
qasper,dense,5,n_distinct_sets,2+,472,hit_without_complete,0.2118644068,0.1745681911,0.2494577007
qasper,dense,5,n_distinct_sets,2+,472,complete_without_union,0.3983050847,0.3523206751,0.444214876
qasper,lead,5,n_minimal_sets,1,590,hit_without_complete,0.04406779661,0.0277324633,0.06216719278
qasper,lead,5,n_minimal_sets,1,590,complete_without_union,0.008474576271,0.001709401709,0.01639344262
qasper,lead,5,n_minimal_sets,2+,285,hit_without_complete,0.07719298246,0.04666487455,0.1107145947
qasper,lead,5,n_minimal_sets,2+,285,complete_without_union,0.3087719298,0.25,0.3706323438
qasper,lead,5,min_set_size,1,748,hit_without_complete,0.04545454545,0.03034300792,0.0614973262
qasper,lead,5,min_set_size,1,748,complete_without_union,0.121657754,0.09627676371,0.1487184595
qasper,lead,5,min_set_size,2+,127,hit_without_complete,0.1102362205,0.05555555556,0.1721311475
qasper,lead,5,min_set_size,2+,127,complete_without_union,0.0157480315,0,0.03968253968
qasper,lead,5,n_distinct_sets,1,403,hit_without_complete,0.004962779156,0,0.01256360518
qasper,lead,5,n_distinct_sets,1,403,complete_without_union,0,0,0
qasper,lead,5,n_distinct_sets,2+,472,hit_without_complete,0.09745762712,0.06991409777,0.1284215355
qasper,lead,5,n_distinct_sets,2+,472,complete_without_union,0.1970338983,0.1574265024,0.2391764797
qasper,random,5,n_minimal_sets,1,590,hit_without_complete,0.09830508475,0.07462427895,0.1231776019
qasper,random,5,n_minimal_sets,1,590,complete_without_union,0.03050847458,0.01697720929,0.04593639576
qasper,random,5,n_minimal_sets,2+,285,hit_without_complete,0.1192982456,0.0830449827,0.1575385427
qasper,random,5,n_minimal_sets,2+,285,complete_without_union,0.2280701754,0.18,0.2781735516
qasper,random,5,min_set_size,1,748,hit_without_complete,0.05614973262,0.04046960255,0.07317073171
qasper,random,5,min_set_size,1,748,complete_without_union,0.1096256684,0.0875331565,0.1323722149
qasper,random,5,min_set_size,2+,127,hit_without_complete,0.3937007874,0.3059701493,0.480923205
qasper,random,5,min_set_size,2+,127,complete_without_union,0.007874015748,0,0.02479338843
qasper,random,5,n_distinct_sets,1,403,hit_without_complete,0.04714640199,0.02758577478,0.0687066716
qasper,random,5,n_distinct_sets,1,403,complete_without_union,0,0,0
qasper,random,5,n_distinct_sets,2+,472,hit_without_complete,0.1546610169,0.1228813559,0.1876332623
qasper,random,5,n_distinct_sets,2+,472,complete_without_union,0.1758474576,0.141025641,0.2117413007
scifact,bm25,3,n_minimal_sets,1,124,hit_without_complete,0.0564516129,0.01709401709,0.0977443609
scifact,bm25,3,n_minimal_sets,1,124,complete_without_union,0,0,0
scifact,bm25,3,n_minimal_sets,2+,85,hit_without_complete,0.02352941176,0,0.06329113924
scifact,bm25,3,n_minimal_sets,2+,85,complete_without_union,0.6823529412,0.578313253,0.7790697674
scifact,bm25,3,min_set_size,1,195,hit_without_complete,0.005128205128,0,0.01648351648
scifact,bm25,3,min_set_size,1,195,complete_without_union,0.2974358974,0.2277777778,0.3652989989
scifact,bm25,3,min_set_size,2+,14,hit_without_complete,0.5714285714,0.2857142857,0.8571428571
scifact,bm25,3,min_set_size,2+,14,complete_without_union,0,0,0
scifact,bm25,3,n_distinct_sets,1,124,hit_without_complete,0.0564516129,0.01709401709,0.0977443609
scifact,bm25,3,n_distinct_sets,1,124,complete_without_union,0,0,0
scifact,bm25,3,n_distinct_sets,2+,85,hit_without_complete,0.02352941176,0,0.06329113924
scifact,bm25,3,n_distinct_sets,2+,85,complete_without_union,0.6823529412,0.578313253,0.7790697674
scifact,tfidf,3,n_minimal_sets,1,124,hit_without_complete,0.04838709677,0.01587301587,0.08850092778
scifact,tfidf,3,n_minimal_sets,1,124,complete_without_union,0,0,0
scifact,tfidf,3,n_minimal_sets,2+,85,hit_without_complete,0.02352941176,0,0.06329113924
scifact,tfidf,3,n_minimal_sets,2+,85,complete_without_union,0.6705882353,0.5625,0.7721518987
scifact,tfidf,3,min_set_size,1,195,hit_without_complete,0.005128205128,0,0.01648351648
scifact,tfidf,3,min_set_size,1,195,complete_without_union,0.2923076923,0.2233502538,0.3626387861
scifact,tfidf,3,min_set_size,2+,14,hit_without_complete,0.5,0.2142857143,0.7857142857
scifact,tfidf,3,min_set_size,2+,14,complete_without_union,0,0,0
scifact,tfidf,3,n_distinct_sets,1,124,hit_without_complete,0.04838709677,0.01587301587,0.08850092778
scifact,tfidf,3,n_distinct_sets,1,124,complete_without_union,0,0,0
scifact,tfidf,3,n_distinct_sets,2+,85,hit_without_complete,0.02352941176,0,0.06329113924
scifact,tfidf,3,n_distinct_sets,2+,85,complete_without_union,0.6705882353,0.5625,0.7721518987
scifact,dense,3,n_minimal_sets,1,124,hit_without_complete,0.06451612903,0.02419354839,0.109375
scifact,dense,3,n_minimal_sets,1,124,complete_without_union,0,0,0
scifact,dense,3,n_minimal_sets,2+,85,hit_without_complete,0,0,0
scifact,dense,3,n_minimal_sets,2+,85,complete_without_union,0.6823529412,0.5810810811,0.7752808989
scifact,dense,3,min_set_size,1,195,hit_without_complete,0,0,0
scifact,dense,3,min_set_size,1,195,complete_without_union,0.2923076923,0.2241355757,0.3621621622
scifact,dense,3,min_set_size,2+,14,hit_without_complete,0.5714285714,0.2857142857,0.8571428571
scifact,dense,3,min_set_size,2+,14,complete_without_union,0.07142857143,0,0.2142857143
scifact,dense,3,n_distinct_sets,1,124,hit_without_complete,0.06451612903,0.02419354839,0.109375
scifact,dense,3,n_distinct_sets,1,124,complete_without_union,0,0,0
scifact,dense,3,n_distinct_sets,2+,85,hit_without_complete,0,0,0
scifact,dense,3,n_distinct_sets,2+,85,complete_without_union,0.6823529412,0.5810810811,0.7752808989
scifact,lead,3,n_minimal_sets,1,124,hit_without_complete,0.03225806452,0.0078125,0.06611570248
scifact,lead,3,n_minimal_sets,1,124,complete_without_union,0,0,0
scifact,lead,3,n_minimal_sets,2+,85,hit_without_complete,0.05882352941,0.01098901099,0.1235955056
scifact,lead,3,n_minimal_sets,2+,85,complete_without_union,0.2,0.1071428571,0.3023255814
scifact,lead,3,min_set_size,1,195,hit_without_complete,0.02051282051,0,0.04864864865
scifact,lead,3,min_set_size,1,195,complete_without_union,0.08717948718,0.04522613065,0.1333333333
scifact,lead,3,min_set_size,2+,14,hit_without_complete,0.3571428571,0.1428571429,0.6428571429
scifact,lead,3,min_set_size,2+,14,complete_without_union,0,0,0
scifact,lead,3,n_distinct_sets,1,124,hit_without_complete,0.03225806452,0.0078125,0.06611570248
scifact,lead,3,n_distinct_sets,1,124,complete_without_union,0,0,0
scifact,lead,3,n_distinct_sets,2+,85,hit_without_complete,0.05882352941,0.01098901099,0.1235955056
scifact,lead,3,n_distinct_sets,2+,85,complete_without_union,0.2,0.1071428571,0.3023255814
scifact,random,3,n_minimal_sets,1,124,hit_without_complete,0.07258064516,0.032,0.1186440678
scifact,random,3,n_minimal_sets,1,124,complete_without_union,0,0,0
scifact,random,3,n_minimal_sets,2+,85,hit_without_complete,0.07058823529,0.01234567901,0.1428571429
scifact,random,3,n_minimal_sets,2+,85,complete_without_union,0.5647058824,0.4567901235,0.6707355665
scifact,random,3,min_set_size,1,195,hit_without_complete,0.02564102564,0.004901960784,0.05612244898
scifact,random,3,min_set_size,1,195,complete_without_union,0.2461538462,0.1842105263,0.3112268964
scifact,random,3,min_set_size,2+,14,hit_without_complete,0.7142857143,0.5,0.9285714286
scifact,random,3,min_set_size,2+,14,complete_without_union,0,0,0
scifact,random,3,n_distinct_sets,1,124,hit_without_complete,0.07258064516,0.032,0.1186440678
scifact,random,3,n_distinct_sets,1,124,complete_without_union,0,0,0
scifact,random,3,n_distinct_sets,2+,85,hit_without_complete,0.07058823529,0.01234567901,0.1428571429
scifact,random,3,n_distinct_sets,2+,85,complete_without_union,0.5647058824,0.4567901235,0.6707355665
