dataset,method,k,group,n,papers,weight,status,original_gap,original_gap_lo,original_gap_hi,pruned_gap,pruned_gap_lo,pruned_gap_hi,pruned_minus_original,pruned_minus_original_lo,pruned_minus_original_hi,topology_0_n,topology_1_n,topology_2_n,topology_3_n
qasper,bm25,5,exact_answer_agreement,195,149,0.222857142857,revision-added exploratory,0.123076923077,0.0780487804878,0.170984455959,0.0820512820513,0.045,0.124378109453,-0.0410256410256,-0.0706535463329,-0.0154639175258,117,35,42,1
qasper,bm25,5,agreement_complement,680,337,0.777142857143,revision-added exploratory,0.194117647059,0.164722603327,0.225108225108,0.127941176471,0.103952210746,0.153411249655,-0.0661764705882,-0.0865674872391,-0.0474717154248,286,152,201,41
qasper,bm25,5,full,875,367,1,revision-added exploratory,0.178285714286,0.153243396839,0.203769140165,0.117714285714,0.0968848389912,0.138826246309,-0.0605714285714,-0.0770114942529,-0.0452487375461,403,187,243,42
qasper,tfidf,5,exact_answer_agreement,195,149,0.222857142857,revision-added exploratory,0.112820512821,0.07,0.159574468085,0.0717948717949,0.0364583333333,0.111651101474,-0.0410256410256,-0.070351758794,-0.0157068062827,117,35,42,1
qasper,tfidf,5,agreement_complement,680,337,0.777142857143,revision-added exploratory,0.192647058824,0.164051355207,0.223373169185,0.130882352941,0.106927710843,0.156804733728,-0.0617647058824,-0.080839424093,-0.0440056248025,286,152,201,41
qasper,tfidf,5,full,875,367,1,revision-added exploratory,0.174857142857,0.149824379004,0.199549167399,0.117714285714,0.0968801842617,0.138983150666,-0.0571428571429,-0.0727894542654,-0.0427446569179,403,187,243,42
qasper,dense,5,exact_answer_agreement,195,149,0.222857142857,revision-added exploratory,0.184615384615,0.130890052356,0.242105263158,0.102564102564,0.0609137055838,0.147787649543,-0.0820512820513,-0.122222222222,-0.0463917525773,117,35,42,1
qasper,dense,5,agreement_complement,680,337,0.777142857143,revision-added exploratory,0.223529411765,0.189349112426,0.258065705586,0.148529411765,0.121296599326,0.176737160121,-0.075,-0.09759848606,-0.0532544378698,286,152,201,41
qasper,dense,5,full,875,367,1,revision-added exploratory,0.214857142857,0.186498855835,0.243428571429,0.138285714286,0.115157774813,0.162130211059,-0.0765714285714,-0.096483032604,-0.0575856623632,403,187,243,42
qasper,lead,5,exact_answer_agreement,195,149,0.222857142857,revision-added exploratory,0.0666666666667,0.0338164251208,0.104166666667,0.0615384615385,0.03,0.0978260869565,-0.00512820512821,-0.0159574468085,0,117,35,42,1
qasper,lead,5,agreement_complement,680,337,0.777142857143,revision-added exploratory,0.117647058824,0.092005585617,0.145275971879,0.111764705882,0.0865800865801,0.139202404692,-0.00588235294118,-0.0120485965309,-0.00143061516452,286,152,201,41
qasper,lead,5,full,875,367,1,revision-added exploratory,0.106285714286,0.0841748045236,0.129341755185,0.100571428571,0.0785870921311,0.123543790306,-0.00571428571429,-0.0110497237569,-0.00115473441109,403,187,243,42
qasper,random,5,exact_answer_agreement,195,149,0.222857142857,revision-added exploratory,0.0820512820513,0.0452254208898,0.123076923077,0.0615384615385,0.030303030303,0.0959595959596,-0.0205128205128,-0.046875,0,117,35,42,1
qasper,random,5,agreement_complement,680,337,0.777142857143,revision-added exploratory,0.0985294117647,0.0756062767475,0.122807017544,0.0764705882353,0.0568715197657,0.0970591634188,-0.0220588235294,-0.0345324281116,-0.0115273775216,286,152,201,41
qasper,random,5,full,875,367,1,revision-added exploratory,0.0948571428571,0.0752054096257,0.115340286039,0.0731428571429,0.0564970053781,0.0902857142857,-0.0217142857143,-0.0327873488614,-0.0117370892019,403,187,243,42
qasper,qwen3,5,exact_answer_agreement,195,149,0.222857142857,revision-added exploratory,0.14358974359,0.0984455958549,0.193069306931,0.0974358974359,0.0593992867029,0.139784946237,-0.0461538461538,-0.0773561122137,-0.0199004975124,117,35,42,1
qasper,qwen3,5,agreement_complement,680,337,0.777142857143,revision-added exploratory,0.255882352941,0.221396451333,0.291540895599,0.163235294118,0.135215453195,0.192023896321,-0.0926470588235,-0.117293453575,-0.0696661828737,286,152,201,41
qasper,qwen3,5,full,875,367,1,revision-added exploratory,0.230857142857,0.202457468394,0.260228821165,0.148571428571,0.125,0.173012044184,-0.0822857142857,-0.102595801778,-0.0632183908046,403,187,243,42
