dataset,method,budget_unit,n,clusters,tau,B_C,B_A,difference,B_C_attained,B_A_attained,bootstrap_replicates,B_C_unattained_replicates,B_A_unattained_replicates,difference_undefined_replicates,B_C_lo,B_C_lo_unattained,B_C_hi,B_C_hi_unattained,B_A_lo,B_A_lo_unattained,B_A_hi,B_A_hi_unattained,difference_lo,difference_lo_unattained,difference_hi,difference_hi_unattained,definition,status
qasper,bm25,units,875,367,0.5,5,11,6,True,True,10000,0,0,0,5,False,6,False,10,False,13,False,5,False,7,False,exact minimum integer budget; full rankings; all-item denominator,revision-added exploratory
qasper,bm25,units,875,367,0.75,14,27,13,True,True,10000,0,0,0,13,False,16,False,24,False,29,False,10,False,15,False,exact minimum integer budget; full rankings; all-item denominator,revision-added exploratory
qasper,bm25,units,875,367,0.9,30,44,14,True,True,10000,0,0,0,27,False,33,False,40,False,49,False,10,False,18,False,exact minimum integer budget; full rankings; all-item denominator,revision-added exploratory
qasper,bm25,lexical_tokens,875,367,0.5,510,1116,606,True,True,10000,0,0,0,445,False,599,False,988,False,1280,False,489,False,736,False,exact minimum integer budget; full rankings; all-item denominator,revision-added exploratory
qasper,bm25,lexical_tokens,875,367,0.75,1397,2293,896,True,True,10000,0,0,0,1250,False,1514,False,2060,False,2505,False,715,False,1108,False,exact minimum integer budget; full rankings; all-item denominator,revision-added exploratory
qasper,bm25,lexical_tokens,875,367,0.9,2567,3508,941,True,True,10000,0,0,0,2355,False,2900,False,3209,False,3758,False,647,False,1214,False,exact minimum integer budget; full rankings; all-item denominator,revision-added exploratory
qasper,tfidf,units,875,367,0.5,6,12,6,True,True,10000,0,0,0,5,False,6,False,10,False,14,False,4,False,8,False,exact minimum integer budget; full rankings; all-item denominator,revision-added exploratory
qasper,tfidf,units,875,367,0.75,15,27,12,True,True,10000,0,0,0,13,False,17,False,24,False,29,False,9,False,14,False,exact minimum integer budget; full rankings; all-item denominator,revision-added exploratory
qasper,tfidf,units,875,367,0.9,31,45,14,True,True,10000,0,0,0,28,False,35,False,40,False,48,False,10,False,17,False,exact minimum integer budget; full rankings; all-item denominator,revision-added exploratory
qasper,tfidf,lexical_tokens,875,367,0.5,517,1176,659,True,True,10000,0,0,0,464,False,607,False,988,False,1339,False,490.975,False,788,False,exact minimum integer budget; full rankings; all-item denominator,revision-added exploratory
qasper,tfidf,lexical_tokens,875,367,0.75,1472,2304,832,True,True,10000,0,0,0,1309,False,1610,False,2083,False,2517,False,661,False,1054,False,exact minimum integer budget; full rankings; all-item denominator,revision-added exploratory
qasper,tfidf,lexical_tokens,875,367,0.9,2529,3433,904,True,True,10000,0,0,0,2312,False,2945,False,3217,False,3733,False,581,False,1167.05,False,exact minimum integer budget; full rankings; all-item denominator,revision-added exploratory
qasper,dense,units,875,367,0.5,5,10,5,True,True,10000,0,0,0,4,False,5,False,9,False,11,False,4,False,6,False,exact minimum integer budget; full rankings; all-item denominator,revision-added exploratory
qasper,dense,units,875,367,0.75,12,22,10,True,True,10000,0,0,0,10,False,14,False,20,False,25,False,8,False,12,False,exact minimum integer budget; full rankings; all-item denominator,revision-added exploratory
qasper,dense,units,875,367,0.9,24,40,16,True,True,10000,0,0,0,21,False,27,False,35,False,43,False,12,False,18,False,exact minimum integer budget; full rankings; all-item denominator,revision-added exploratory
qasper,dense,lexical_tokens,875,367,0.5,372,817,445,True,True,10000,0,0,0,326,False,422,False,733,False,886,False,370,False,516,False,exact minimum integer budget; full rankings; all-item denominator,revision-added exploratory
qasper,dense,lexical_tokens,875,367,0.75,964,1856,892,True,True,10000,0,0,0,871,False,1098,False,1713,False,2049,False,767,False,1036.025,False,exact minimum integer budget; full rankings; all-item denominator,revision-added exploratory
qasper,dense,lexical_tokens,875,367,0.9,1910,2995,1085,True,True,10000,0,0,0,1730,False,2279,False,2740,False,3246,False,729,False,1285,False,exact minimum integer budget; full rankings; all-item denominator,revision-added exploratory
qasper,lead,units,875,367,0.5,17,23,6,True,True,10000,0,0,0,15,False,20,False,21,False,24,False,4,False,7,False,exact minimum integer budget; full rankings; all-item denominator,revision-added exploratory
qasper,lead,units,875,367,0.75,30,37,7,True,True,10000,0,0,0,28,False,33,False,33,False,39,False,4,False,8,False,exact minimum integer budget; full rankings; all-item denominator,revision-added exploratory
qasper,lead,units,875,367,0.9,44,49,5,True,True,10000,0,0,0,41,False,47,False,45,False,53,False,3,False,8,False,exact minimum integer budget; full rankings; all-item denominator,revision-added exploratory
qasper,lead,lexical_tokens,875,367,0.5,1367,1769,402,True,True,10000,0,0,0,1253,False,1492,False,1664,False,1906,False,317,False,520,False,exact minimum integer budget; full rankings; all-item denominator,revision-added exploratory
qasper,lead,lexical_tokens,875,367,0.75,2208,2509,301,True,True,10000,0,0,0,2081,False,2351,False,2384,False,2742,False,210,False,455,False,exact minimum integer budget; full rankings; all-item denominator,revision-added exploratory
qasper,lead,lexical_tokens,875,367,0.9,3174,3505,331,True,True,10000,0,0,0,2904,False,3392,False,3254,False,3858,False,201,False,590,False,exact minimum integer budget; full rankings; all-item denominator,revision-added exploratory
qasper,random,units,875,367,0.5,18,27,9,True,True,10000,0,0,0,16,False,20,False,25,False,30,False,8,False,11,False,exact minimum integer budget; full rankings; all-item denominator,revision-added exploratory
qasper,random,units,875,367,0.75,33,43,10,True,True,10000,0,0,0,30,False,35,False,41,False,46,False,8,False,13,False,exact minimum integer budget; full rankings; all-item denominator,revision-added exploratory
qasper,random,units,875,367,0.9,50,59,9,True,True,10000,0,0,0,45,False,55,False,54,False,64,False,6,False,13,False,exact minimum integer budget; full rankings; all-item denominator,revision-added exploratory
qasper,random,lexical_tokens,875,367,0.5,1403,2044,641,True,True,10000,0,0,0,1273,False,1528,False,1898,False,2221,False,519.975,False,783,False,exact minimum integer budget; full rankings; all-item denominator,revision-added exploratory
qasper,random,lexical_tokens,875,367,0.75,2326,3195,869,True,True,10000,0,0,0,2177,False,2542,False,2985,False,3335,False,691,False,976,False,exact minimum integer budget; full rankings; all-item denominator,revision-added exploratory
qasper,random,lexical_tokens,875,367,0.9,3493,4076,583,True,True,10000,0,0,0,3314,False,3649,False,3834,False,4336,False,425,False,818.025,False,exact minimum integer budget; full rankings; all-item denominator,revision-added exploratory
qasper,qwen3,units,875,367,0.5,3,7,4,True,True,10000,0,0,0,3,False,4,False,7,False,9,False,3,False,5,False,exact minimum integer budget; full rankings; all-item denominator,revision-added exploratory
qasper,qwen3,units,875,367,0.75,9,19,10,True,True,10000,0,0,0,8,False,10,False,17,False,22,False,8,False,13,False,exact minimum integer budget; full rankings; all-item denominator,revision-added exploratory
qasper,qwen3,units,875,367,0.9,20,36,16,True,True,10000,0,0,0,18,False,23,False,31,False,39,False,12,False,19,False,exact minimum integer budget; full rankings; all-item denominator,revision-added exploratory
qasper,qwen3,lexical_tokens,875,367,0.5,262,614,352,True,True,10000,0,0,0,233,False,292,False,551,False,721,False,297,False,453,False,exact minimum integer budget; full rankings; all-item denominator,revision-added exploratory
qasper,qwen3,lexical_tokens,875,367,0.75,732,1578,846,True,True,10000,0,0,0,619,False,847,False,1411,False,1812,False,700,False,1043,False,exact minimum integer budget; full rankings; all-item denominator,revision-added exploratory
qasper,qwen3,lexical_tokens,875,367,0.9,1582,2698,1116,True,True,10000,0,0,0,1423,False,1812,False,2410,False,2940,False,872,False,1314.025,False,exact minimum integer budget; full rankings; all-item denominator,revision-added exploratory
scifact,bm25,units,209,164,0.5,2,3,1,True,True,10000,0,0,0,1,False,2,False,3,False,4,False,1,False,3,False,exact minimum integer budget; full rankings; all-item denominator,revision-added exploratory
scifact,bm25,units,209,164,0.75,3,6,3,True,True,10000,0,0,0,3,False,4,False,6,False,7,False,2,False,4,False,exact minimum integer budget; full rankings; all-item denominator,revision-added exploratory
scifact,bm25,units,209,164,0.9,6,9,3,True,True,10000,0,0,0,4,False,7,False,8,False,12,False,2,False,6,False,exact minimum integer budget; full rankings; all-item denominator,revision-added exploratory
scifact,bm25,lexical_tokens,209,164,0.5,50,91,41,True,True,10000,0,0,0,39,False,58,False,76,False,112,False,25,False,62,False,exact minimum integer budget; full rankings; all-item denominator,revision-added exploratory
scifact,bm25,lexical_tokens,209,164,0.75,90,179,89,True,True,10000,0,0,0,76,False,106,False,151,False,219,False,61,False,129,False,exact minimum integer budget; full rankings; all-item denominator,revision-added exploratory
scifact,bm25,lexical_tokens,209,164,0.9,146,275,129,True,True,10000,0,0,0,123,False,193,False,237,False,320,False,80,False,179,False,exact minimum integer budget; full rankings; all-item denominator,revision-added exploratory
scifact,tfidf,units,209,164,0.5,2,4,2,True,True,10000,0,0,0,1,False,2,False,3,False,5,False,1,False,3,False,exact minimum integer budget; full rankings; all-item denominator,revision-added exploratory
scifact,tfidf,units,209,164,0.75,3,6,3,True,True,10000,0,0,0,3,False,4,False,6,False,7,False,2,False,4,False,exact minimum integer budget; full rankings; all-item denominator,revision-added exploratory
scifact,tfidf,units,209,164,0.9,5,10,5,True,True,10000,0,0,0,5,False,7,False,9,False,12,False,3,False,6,False,exact minimum integer budget; full rankings; all-item denominator,revision-added exploratory
scifact,tfidf,lexical_tokens,209,164,0.5,53,93,40,True,True,10000,0,0,0,39,False,59,False,77,False,112,False,25,False,64,False,exact minimum integer budget; full rankings; all-item denominator,revision-added exploratory
scifact,tfidf,lexical_tokens,209,164,0.75,91,171,80,True,True,10000,0,0,0,77,False,108,False,151,False,205,False,58,False,119,False,exact minimum integer budget; full rankings; all-item denominator,revision-added exploratory
scifact,tfidf,lexical_tokens,209,164,0.9,151,293,142,True,True,10000,0,0,0,130,False,193,False,247,False,341,False,88,False,195,False,exact minimum integer budget; full rankings; all-item denominator,revision-added exploratory
scifact,dense,units,209,164,0.5,1,3,2,True,True,10000,0,0,0,1,False,2,False,3,False,4,False,1,False,3,False,exact minimum integer budget; full rankings; all-item denominator,revision-added exploratory
scifact,dense,units,209,164,0.75,3,6,3,True,True,10000,0,0,0,2,False,4,False,5,False,7,False,2,False,4,False,exact minimum integer budget; full rankings; all-item denominator,revision-added exploratory
scifact,dense,units,209,164,0.9,6,8,2,True,True,10000,0,0,0,4,False,7,False,7,False,9,False,1,False,4,False,exact minimum integer budget; full rankings; all-item denominator,revision-added exploratory
scifact,dense,lexical_tokens,209,164,0.5,46,97,51,True,True,10000,0,0,0,37,False,60,False,81,False,107,False,32,False,64,False,exact minimum integer budget; full rankings; all-item denominator,revision-added exploratory
scifact,dense,lexical_tokens,209,164,0.75,90,164,74,True,True,10000,0,0,0,79,False,110,False,144,False,188,False,50,False,99,False,exact minimum integer budget; full rankings; all-item denominator,revision-added exploratory
scifact,dense,lexical_tokens,209,164,0.9,144,243,99,True,True,10000,0,0,0,128,False,179,False,205,False,316,False,55,False,173,False,exact minimum integer budget; full rankings; all-item denominator,revision-added exploratory
scifact,lead,units,209,164,0.5,5,6,1,True,True,10000,0,0,0,5,False,6,False,6,False,8,False,0,False,2,False,exact minimum integer budget; full rankings; all-item denominator,revision-added exploratory
scifact,lead,units,209,164,0.75,8,11,3,True,True,10000,0,0,0,7,False,9,False,9,False,12,False,1,False,4,False,exact minimum integer budget; full rankings; all-item denominator,revision-added exploratory
scifact,lead,units,209,164,0.9,11,13,2,True,True,10000,0,0,0,10,False,12,False,13,False,14,False,1,False,4,False,exact minimum integer budget; full rankings; all-item denominator,revision-added exploratory
scifact,lead,lexical_tokens,209,164,0.5,126,168,42,True,True,10000,0,0,0,119,False,149,False,147,False,191,False,18,False,54,False,exact minimum integer budget; full rankings; all-item denominator,revision-added exploratory
scifact,lead,lexical_tokens,209,164,0.75,201,274,73,True,True,10000,0,0,0,186,False,228,False,225,False,315,False,33,False,107,False,exact minimum integer budget; full rankings; all-item denominator,revision-added exploratory
scifact,lead,lexical_tokens,209,164,0.9,282,384,102,True,True,10000,0,0,0,246,False,309,False,329,False,442,False,65,False,156,False,exact minimum integer budget; full rankings; all-item denominator,revision-added exploratory
scifact,random,units,209,164,0.5,3,6,3,True,True,10000,0,0,0,3,False,4,False,5,False,6,False,2,False,3,False,exact minimum integer budget; full rankings; all-item denominator,revision-added exploratory
scifact,random,units,209,164,0.75,6,8,2,True,True,10000,0,0,0,5,False,6,False,7,False,9,False,1,False,4,False,exact minimum integer budget; full rankings; all-item denominator,revision-added exploratory
scifact,random,units,209,164,0.9,8,12,4,True,True,10000,0,0,0,7,False,9,False,9,False,13,False,2,False,5,False,exact minimum integer budget; full rankings; all-item denominator,revision-added exploratory
scifact,random,lexical_tokens,209,164,0.5,90,137,47,True,True,10000,0,0,0,74,False,103,False,123,False,153,False,31,False,66,False,exact minimum integer budget; full rankings; all-item denominator,revision-added exploratory
scifact,random,lexical_tokens,209,164,0.75,144,218,74,True,True,10000,0,0,0,126,False,154,False,178,False,245,False,36,False,102,False,exact minimum integer budget; full rankings; all-item denominator,revision-added exploratory
scifact,random,lexical_tokens,209,164,0.9,204,313,109,True,True,10000,0,0,0,171,False,230,False,264,False,347,False,65,False,158,False,exact minimum integer budget; full rankings; all-item denominator,revision-added exploratory
scifact,qwen3,units,209,164,0.5,1,3,2,True,True,10000,0,0,0,1,False,1,False,2,False,3,False,1,False,2,False,exact minimum integer budget; full rankings; all-item denominator,revision-added exploratory
scifact,qwen3,units,209,164,0.75,2,5,3,True,True,10000,0,0,0,2,False,3,False,4,False,6,False,2,False,4,False,exact minimum integer budget; full rankings; all-item denominator,revision-added exploratory
scifact,qwen3,units,209,164,0.9,4,7,3,True,True,10000,0,0,0,3,False,5,False,6,False,9,False,2,False,5,False,exact minimum integer budget; full rankings; all-item denominator,revision-added exploratory
scifact,qwen3,lexical_tokens,209,164,0.5,42,79,37,True,True,10000,0,0,0,36,False,48,False,68,False,93,False,26,False,51,False,exact minimum integer budget; full rankings; all-item denominator,revision-added exploratory
scifact,qwen3,lexical_tokens,209,164,0.75,77,141,64,True,True,10000,0,0,0,64,False,88,False,122,False,164,False,42,False,85,False,exact minimum integer budget; full rankings; all-item denominator,revision-added exploratory
scifact,qwen3,lexical_tokens,209,164,0.9,112,218,106,True,True,10000,0,0,0,95,False,133,False,196,False,279,False,73,False,172,False,exact minimum integer budget; full rankings; all-item denominator,revision-added exploratory
