dataset,id,cluster,exact_answer_agreement,topology,topology_label
qasper,000549a217ea24432c0656598279dbb85378c113,1804.05253,False,0,One distinct set
qasper,00341a46a67d31d36e6dc54d5297626319584891,1604.02201,False,0,One distinct set
qasper,00aea97f69290b496ed11eb45a201ad28d741460,1909.01860,False,0,One distinct set
qasper,00c443f8d32d6baf7c7cea8f4ca9fa749532ccfd,1612.00866,True,0,One distinct set
qasper,00db191facf903cef18fb1727d1cab638c277e0a,1906.05506,False,2,"Multiple minimal sets, no supersets"
qasper,00df1ff914956d4d23299d02fd44e4c985bb61fa,1903.10318,True,0,One distinct set
qasper,00e4c9aa87411dfc5455fc92f10e5c9266e7b95e,1710.06923,False,2,"Multiple minimal sets, no supersets"
qasper,00f507053c47e55d7e72bebdbd8a75b3ca88cf85,1806.07042,True,0,One distinct set
qasper,00ffe2c59a3ba18d6d2b353d6ab062a152c88526,1709.05453,False,2,"Multiple minimal sets, no supersets"
qasper,014a3aa07686ee18a86c977bf0701db082e8480b,1908.06493,False,1,"Multiple sets, one minimal set"
qasper,018b81f810a39b3f437a85573d24531efccd835f,1906.11085,False,1,"Multiple sets, one minimal set"
qasper,01c8c3836467a4399cc37e86244b5bdc5dda2401,1804.09692,False,0,One distinct set
qasper,028d0d9b7a71133e51a14a32cd09dea1e2f39f05,1804.01155,False,2,"Multiple minimal sets, no supersets"
qasper,02a5acb484bda77ef32a13f5d93d336472cf8cd4,1612.04118,True,0,One distinct set
qasper,036c400424357457e42b22df477b7c3cdc2eefe9,1711.11118,True,0,One distinct set
qasper,042800c3336ed5f4826203616a39747c61382ba6,1709.05453,True,1,"Multiple sets, one minimal set"
qasper,04796aaa59eeb2176339c0651838670fd916074d,1906.11085,False,0,One distinct set
qasper,051034cc94f2c02d3041575c53f969b3311c9ea1,1804.07445,True,2,"Multiple minimal sets, no supersets"
qasper,058b6e3fdbb607fa7dbfc688628b3e13e130c35a,1912.00239,True,1,"Multiple sets, one minimal set"
qasper,065623cc1d5f5b19ec1f84d286522fc2f805c6ce,1706.04206,False,0,One distinct set
qasper,07104dd36a0e7fdd2c211ad710de9a605495b697,1908.05908,False,2,"Multiple minimal sets, no supersets"
qasper,075d6ab5dd132666e85d0b6ad238118271dfc147,1909.00786,False,0,One distinct set
qasper,0778cbbd093f8b779f7cf26302b2a8e081ccfb40,1703.10152,False,0,One distinct set
qasper,079e654c97508c521c07ab4d24cdaaede5602c61,1605.05156,True,0,One distinct set
qasper,07a214748a69b31400585aef7aba6af3e3d9cce2,1612.05202,False,0,One distinct set
qasper,07d98dfa88944abd12acd45e98fb7d3719986aeb,1909.07873,False,2,"Multiple minimal sets, no supersets"
qasper,08561f6ba578ce8f8d284abf90f5b24eb1f804d3,1901.03253,True,2,"Multiple minimal sets, no supersets"
qasper,088d42ecb1e15515f6a97a0da2fed81b61d61a23,1909.00437,False,3,Multiple minimal sets plus supersets
qasper,08b77c52676167af72581079adf1ca2b994ce251,2002.10210,False,0,One distinct set
qasper,08c0d4db14773cbed8a63e69381a2265e85f8765,1901.05389,True,0,One distinct set
qasper,0a5fd0e5f4ab12be57be20416a5ea7c3db5fb662,1912.10162,False,1,"Multiple sets, one minimal set"
qasper,0a70af6ba334dfd3574991b1dd06f54fc6a700f2,1910.01160,False,2,"Multiple minimal sets, no supersets"
qasper,0abc2499195185c94837e0340d00cd3b83ee795e,1909.13184,False,2,"Multiple minimal sets, no supersets"
qasper,0ac6fbd81e2dd95b800283dc7e59ce969d45fc02,1708.05521,False,0,One distinct set
qasper,0aca0a208a1e28857fab44e397dc7880e010dbca,2003.12139,False,2,"Multiple minimal sets, no supersets"
qasper,0b10cfa61595b21bf3ff13b4df0fe1c17bbbf4e9,1908.07721,False,2,"Multiple minimal sets, no supersets"
qasper,0b1cc6c0de286eb724b1fd18dbc93e67ab89a236,1908.11664,False,2,"Multiple minimal sets, no supersets"
qasper,0b5a7ccf09810ff5a86162d502697d16b3536249,1911.03353,False,2,"Multiple minimal sets, no supersets"
qasper,0b5bf00d2788c534c4c6c007b72290c48be21e16,1806.07042,True,0,One distinct set
qasper,0b5c599195973c563c4b1a0fe5d8fc77204d71a0,1811.01183,False,0,One distinct set
qasper,0bc305d6b90f77f835bc4c904b22a4be07f963b2,1606.02601,False,0,One distinct set
qasper,0bd3bea892c34a3820e98c4a42cdeda03753146b,1805.04558,True,1,"Multiple sets, one minimal set"
qasper,0bde3ecfdd7c4a9af23f53da2cda6cd7a8398220,1804.07445,True,2,"Multiple minimal sets, no supersets"
qasper,0c4e419fe57bf01d58a44f3e263777c22cdd90dc,1911.06815,False,0,One distinct set
qasper,0d3193d17c0a4edc8fa9854f279c2a1b878e8b29,2002.00175,False,2,"Multiple minimal sets, no supersets"
qasper,0d9241e904bd2bbf5b9a6ed7b5fc929651d3e28e,1910.13793,False,0,One distinct set
qasper,0dbb5309d2be97f6eda29d7ae220aa16cafbabb7,1610.00479,False,2,"Multiple minimal sets, no supersets"
qasper,0dc9050c832a6091bc9db3f7fa7be72139f51177,1902.08830,True,0,One distinct set
qasper,0dfe43985dea45d93ae2504cccca15ae1e207ccf,2002.00175,False,1,"Multiple sets, one minimal set"
qasper,0ef114d24a7a32821967e912dff23c016c4eab41,1901.09501,False,1,"Multiple sets, one minimal set"
qasper,0f1f81b6d4aa0da38b4cc8b060926e7df61bb646,1909.05190,False,3,Multiple minimal sets plus supersets
qasper,0f9c1586f1b4b531fa4fd113e767d06af90b1ae8,1603.07252,True,1,"Multiple sets, one minimal set"
qasper,0fe49431db5ffaa24372919daf24d8f84117bfda,1603.07252,False,3,Multiple minimal sets plus supersets
qasper,0fee37ebe0a010cf8bd665fa566306d8e7d12631,1709.06365,False,1,"Multiple sets, one minimal set"
qasper,1002bd01372eba0f3078fb4a951505278ed45f2e,1906.01076,True,1,"Multiple sets, one minimal set"
qasper,10edfb9428b8a4652274c13962917662fdf84f8a,1911.07620,False,0,One distinct set
qasper,1100e442e00c9914538a32aca7af994ce42e1b66,1911.03854,True,1,"Multiple sets, one minimal set"
qasper,1128a600a813116cba9a2cf99d8568ae340f327a,1802.08969,False,0,One distinct set
qasper,11679d1feba747c64bbbc62939a20fbb69ada0f3,1902.06734,False,0,One distinct set
qasper,119c404da6e42d4879eee10edeab4b2851162659,1910.10762,False,3,Multiple minimal sets plus supersets
qasper,11a3af3f056e0fb5559fe5cbff1640e022732735,1612.05202,True,0,One distinct set
qasper,11a8531699952f5a2286a4311f0fe80ed1befa1e,1905.07562,False,2,"Multiple minimal sets, no supersets"
qasper,11c4071d9d7efeede84f47892b1fa0c6a93667eb,2004.02334,False,0,One distinct set
qasper,11ef46187a5bf15e89d63220fdeaecbeb92d818e,1610.06510,False,0,One distinct set
qasper,11f9c207476af75a9272105e646df02594059c3f,1603.09381,True,0,One distinct set
qasper,12dc04e0ec1d3ba5ec543069fe457dfa4a1cac07,1910.13793,True,0,One distinct set
qasper,130d73400698e2b3c6860b07f2e957e3ff022d48,1909.00871,False,0,One distinct set
qasper,138ad61b43c85d5db166ea9bd3d3b19bb2e2bbfb,1909.13184,False,2,"Multiple minimal sets, no supersets"
qasper,141f23e87c10c2d54d559881e641c983e3ec8ef3,1911.09241,False,0,One distinct set
qasper,14fdc8087f2a62baea9d50c4aa3a3f8310b38d17,1909.12208,False,1,"Multiple sets, one minimal set"
qasper,157284acedf13377cbc6d58c8f3648d3a62f5db5,1905.05644,True,1,"Multiple sets, one minimal set"
qasper,157de5175259d6f25db703efb299f948dae597b7,1708.07690,False,2,"Multiple minimal sets, no supersets"
qasper,15aeda407ae3912419fd89211cdb98989d9cde58,1908.08788,False,2,"Multiple minimal sets, no supersets"
qasper,16a10c1681dc5a399b6d34b4eed7bb1fef816dd0,1910.02001,False,2,"Multiple minimal sets, no supersets"
qasper,16cc37e4f8e2db99eaf89337a3d9ada431170d5b,1907.08540,False,0,One distinct set
qasper,16edc21a6abc89ee2280dccf1c867c2ac4552524,1809.03695,False,1,"Multiple sets, one minimal set"
qasper,1702985a3528e876bb19b8e223399729d778b4e4,2003.12450,False,0,One distinct set
qasper,175cddfd0bcd77b7327b62f99e57d8ea93f8d8ba,1906.05685,True,0,One distinct set
qasper,17fd6deb9e10707f9d1b70165dedb045e1889aac,1908.11053,False,1,"Multiple sets, one minimal set"
qasper,180c7bea8caf05ca97d9962b90eb454be4176425,1910.01160,True,0,One distinct set
qasper,182eb91090017a7c8ea38a88b219b641842664e4,1901.09501,False,1,"Multiple sets, one minimal set"
qasper,183b385fb59ff1e3f658d4555a08b67c005a8734,1809.03391,True,2,"Multiple minimal sets, no supersets"
qasper,19ebfba9aa5a9596b09a0cfb084ff8ebf24a3b91,1602.03483,False,2,"Multiple minimal sets, no supersets"
qasper,1a2b69dfa81dfeadd67b133229476086f2cc74a8,1712.00733,False,0,One distinct set
qasper,1a419468d255d40ae82ed7777618072a48f0091b,1704.06851,False,1,"Multiple sets, one minimal set"
qasper,1a6156189297b2fe17f174ef55cbd20341bb7dbf,1611.06322,False,0,One distinct set
qasper,1acf06105f6c1930f869347ef88160f55cbf382b,1909.00871,False,2,"Multiple minimal sets, no supersets"
qasper,1c182b4805b336bd6e1a3f43dc84b07db3908d4a,1910.12203,True,0,One distinct set
qasper,1ce6c09cf886df41a3d3c52ce82f370c5a30334a,1905.01347,True,0,One distinct set
qasper,1d047286ac63e5dca1ab811172b89d7d125679e5,1910.03943,False,0,One distinct set
qasper,1d10e069b4304fabfbed69acf409f0a311bdc441,1806.09652,False,0,One distinct set
qasper,1d263356692ed8cdee2a13f103a82d98f43d66eb,2003.11528,False,1,"Multiple sets, one minimal set"
qasper,1d6d21043b9fd0ed3ccccdc6317dcf5a1347ef03,1802.09059,True,2,"Multiple minimal sets, no supersets"
qasper,1d7b99646a1bc05beec633d7a3beb083ad1e8734,1803.02155,False,0,One distinct set
qasper,1d9d7c96c5e826ac06741eb40e89fca6b4b022bd,1603.00957,False,2,"Multiple minimal sets, no supersets"
qasper,1dc5bf9dca7de2ba21db10e9056d3906267ef5d5,1912.07940,False,2,"Multiple minimal sets, no supersets"
qasper,1dcfcfa46dbcffc2fc7be92dd57df9620258097b,1908.11046,False,0,One distinct set
qasper,1e11e74481ead4b7635922bbe0de041dc2dde28d,1610.03807,False,0,One distinct set
qasper,1e7e3f0f760cd628f698b73d82c0f946707855ca,1710.07695,True,0,One distinct set
qasper,1ec0be667a6594eb2e07c50258b120e693e040a8,1805.11598,False,1,"Multiple sets, one minimal set"
qasper,1ecbbb60dc44a701e9c57c22167dd412711bb0be,1812.00382,False,1,"Multiple sets, one minimal set"
qasper,1f011fa772ce802e74eda89f706cdb1aa2833686,1910.01340,False,2,"Multiple minimal sets, no supersets"
qasper,1f053f338df6d238cb163af1a0b1b073e749ed8a,1806.09652,True,1,"Multiple sets, one minimal set"
qasper,1f40adc719d8ccda81e7e90525b577f5698b5aad,1803.07828,False,2,"Multiple minimal sets, no supersets"
qasper,1f8044487af39244d723582b8a68f94750eed2cc,1910.01340,False,1,"Multiple sets, one minimal set"
qasper,1faccdc78bbd99320c160ac386012720a0552119,1908.11053,False,1,"Multiple sets, one minimal set"
qasper,1fcd25e9a63a53451cac9ad2b8a1b529aff44a97,1910.01992,True,0,One distinct set
qasper,1fd31fdfff93d65f36e93f6919f6976f5f172197,1709.05295,False,2,"Multiple minimal sets, no supersets"
qasper,200c37060d037dee33f3b7c8b1a2aaa58376566e,1903.04329,True,0,One distinct set
qasper,20632fc4d2b693b5aabfbbc99ee5c1e9fc485dea,1912.02866,False,2,"Multiple minimal sets, no supersets"
qasper,21c89ee0281f093b209533453196306b9699b552,1706.00188,False,2,"Multiple minimal sets, no supersets"
qasper,21f6cb3819c85312364dd17dd4091df946591ef0,1704.08390,True,0,One distinct set
qasper,22225ba18a6efe74b1315cc08405011d5431498e,1705.00571,False,2,"Multiple minimal sets, no supersets"
qasper,22488c8628b6db5fd708b6471c31a8eac31f66df,1906.01749,True,2,"Multiple minimal sets, no supersets"
qasper,2280ed1e2b3e99921e2bca21231af43b58ca04f0,1911.09247,False,0,One distinct set
qasper,22c125c461f565f5437dac74bf19c2ef317bad86,1703.04009,False,0,One distinct set
qasper,2301424672cb79297cf7ad95f23b58515e4acce8,1911.05652,False,2,"Multiple minimal sets, no supersets"
qasper,230f127e83ac62dd65fccf6b1a4960cf0f7316c7,2004.02401,False,1,"Multiple sets, one minimal set"
qasper,230ff86b7b90b87c33c53014bb1e9c582dfc107f,1805.11937,False,2,"Multiple minimal sets, no supersets"
qasper,23252644c04a043f630a855b563666dd57179d98,2002.00175,False,0,One distinct set
qasper,235c7c7ca719068136928b18e19f9661e0f72806,2004.01820,True,1,"Multiple sets, one minimal set"
qasper,23cbf6ab365c1eb760b565d8ba51fb3f06257d62,1910.02677,False,1,"Multiple sets, one minimal set"
qasper,23fe8431058f2a7b7588745766fc715f271aad07,2004.02334,False,0,One distinct set
qasper,243cf21c4e34c4b91fcc4905aa4dc15a72087f0c,1903.02930,False,0,One distinct set
qasper,246e924017c48fa1f069361c44133fdf4f0386e1,1909.01720,False,0,One distinct set
qasper,252599e53f52b3375b26d4e8e8b66322a42d2563,1709.06365,False,1,"Multiple sets, one minimal set"
qasper,25a8d432bf94af1662837877bc6c284e2fc3fbe2,1908.10001,False,0,One distinct set
qasper,25e6ba07285155266c3154d3e2ca1ae05c2f7f2d,2004.03090,False,2,"Multiple minimal sets, no supersets"
qasper,26844cec57df6ff0f02245ea862af316b89edffe,1808.10290,False,2,"Multiple minimal sets, no supersets"
qasper,2686e8d51caff9a19684e0c9984bcb5a1937d08d,1606.02892,False,0,One distinct set
qasper,26e32f24fe0c31ef25de78935daa479534b9dd58,1911.01940,True,2,"Multiple minimal sets, no supersets"
qasper,26eceba0e6e4c0b6dfa94e5708dd74b63f701731,1712.02555,False,0,One distinct set
qasper,2711ae6dd532d136295c95253dbf202e37ecd3e7,1909.06708,False,3,Multiple minimal sets plus supersets
qasper,2749fb1725a2c4bdba5848e2fc424a43e7c4be51,2004.04498,False,2,"Multiple minimal sets, no supersets"
qasper,27d7a30e42921e77cfffafac5cb0d16ce5a7df99,1707.02892,False,0,One distinct set
qasper,2834a340116026d5995e537d474a47d6a74c3745,1705.01306,True,0,One distinct set
qasper,283d358606341c399e369f2ba7952cd955326f73,1611.02378,True,2,"Multiple minimal sets, no supersets"
qasper,28847b20ca63dc56f2545e6f6ec3082d9dbe1b3f,2003.12660,False,0,One distinct set
qasper,2895a3fc63f6f403445c11043460584e949fb16c,1710.07695,False,2,"Multiple minimal sets, no supersets"
qasper,28a8a1542b45f67674a2f1d54fff7a1e45bfad66,2002.04326,False,2,"Multiple minimal sets, no supersets"
qasper,2929e92f9b4939297b4d0f799d464d46e8d52063,1908.11046,False,1,"Multiple sets, one minimal set"
qasper,2974237446d04da33b78ce6d22a477cdf80877b7,1611.06322,False,2,"Multiple minimal sets, no supersets"
qasper,29794bda61665a1fbe736111e107fd181eacba1b,1911.01214,False,2,"Multiple minimal sets, no supersets"
qasper,2a120f358f50c377b5b63fb32633223fa4ee2149,1803.05160,False,2,"Multiple minimal sets, no supersets"
qasper,2a9c7243744b42f1e9fed9ff2ab17c6f156b1ba4,1804.05306,False,0,One distinct set
qasper,2abcff4fdedf9b17f76875cc338ba4ab8d1eccd3,2003.11687,True,0,One distinct set
qasper,2abf916bc03222d3b2a3d66851d87921ff35c0d2,1803.06745,False,1,"Multiple sets, one minimal set"
qasper,2ae66798333b905172e2c0954e9808662ab7f221,1903.00384,False,2,"Multiple minimal sets, no supersets"
qasper,2aeabec8a734a6e8ca9e7a308dd8c9a1011b3d6e,1801.05617,False,2,"Multiple minimal sets, no supersets"
qasper,2b32cf05c5e736f764ceecc08477e20ab9f2f5d7,1908.06493,False,2,"Multiple minimal sets, no supersets"
qasper,2ba2ff6c21a16bd295b07af1ef635b3b4c5bd17e,1912.04979,False,2,"Multiple minimal sets, no supersets"
qasper,2bd702174e915d97884d1571539fb1b5b0b7123a,1802.02614,False,1,"Multiple sets, one minimal set"
qasper,2c60628d54f2492e0cbf0fb8bacd8e54117f0c18,1902.10246,False,1,"Multiple sets, one minimal set"
qasper,2ca3ca39d59f448e30be6798514709be7e3c62d8,1603.01547,False,1,"Multiple sets, one minimal set"
qasper,2cb20bae085b67e357ab1e18ebafeac4bbde5b4a,1901.05389,False,0,One distinct set
qasper,2d5d0b0c54105717bf48559b914fefd0c94964a6,2003.12660,False,2,"Multiple minimal sets, no supersets"
qasper,2d91554c3f320a4bcfeb00aa466309074a206712,1903.01411,False,1,"Multiple sets, one minimal set"
qasper,2dba0b83fc22995f83e7ac66cc8f68bcdcc70ee9,1909.04251,True,0,One distinct set
qasper,2ddfb40a9e73f382a2eb641c8e22bbb80cef017b,1906.01502,False,1,"Multiple sets, one minimal set"
qasper,2e37eb2a2a9ad80391e57acb53616eab048ab640,2003.13028,False,2,"Multiple minimal sets, no supersets"
qasper,2e4688205c8e344cded7a053b6014cce04ef1bd5,1611.04234,True,0,One distinct set
qasper,2ecd12069388fd58ad5f8f4ae7ac1bb4f56497b9,1905.08067,False,0,One distinct set
qasper,2ee4ecf98ef7d02c9e4d103968098fe35f067bbb,1908.07491,False,1,"Multiple sets, one minimal set"
qasper,2f23bd86a9e27dcd88007c9058ddfce78a1a377b,1707.07568,False,0,One distinct set
qasper,2f75b0498cf6a1fc35f1fb1cac44fc2fbd3d7878,2002.00175,False,2,"Multiple minimal sets, no supersets"
qasper,301a453abaa3bc15976817fefce7a41f3b779907,1805.04558,False,1,"Multiple sets, one minimal set"
qasper,30870a962cf88ac8c8e6b7b795936fd62214f507,1709.06136,False,0,One distinct set
qasper,311f9971d61b91c7d76bba1ad6f038390977a8be,1910.02677,False,0,One distinct set
qasper,31894361833b3e329a1fb9ebf85a78841cff229f,1905.08067,False,0,One distinct set
qasper,31a3ec8d550054465e55a26b0136f4d50d72d354,1608.01972,False,2,"Multiple minimal sets, no supersets"
qasper,31e6062ba45d8956791e1b86bad7efcb6d1b191a,1703.10152,False,1,"Multiple sets, one minimal set"
qasper,32f2aa2df0152050cbcd27dd2f408b2fa5894031,1711.01567,False,2,"Multiple minimal sets, no supersets"
qasper,3319d56556ae1597a86384057db0831e32774b90,1611.06322,False,1,"Multiple sets, one minimal set"
qasper,334aa5540c207768931a0fe78aa4981a895ba37c,1909.11980,False,1,"Multiple sets, one minimal set"
qasper,338a3758dccfa438a52d173fbe23a165ef74a0f0,1909.12016,False,0,One distinct set
qasper,3435e365adf7866e45670c865dc33bb7d2a6a0c6,1911.03642,False,0,One distinct set
qasper,344238de7208902f7b3a46819cc6d83cc37448a0,1908.06024,True,1,"Multiple sets, one minimal set"
qasper,3450723bf66956486de777f141bde5073e4a7694,1906.01076,False,0,One distinct set
qasper,34b434825f0ca3225dc8914f9da865d2b4674f08,1912.08084,True,2,"Multiple minimal sets, no supersets"
qasper,34e9e54fa79e89ecacac35f97b33ef3ca3a00f85,1909.02855,True,0,One distinct set
qasper,351f7b254e80348221e0654478663a5e53d3fe65,1810.12897,False,0,One distinct set
qasper,3588988f2230f3329d7523fbb881b20bf177280d,1811.00051,False,0,One distinct set
qasper,35e0e6f89b010f34cfb69309b85db524a419c862,1911.10401,False,0,One distinct set
qasper,35f48b8f73728fbdeb271b170804190b5448485a,1809.03695,False,2,"Multiple minimal sets, no supersets"
qasper,361f330d3232681f1a13c6d59abb6c18246e7b35,1909.00369,True,1,"Multiple sets, one minimal set"
qasper,363a24ecb8ab45215134935e7e8165fff72ff90f,2004.01970,False,2,"Multiple minimal sets, no supersets"
qasper,3699927c6c1146f5057576034d226a99946d52cb,1902.08830,False,3,Multiple minimal sets plus supersets
qasper,369d7bc5351409910c7a5e05c0cbb5abab8e50ec,2004.03090,True,0,One distinct set
qasper,36cb7ebdd39e0b8a89ff946d3a3aef8a76a6bb43,1908.09919,False,2,"Multiple minimal sets, no supersets"
qasper,371433bd3fb5042bacec4dfad3cfff66147c14f0,1909.04387,False,1,"Multiple sets, one minimal set"
qasper,376e8ed6e039e07c892c77b7525778178d56acb7,1908.07491,True,0,One distinct set
qasper,37ac705166fa87dc74fe86575bf04bea56cc4930,2004.02363,False,0,One distinct set
qasper,37b972a3afae04193411dc569f672d802c16ad71,1911.06815,False,0,One distinct set
qasper,37e6ce5cfc9d311e760dad8967d5085446125408,2002.08902,False,0,One distinct set
qasper,38055717edf833566d912f14137b92a1d9c4f65a,1909.10481,False,2,"Multiple minimal sets, no supersets"
qasper,380e71848d4b0d1e983d504b1249119612f00bcb,1706.00188,False,2,"Multiple minimal sets, no supersets"
qasper,38289bd9592db4d3670b65a0fef1fe8a309fee61,1603.08868,False,0,One distinct set
qasper,38363a7ed250bc729508c4c1dc975696a65c53cb,1911.04873,False,0,One distinct set
qasper,389cc454ac97609e9d0f2b2fe70bf43218dd8ba7,1911.03324,False,0,One distinct set
qasper,389ff1927ba9fc8bac50959fc09f30c2143cc14e,1804.09692,True,1,"Multiple sets, one minimal set"
qasper,38af3f25c36c3725a31304ab96e2c200c55792b4,1806.03369,False,1,"Multiple sets, one minimal set"
qasper,397a1e851aab41c455c2b284f5e4947500d797f0,1911.10742,False,0,One distinct set
qasper,3a06d40a4bf5ba6e26d9138434e9139a014deb40,1908.09283,False,0,One distinct set
qasper,3a19dc6999aeb936d8a1c4509ebd5bfcda50f0f1,1909.12016,False,2,"Multiple minimal sets, no supersets"
qasper,3a25f82512d56d9e1ffba72f977f515ae3ba3cca,2003.09244,True,2,"Multiple minimal sets, no supersets"
qasper,3a33512d253005ac280ee9ca4f9dfa69aa38d48f,1910.07973,False,0,One distinct set
qasper,3c414f7fbf577dfd3363be6bbc9eba8bdd01f45f,1610.03955,False,1,"Multiple sets, one minimal set"
qasper,3cc0d773085dc175b85955e95911a2cfaab2cdc4,1707.06519,False,1,"Multiple sets, one minimal set"
qasper,3cc9a820c4a2cd2ff61da920c41ed09f3c0135be,1911.00461,False,2,"Multiple minimal sets, no supersets"
qasper,3ccc4ccebc3b0de5546b1208e8094a839fd4a4ab,1808.09180,False,2,"Multiple minimal sets, no supersets"
qasper,3cfe464052f0a248b6e22c9351279403dfe34f3c,1910.10762,False,2,"Multiple minimal sets, no supersets"
qasper,3d5b4aa1ce99903b1fcd257c1e394f7990431d13,1810.13414,True,0,One distinct set
qasper,3d662fb442d5fc332194770aac835f401c2148d9,1911.09247,False,1,"Multiple sets, one minimal set"
qasper,3d73cb92d866448ec72a571331967da5d34dfbb1,1910.09916,False,0,One distinct set
qasper,3de3a083b8ba3086792d38ae9667e095070f7f37,1905.00472,False,0,One distinct set
qasper,3df6d18d7b25d1c814e9dcc8ba78b3cdfe15edcd,1605.05195,True,0,One distinct set
qasper,3e0fd1a3944e207edbbe7c7108239dbaf3bccd4f,2004.02105,False,0,One distinct set
qasper,3e23cc3c5e4d5cec51d158130d6aeae120e94fc8,1610.07149,False,0,One distinct set
qasper,3e5162e6399c7d03ecc7007efd21d06c04cf2843,1911.11025,True,0,One distinct set
qasper,3e88fcc94d0f451e87b65658751834f6103b2030,1908.05908,False,1,"Multiple sets, one minimal set"
qasper,3ea82a5ca495ffbd1e30e8655aef1be4ba423efe,1911.12559,False,3,Multiple minimal sets plus supersets
qasper,3eb107f35f4f5f5f527a93ffb487aa2e3fe51efd,1805.07882,True,0,One distinct set
qasper,3ed8ac1ba4df6609fa7de5077d83e820641edc5e,1707.09816,False,2,"Multiple minimal sets, no supersets"
qasper,3f717e6eceab0a066af65ddf782c1ebc502c28c0,1909.12079,False,0,One distinct set
qasper,3f8a42eb0e904ce84c3fded2103f674e9cbc893d,1911.00202,False,2,"Multiple minimal sets, no supersets"
qasper,3fd8eab282569b1c18b82f20d579b335ae70e79f,1906.01502,False,1,"Multiple sets, one minimal set"
qasper,4137a82d7752be7a6c142ceb48ce784fd475fb06,1708.05521,False,0,One distinct set
qasper,420862798054f736128a6f0c4393c7f9cc648b40,1603.09405,True,0,One distinct set
qasper,42269ed04e986ec5dc4164bf57ef306aec4a1ae1,1608.01972,False,1,"Multiple sets, one minimal set"
qasper,42279c3a202a93cfb4aef49212ccaf401a3f8761,1803.05160,False,2,"Multiple minimal sets, no supersets"
qasper,425d17465ff91019eb87c28ff3942f781ba1bbcb,1901.03253,True,2,"Multiple minimal sets, no supersets"
qasper,4288621e960ffbfce59ef1c740d30baac1588b9b,1611.04887,False,1,"Multiple sets, one minimal set"
qasper,42a4ab4607a9eec42c427a817b7e898230d26444,1909.09070,False,3,Multiple minimal sets plus supersets
qasper,42dcf1bb19b8470993c05e55413eed487b0f2559,1905.08067,False,0,One distinct set
qasper,42eb7c5311fc1ac0344f0b38d3184ccd4faad3be,2004.01820,True,0,One distinct set
qasper,430ad71a0fd715a038f3c0fe8d7510e9730fba23,1805.09960,False,1,"Multiple sets, one minimal set"
qasper,43729be0effb5defc62bae930ceacf7219934f1e,2003.07568,False,3,Multiple minimal sets plus supersets
qasper,43f43b135109ebd1d2d1f9af979c64ce550b5f0f,1804.05253,False,0,One distinct set
qasper,441a2b80e82266c2cc2b306c0069f2b564813fed,1906.04236,False,1,"Multiple sets, one minimal set"
qasper,4485e32052741972877375667901f61e602ec4de,1805.11850,False,0,One distinct set
qasper,452e2d7d7d9e1bb4914903479cd7caff9f6fae42,1706.00188,False,0,One distinct set
qasper,458e5ed506883bfec6623102ec9f43c071f0616f,1801.05617,False,0,One distinct set
qasper,45aab23790161cbc55f78e16fdf5678a3f5b4b92,1610.06510,True,0,One distinct set
qasper,45e6532ac06a59cb6a90624513242b06d7391501,1912.11637,False,2,"Multiple minimal sets, no supersets"
qasper,4683812cba21c92319be68c03260b5a8175bbb6e,1602.07563,False,2,"Multiple minimal sets, no supersets"
qasper,468eb961215a554ace8088fa9097a7ad239f2d71,2004.04478,False,0,One distinct set
qasper,46aa61557c8d20b1223a30366a0704d7af68bbbe,1910.07924,False,1,"Multiple sets, one minimal set"
qasper,46d051b8924ad0ef8cfba9c7b5b84707ee72f26a,1907.04072,False,0,One distinct set
qasper,46e660becd727c994a2a35c6587e15ea8bf8272d,1809.08935,False,0,One distinct set
qasper,471683ba6251b631f38a24d42b6dba6f52dee429,2003.12139,True,0,One distinct set
qasper,4748a50c96acb1aa03f7efd1b43376c193b2450a,1709.04491,False,1,"Multiple sets, one minimal set"
qasper,475e698a801be0ad9e4f74756d1fff4fe0728009,1805.11598,False,2,"Multiple minimal sets, no supersets"
qasper,475ef4ad32a8589dae9d97048166d732ae5d7beb,1906.01502,True,1,"Multiple sets, one minimal set"
qasper,477da8d997ff87400c6aad19dcc74f8998bc89c3,1805.11850,False,1,"Multiple sets, one minimal set"
qasper,47b7bc232af7bf93338bd3926345e23e9e80c0c1,1811.01183,True,0,One distinct set
qasper,47ffc9811b037613c9c4d1ec1e4f13c08396ed1c,1603.03876,True,0,One distinct set
qasper,488e3c4fd1103c46e12815d1bf414a0356fb0d0e,1903.02930,False,0,One distinct set
qasper,48ff9645a506aa2c17810d2654d1f0f0d9e609ee,1910.01108,False,1,"Multiple sets, one minimal set"
qasper,4999da863ecbd40378505bfb1f4e395061a3f559,1911.06919,False,1,"Multiple sets, one minimal set"
qasper,49cd18448101da146c3187a44412628f8c722d7b,1705.01306,False,0,One distinct set
qasper,4a093a9af4903a59057a4372ac1b01603467ca58,1602.07563,False,2,"Multiple minimal sets, no supersets"
qasper,4a201b8b9cc566b56aedb5ab45335f202bc41845,1803.07828,False,0,One distinct set
qasper,4a91432abe3f54fcbdd00bb85dc0df95b16edf42,1703.04009,False,0,One distinct set
qasper,4ae0b50c88a174cfc283b90cd3c9407de13fd370,1802.09059,False,2,"Multiple minimal sets, no supersets"
qasper,4afd4cfcb30433714b135b977baff346323af1e3,1911.02747,True,0,One distinct set
qasper,4b6745982aa64fbafe09f7c88c8d54d520b3f687,1805.09960,True,0,One distinct set
qasper,4cb2e80da73ae36de372190b4c1c490b72977ef8,1609.02075,False,1,"Multiple sets, one minimal set"
qasper,4d5b74499804ea5bc5520beb88d0f9816f67205a,1907.04072,False,1,"Multiple sets, one minimal set"
qasper,4d824b49728649432371ecb08f66ba44e50569e0,1612.04118,False,2,"Multiple minimal sets, no supersets"
qasper,4d887ce7dc43528098e7a3d9cd13c6c36f158c53,1803.02155,False,2,"Multiple minimal sets, no supersets"
qasper,4ddc53afffaf1622d97695347dd1b3190d156dee,1808.07231,False,0,One distinct set
qasper,4de6bcddd46726bf58326304b0490fdb9e7e86ec,1908.07491,False,1,"Multiple sets, one minimal set"
qasper,4e106b03cc2f54373e73d5922e97f7e5e9bf03e4,1906.00424,False,0,One distinct set
qasper,4e59808a7f73ac499b9838d3c0ce814196a02473,1908.06259,False,2,"Multiple minimal sets, no supersets"
qasper,4eb42c5d56d695030dd47ea7f6d65164924c4017,1910.09387,False,0,One distinct set
qasper,4f57ac24f3f4689a2f885715cd84b7d867fe3f12,1908.06893,True,0,One distinct set
qasper,5096aaea2d0f4bea4c12e14f4f7735e1aea1bfa6,1706.00188,False,2,"Multiple minimal sets, no supersets"
qasper,50bcbb730aa74637503c227f022a10f57d43f1f7,1703.05320,False,1,"Multiple sets, one minimal set"
qasper,50c1bf8b928069f3ffc7f0cb00aa056a163ef336,1906.01502,False,2,"Multiple minimal sets, no supersets"
qasper,50c441a9cc7345a0fa408d1ce2e13f194c1e82a8,1911.11161,False,1,"Multiple sets, one minimal set"
qasper,5102dc911913e9ca0311253e44fd31c73eed0a57,1909.07158,False,0,One distinct set
qasper,511e46b5aa8e1ee9e7dc890f47fa15ef94d4a0af,1804.07445,False,0,One distinct set
qasper,5154f63c50729b8ac04939588c2f5ffeb916e3df,1801.05617,False,3,Multiple minimal sets plus supersets
qasper,516b691ef192f136bb037c12c3c9365ef5a6604c,1706.02222,False,2,"Multiple minimal sets, no supersets"
qasper,5181527e6a61a9a192db5f8064e56ec263c42661,1909.11980,True,0,One distinct set
qasper,51e9f446d987219bc069222731dfc1081957ce1f,1910.03355,False,0,One distinct set
qasper,521a3e7300567f6e8e4c531f223dbc9fc306c393,1911.00202,True,2,"Multiple minimal sets, no supersets"
qasper,52868394eb2b3b37eb5f47f51c06ad53061f4495,2002.06854,False,2,"Multiple minimal sets, no supersets"
qasper,52faf319e37aa15fff1ab47f634a5a584dc42e75,1708.00549,False,2,"Multiple minimal sets, no supersets"
qasper,5370a0062aae7fa4e700ae47aa143be5c5fc6b22,1811.04791,False,3,Multiple minimal sets plus supersets
qasper,539f5c27e1a2d240e52b711d0a50a3a6ddfa5cb2,1911.04128,False,0,One distinct set
qasper,53a8c3cf22d6bf6477bc576a85a83d8447ee0484,1910.07973,False,1,"Multiple sets, one minimal set"
qasper,54002c15493d4082d352a66fb9465d65bfe9ddca,1911.03977,True,0,One distinct set
qasper,5422a3f2a083395416d6f99c57d28335eb2e44e1,1911.09709,False,2,"Multiple minimal sets, no supersets"
qasper,5499440674f0e4a9d6912b9ac29fa1f7b7cd5253,1811.01183,True,2,"Multiple minimal sets, no supersets"
qasper,5522a9eeb06221722052e3c38f9b0d0dbe7c13e6,1709.06136,True,0,One distinct set
qasper,552b1c813f25bf39ace6cd5eefa56f4e4dd70c84,1911.03854,False,2,"Multiple minimal sets, no supersets"
qasper,554d798e4ce58fd30820200c474d7e796dc8ba89,1810.02268,True,2,"Multiple minimal sets, no supersets"
qasper,55612e92791296baf18013d2c8dd0474f35af770,1707.07568,False,0,One distinct set
qasper,556782bb96f8fc07d14865f122362ebcc79134ec,1909.11706,False,2,"Multiple minimal sets, no supersets"
qasper,55bde89fc5822572f794614df3130d23537f7cf2,2002.04745,False,0,One distinct set
qasper,568466c62dd73a025bfd9643417cdb7a611f23a1,1909.12016,False,0,One distinct set
qasper,5695908a8c6beb0e3863a1458a1b93aab508fd34,1910.10670,False,1,"Multiple sets, one minimal set"
qasper,56d41e0fcc288c1e65806ae77097d685c83e22db,1709.09749,False,2,"Multiple minimal sets, no supersets"
qasper,56d788af4694c1cd1eebee0b83c585836d1f5f99,1912.08084,False,2,"Multiple minimal sets, no supersets"
qasper,573b8b1ad919d3fd0ef7df84e55e5bfd165b3e84,1909.07873,False,0,One distinct set
qasper,5752c8d333afc1e6c666b18d1477c8f669b7a602,1707.02892,True,0,One distinct set
qasper,576a3ed6e4faa4c3893db632e97a52ac6e864aac,1605.04278,False,0,One distinct set
qasper,578add9d3dadf86cd0876d42b03bf0114f83d0e7,1907.04072,False,0,One distinct set
qasper,57d07d2b509c5860880583efe2ed4c5620a96747,2004.04478,False,2,"Multiple minimal sets, no supersets"
qasper,57ee20f494d8ce3fae46028c3f3551d180dba3e0,1611.06322,False,3,Multiple minimal sets plus supersets
qasper,58a3cfbbf209174fcffe44ce99840c758b448364,1707.05589,False,2,"Multiple minimal sets, no supersets"
qasper,59a3d4cdd1c3797962bf8d72c226c847e06e1d44,1908.05925,False,2,"Multiple minimal sets, no supersets"
qasper,5a7d1ae6796e09299522ebda7bfcfad312d6d128,1912.07076,False,2,"Multiple minimal sets, no supersets"
qasper,5ae005917efc17a505ba1ba5e996c4266d6c74b6,1806.06571,False,2,"Multiple minimal sets, no supersets"
qasper,5b2839bef513e5d441f0bb8352807f673f4b2070,1803.06745,False,1,"Multiple sets, one minimal set"
qasper,5bfbc9ca7fd41be9627f6ef587bb7e21c7983be0,2002.06851,False,2,"Multiple minimal sets, no supersets"
qasper,5c17559749810c67c50a7dbe34580d5e3b4f9acb,1706.04206,True,1,"Multiple sets, one minimal set"
qasper,5cc5e2db82f5d40a5244224dad94da50b4f673db,1804.03839,False,0,One distinct set
qasper,5d0a3f8ca3882f87773cf8c2ef1b4f72b9cc241e,1808.10006,False,0,One distinct set
qasper,5d3e87937ecebf0695bece08eccefb2f88ad4a0f,1907.05338,False,0,One distinct set
qasper,5d93245832d90b31aee42ea2bf1e7704c22ebeca,1808.07231,False,0,One distinct set
qasper,5da9e2eef741bd7efccec8e441b8e52e906b2d2d,1804.00982,True,0,One distinct set
qasper,5db47bbb97282983e10414240db78154ea7ac75f,1909.07873,False,1,"Multiple sets, one minimal set"
qasper,5dfd58f91e7740899c23ebfe04b7176edce9ead2,1809.03391,False,2,"Multiple minimal sets, no supersets"
qasper,5e4eac0b0a73d465d74568c21819acaec557b700,1809.03680,False,0,One distinct set
qasper,5f6c1513cbda9ae711bc38df08fe72e3d3028af2,1802.06053,False,0,One distinct set
qasper,5f7f4a1d4380c118a58ed506c057d3b7aa234c1e,1906.04287,False,0,One distinct set
qasper,5fd112980d0dd7f7ce30e6273fe6e7b230b13225,1910.14589,False,2,"Multiple minimal sets, no supersets"
qasper,6014c2219d29bae17279625716e7c2a1f8a2bd05,1604.05559,False,1,"Multiple sets, one minimal set"
qasper,610fc593638c5e9809ea9839912d0b282541d42d,1804.08000,False,0,One distinct set
qasper,6157567c5614e1954b801431fec680f044e102c6,1610.03807,True,1,"Multiple sets, one minimal set"
qasper,6167618e0c53964f3a706758bdf5e807bc5d7760,1909.01860,False,0,One distinct set
qasper,61a2599acfbd3d75de58e97ecdba2d9cf0978324,1912.08084,True,1,"Multiple sets, one minimal set"
qasper,61e96abdc924c34c6b82a587168ea3d14fe792d1,1911.10401,True,2,"Multiple minimal sets, no supersets"
qasper,620b6c410a055295d137511d3c99207a47c03b5e,1908.09590,False,0,One distinct set
qasper,627ce8a1db08a732d5a8f7e1f8a72e3de89847e6,1911.09247,False,2,"Multiple minimal sets, no supersets"
qasper,62edffd051d056cf60e17deafcc55a8c9af398cb,1908.10461,True,0,One distinct set
qasper,6371c6863fe9a14bf67560e754ce531d70de10ab,2002.04326,False,2,"Multiple minimal sets, no supersets"
qasper,63cdac43a643fc1e06da44910458e89b2c7cd921,1904.03670,False,0,One distinct set
qasper,63d2e97657419a0185127534f4ff9d0039cb1a63,1804.05253,False,2,"Multiple minimal sets, no supersets"
qasper,63eda2af88c35a507fbbfda0ec1082f58091883a,1711.11118,False,0,One distinct set
qasper,641fe5dc93611411582e6a4a0ea2d5773eaf0310,1802.03052,False,0,One distinct set
qasper,643527e94e8eed1e2229915fcf8cd74d769173fc,1908.09283,False,0,One distinct set
qasper,643645e02ffe8fde45918615ec92013a035d1b92,1704.03279,False,0,One distinct set
qasper,64632981279c7aa16ffc1a44ffc31f4520f5559e,1710.07695,False,0,One distinct set
qasper,647f6e6b168ec38fcdb737d3b276f78402282f9d,1910.13793,False,0,One distinct set
qasper,64c45fdb536ae294cf06716ac20d08b5fdb7944d,1710.01789,True,1,"Multiple sets, one minimal set"
qasper,64f7337970e8d1989b2e1f7106d86f73c4a3d0af,1803.08419,False,2,"Multiple minimal sets, no supersets"
qasper,654fe0109502f2ed2dc8dad359dbbce4393e03dc,1908.09892,False,2,"Multiple minimal sets, no supersets"
qasper,6590055fb033cb32826f2afecb3d7f607dd97d57,1911.03642,False,0,One distinct set
qasper,65b39676db60f914f29f74b7c1264422ee42ad5c,1611.00440,False,2,"Multiple minimal sets, no supersets"
qasper,65c7a2b734dab51c4c81f722527424ff33b023f8,1610.06510,False,0,One distinct set
qasper,65e26b15e087bedb6e8782d91596b35e7454b16b,1611.01116,True,2,"Multiple minimal sets, no supersets"
qasper,6606160e210d05b94f7cbd9c5ff91947339f9d02,1902.08830,True,2,"Multiple minimal sets, no supersets"
qasper,6656a9472499331f4eda45182ea697a4d63e943c,1805.09960,False,0,One distinct set
qasper,6657ece018b1455035421b822ea2d7961557c645,1906.05685,True,0,One distinct set
qasper,6683008e0a8c4583058d38e185e2e2e18ac6cf50,2002.08902,True,0,One distinct set
qasper,66dfcdab1db6a8fcdf392157a478b4cca0d87961,1910.12203,False,0,One distinct set
qasper,67672648e7ebcbef18921006e2c8787966f8cdf2,1901.09501,False,0,One distinct set
qasper,67c16ba64fe27838b1034d15194c07a9c98cdebe,1708.05482,False,1,"Multiple sets, one minimal set"
qasper,67cb001f8ca122ea859724804b41529fea5faeef,1805.07882,False,1,"Multiple sets, one minimal set"
qasper,67f1b8a9f72e62cd74ec42e9631ef763a9b098c7,1908.10001,False,0,One distinct set
qasper,6883767bbdf14e124c61df4f76335d3e91bfcb03,1902.06734,False,0,One distinct set
qasper,68aa460ad357b4228b16b31b2cbec986215813bf,1911.12893,False,2,"Multiple minimal sets, no supersets"
qasper,68f1df3fb0703ff694a055d23e7ec3f6fb449b8d,1801.03615,False,3,Multiple minimal sets plus supersets
qasper,69a46a227269c3aac9bf9d7c3d698c787642f806,1911.11025,False,0,One distinct set
qasper,6a20a3220c4edad758b912e2d3e5b99b0b295d96,1805.04579,False,2,"Multiple minimal sets, no supersets"
qasper,6b1a6517b343fdb79f246955091ff25e440b9511,1902.04094,False,1,"Multiple sets, one minimal set"
qasper,6b4006a90aeaaff8914052d72d28851a9c0c0146,1804.07445,False,0,One distinct set
qasper,6bce04570d4745dcfaca5cba64075242308b65cf,2002.08902,True,0,One distinct set
qasper,6c1614991647705265fb348d28ba60dd3b63b799,1908.10090,True,0,One distinct set
qasper,6cad6f074b0486210ffa4982c8d1632f5aa91d91,1912.10162,False,3,Multiple minimal sets plus supersets
qasper,6cb3007a09ab0f1602cdad20cc0437fbdd4d7f3e,2003.07459,False,0,One distinct set
qasper,6d17dc00f7e5331128b6b585e78cac0b9082e13d,1911.12722,True,0,One distinct set
qasper,6d55e377335815b7ad134d1a2977d231ad34a25b,1701.03578,False,2,"Multiple minimal sets, no supersets"
qasper,6d8a51e2790043497ed2637a1abc36bdffb39b71,1911.02747,False,3,Multiple minimal sets plus supersets
qasper,6e134d51a795c385d72f38f36bca4259522bcf51,1703.10152,False,3,Multiple minimal sets plus supersets
qasper,6e3e9818551fc2f8450bbf09b0fe82ac2506bc7a,1906.06349,False,0,One distinct set
qasper,6e63db22a2a34c20ad341eb33f3422f40d0001d3,1909.02855,False,0,One distinct set
qasper,6e80386b33fbfba8bc1ab811a597d844ae67c578,1910.12203,False,0,One distinct set
qasper,70512cc9dcd45157e40c8d1f85e82d21ade7645b,1603.01547,False,2,"Multiple minimal sets, no supersets"
qasper,708f5f83a3c356b23b27a9175f5c35ac00cdf5db,1910.09916,False,0,One distinct set
qasper,70abb108c3170e81f8725ddc1a3f2357be5a4959,1708.09025,False,1,"Multiple sets, one minimal set"
qasper,713e1c7b0ab17759ba85d7cd2041e387831661df,2002.06854,True,2,"Multiple minimal sets, no supersets"
qasper,71413505d7d6579e2a453a1f09f4efd20197ab4b,1612.03762,False,3,Multiple minimal sets plus supersets
qasper,718c0232b1f15ddb73d40c3afbd6c5c0d0354566,1806.09652,True,0,One distinct set
qasper,71b07d08fb6ac8732aa4060ae94ec7c0657bb1db,1910.01160,False,1,"Multiple sets, one minimal set"
qasper,71b29ab3ddcdd11dcc63b0bb55e75914c07a2217,1908.06024,True,0,One distinct set
qasper,71fd0efea1b441d86d9a75255815ba3efe09779b,1905.07562,False,2,"Multiple minimal sets, no supersets"
qasper,7239c02a0dcc0c3c9d9cddb5e895bcf9cfcefee6,1602.03483,False,1,"Multiple sets, one minimal set"
qasper,726c5c1b6951287f4bae22978f9a91d22d9bef61,1610.09722,True,1,"Multiple sets, one minimal set"
qasper,72dbdd11b655b25b2b254e39689a7d912f334b71,1909.03553,False,1,"Multiple sets, one minimal set"
qasper,732bd97ae34541f215c436e2a1b98db1649cba27,1809.03391,False,0,One distinct set
qasper,7380e62edcb11f728f6d617ee332dc8b5752b185,1612.07486,False,1,"Multiple sets, one minimal set"
qasper,73c535a7b46f0c2408ea2b1da0a878b376a2bca5,1605.04278,True,0,One distinct set
qasper,740cc392c0c8bfadfe6b3a60c0be635c03e17f2a,2004.00809,True,0,One distinct set
qasper,742d5e182b57bfa5f589fde645717ed0ac3f49c2,1610.09722,False,0,One distinct set
qasper,74a17eb3bf1d4f36e2db1459a342c529b9785f6e,1805.09960,True,2,"Multiple minimal sets, no supersets"
qasper,74acaa205a5998af4ad7edbed66837a6f2b5c58b,1712.00733,False,1,"Multiple sets, one minimal set"
qasper,74cef0205e0f31d0ab28d0e4d96c1e8ef62d4cce,1903.04329,True,0,One distinct set
qasper,74ebfba06f37cc95dfe59c3790ebe6165e6be19c,1702.02584,False,2,"Multiple minimal sets, no supersets"
qasper,74fcb741d29892918903702dbb145fef372d1de3,1909.02322,False,1,"Multiple sets, one minimal set"
qasper,753a187c1dd8d96353187fbb193b5f86293a796c,1911.01214,True,2,"Multiple minimal sets, no supersets"
qasper,754d7475b8bf50499ed77328b4b0eeedf9cb2623,1806.09652,False,0,One distinct set
qasper,7557f2c3424ae70e2a79c51f9752adc99a9bdd39,1901.05389,True,0,One distinct set
qasper,7561bd3b8ba7829b3a01ff07f9f3e93a7b8869cc,2002.06851,True,0,One distinct set
qasper,756a8a9125e6984e0ca768b653c6c760efa3db66,1905.00840,False,1,"Multiple sets, one minimal set"
qasper,7572f6e68a2ed2c41b87c5088ba8680afa0c0a0b,1808.07231,False,2,"Multiple minimal sets, no supersets"
qasper,75b3e2d2caec56e5c8fbf6532070b98d70774b95,1911.12237,False,1,"Multiple sets, one minimal set"
qasper,75c221920bee14a6153bd5f4c1179591b2f48d59,2004.02401,False,1,"Multiple sets, one minimal set"
qasper,7625068cc22a095109580b83eff48616387167c2,2004.03090,False,2,"Multiple minimal sets, no supersets"
qasper,76ae794ced3b5ae565f361451813f2f3bc85b214,1605.05156,False,1,"Multiple sets, one minimal set"
qasper,76e17e648a4d1f386eb6bf61b0c24f134af872be,1808.07231,False,2,"Multiple minimal sets, no supersets"
qasper,76f90c88926256e7f90d2104a88acfdd7fc5475e,1910.07154,False,0,One distinct set
qasper,7748c072e07d6c6db5a34be38b4a5e97ac6d7999,1905.00840,False,1,"Multiple sets, one minimal set"
qasper,778c6a27182349dc5275282c3e9577bda2555c3d,1905.08067,True,0,One distinct set
qasper,77a331d4d909d92fab9552b429adde5379b2ae69,1706.02222,False,2,"Multiple minimal sets, no supersets"
qasper,77bbe1698e001c5889217be3164982ea36e85752,1908.11046,False,2,"Multiple minimal sets, no supersets"
qasper,77bc886478925c8e9fb369b1ba5d05c42b3cd79a,1804.00982,False,0,One distinct set
qasper,77c3416578b52994227bae7f2529600f02183e12,2003.11687,False,0,One distinct set
qasper,78c7318b2218b906a67d8854f3e511034075f79a,1909.03087,False,2,"Multiple minimal sets, no supersets"
qasper,78f8dad0f1acf024f69b3218b2d204b8019bb0d2,1901.05415,False,0,One distinct set
qasper,79258cea30cd6c0662df4bb712bf667589498a1f,1707.07568,False,0,One distinct set
qasper,7969b8d80e12aa3ebb89b5622bc564f44e98329f,1909.11706,False,2,"Multiple minimal sets, no supersets"
qasper,79885526713cc16eb734c88ff1169ae802cad589,2002.00175,False,0,One distinct set
qasper,79e61134a6e29141cd19252571ffc92a0b4bc97f,1907.05338,True,1,"Multiple sets, one minimal set"
qasper,7a212a34e9dbb0ba52c40471842b2e0e3e14f276,1908.09355,True,2,"Multiple minimal sets, no supersets"
qasper,7a84fed904acc1e0380deb6e5a2e1daacfb5907a,2001.04346,False,0,One distinct set
qasper,7a8b24062a5bb63a8b4c729f6247a7fd2fec7f07,1907.08540,False,1,"Multiple sets, one minimal set"
qasper,7ae95716977d39d96e871e552c35ca0753115229,1610.09722,False,0,One distinct set
qasper,7b76b8b69246525a48c0a8ca0c42db3319cd10a5,1704.08390,False,2,"Multiple minimal sets, no supersets"
qasper,7ba6330d105f49c7f71dba148bb73245a8ef2966,1708.07690,False,0,One distinct set
qasper,7c2d6bc913523d77e8fdc82c60598ee95b445d84,1911.09709,False,2,"Multiple minimal sets, no supersets"
qasper,7caeb5ef6f2985b2cf383cd01765d247c936605f,1910.01992,False,2,"Multiple minimal sets, no supersets"
qasper,7cf44877dae8873139aede381fb9908dd0c546c4,1703.04357,True,2,"Multiple minimal sets, no supersets"
qasper,7d34cdd9cb1c988e218ce0fd59ba6a3b5de2024a,1802.03052,True,0,One distinct set
qasper,7d503b3d4d415cf3e91ab08bd5a1a2474dd1047b,1909.08357,True,0,One distinct set
qasper,7d8cd7d6c86349ef0bd4fdbd84c8dc49c7678f46,1709.06365,False,1,"Multiple sets, one minimal set"
qasper,7de0b2df60d3161dd581ed7915837d460020bc11,1909.06502,False,2,"Multiple minimal sets, no supersets"
qasper,7e906dc00e92088a25df3719104d1750e5a27485,1909.13184,False,0,One distinct set
qasper,7e9aec2bdf4256c6249cad9887c168d395b35270,1909.00871,True,0,One distinct set
qasper,7ece07a84635269bb19796497847e4517d1e3e61,1709.06136,True,1,"Multiple sets, one minimal set"
qasper,7ef7a5867060f91eac8ad857c186e51b767c734b,1908.06259,True,0,One distinct set
qasper,7f958017cbb08962c80e625c2fd7a1e2375f27a3,1809.08899,False,0,One distinct set
qasper,7ff7c286d3118a8be5688e2d18e9a56fe83679ad,1812.00382,False,2,"Multiple minimal sets, no supersets"
qasper,800fcd8b08d36c5276f9e5e1013208d41b46de59,1805.04558,False,2,"Multiple minimal sets, no supersets"
qasper,803babb71e1bdaf507847d6c712585f4128e9f47,1910.14589,False,0,One distinct set
qasper,804466848f4fa1c552f0d971dce226cd18b9edda,1908.11053,False,0,One distinct set
qasper,804bf5adc6dc5dd52f8079cf041ed3a710e03f8a,1805.04833,False,0,One distinct set
qasper,80bb07e553449bde9ac0ff35fcc718d7c161f2d4,2003.12660,False,0,One distinct set
qasper,80d6b9123a10358f57f259b8996a792cac08cb88,1809.06083,True,0,One distinct set
qasper,811b67460e65232b8f363dc3f329ffecdfcc4ab2,1911.12893,False,3,Multiple minimal sets plus supersets
qasper,813a8156f9ed8ead53dda60ef54601f6ca8076e9,1607.00167,False,1,"Multiple sets, one minimal set"
qasper,814e945668e2b6f31b088918758b120fb00ada7d,2003.11687,False,0,One distinct set
qasper,81e101b2c803257492d67a00e8a1d9a07cbab136,1909.05372,False,2,"Multiple minimal sets, no supersets"
qasper,824629b36a75753b1500d9dcaee0fc3c758297b1,1905.08067,False,0,One distinct set
qasper,8246d1eee1482555d075127ac84f2e1d0781a446,1805.11598,False,1,"Multiple sets, one minimal set"
qasper,8276671a4d4d1fbc097cd4a4b7f5e7fadd7b9833,2002.00175,False,1,"Multiple sets, one minimal set"
qasper,82f8843b59668567bba09fc8f93963ca7d1fe107,1908.07491,False,1,"Multiple sets, one minimal set"
qasper,83db51da819adf6faeb950fe04b4df942a887fb5,1809.08899,False,2,"Multiple minimal sets, no supersets"
qasper,845bdcd900c0f96b2ae091d086fb1ab8bb1063f0,2004.00809,False,2,"Multiple minimal sets, no supersets"
qasper,84765903b8c7234ca2919d0a40e3c6a5bcedf45d,1911.04873,True,2,"Multiple minimal sets, no supersets"
qasper,8599d6d14ac157169920c73b98a79737c7a68cf5,1909.00437,False,2,"Multiple minimal sets, no supersets"
qasper,85e417231a4bbb6691f7a89bd81710525f8fec4c,1611.06322,False,3,Multiple minimal sets plus supersets
qasper,860257956b83099cccf1359e5d960289d7d50265,1702.02367,False,0,One distinct set
qasper,863b3f29f8c59f224b4cbdb5f1097b45a25f1d88,2001.04346,False,1,"Multiple sets, one minimal set"
qasper,865811dcf63a1dd3f22c62ec39ffbca4b182de31,1709.05295,False,2,"Multiple minimal sets, no supersets"
qasper,86656aae3c27c6ea108f5600dd09ab7e421d876a,1906.01749,False,0,One distinct set
qasper,867b1bb1e6a38de525be7757d49928a132d0dbd8,1912.00342,False,2,"Multiple minimal sets, no supersets"
qasper,86c867b393db0ec4ad09abb48cc1353cac47ea4c,1806.07042,False,2,"Multiple minimal sets, no supersets"
qasper,86d1c990c1639490c239c3dbf5492ecc44ab6652,1708.01065,False,1,"Multiple sets, one minimal set"
qasper,8701ec7345ccc2c35eca4e132a8e16d58585cd63,1908.05731,False,2,"Multiple minimal sets, no supersets"
qasper,871f7661f5a3da366b0b5feaa36f54fd3dedae8e,2003.09244,False,0,One distinct set
qasper,8795bb1f874e5f3337710d8c3d5be49e672ab43a,1908.05803,True,0,One distinct set
qasper,88757bc49ccab76e587fba7521f0981d6a1af2f7,1702.02584,False,0,One distinct set
qasper,887d7f3edf37ccc6bf2e755dae418b04d2309686,1805.11937,False,1,"Multiple sets, one minimal set"
qasper,89373db8ced1fe420eae0093b2736f06b565616e,1901.02780,True,2,"Multiple minimal sets, no supersets"
qasper,894bbb1e42540894deb31c04cba0e6cfb10ea912,1911.12237,True,1,"Multiple sets, one minimal set"
qasper,8a0e1a298716698a305153c524bf03d18969b1c6,2001.11316,False,2,"Multiple minimal sets, no supersets"
qasper,8ad5ebca2f69023b60ccfa3aac0ed426234437ac,1911.02747,True,0,One distinct set
qasper,8b1af67e3905244653b4cf66ba0acec8d6bff81f,1704.08390,False,3,Multiple minimal sets plus supersets
qasper,8b49423b7d1fa834128aa5038aa16c6ef3fdfa32,1909.04242,False,0,One distinct set
qasper,8b8adb1d5a1824c8995b3eba668745c44f61c9c6,1903.04329,False,3,Multiple minimal sets plus supersets
qasper,8c288120139615532838f21094bba62a77f92617,1802.06053,False,0,One distinct set
qasper,8c89f1d1b3c2a45c0254c4c8d6e700ab9a4b4ffb,1703.10090,False,2,"Multiple minimal sets, no supersets"
qasper,8cbe3fa4ec0f66071e3d6b829b09b6395b631c44,1611.06322,True,0,One distinct set
qasper,8cf52ba480d372fc15024b3db704952f10fdca27,1802.02614,True,0,One distinct set
qasper,8cf5abf0126f19253930478b02f0839af28e4093,1805.04558,False,0,One distinct set
qasper,8d3f79620592d040f9f055b4fce0f73cc45aab63,1711.04964,False,2,"Multiple minimal sets, no supersets"
qasper,8d683d2e1f46626ceab60ee4ab833b50b346c29e,1908.11053,False,0,One distinct set
qasper,8db11d9166474a0e98b99ac7f81d1f14539d79ec,1910.10487,True,2,"Multiple minimal sets, no supersets"
qasper,8ddf78dbdc6ac964a7102ae84df18582841f2e3c,1605.05156,True,0,One distinct set
qasper,8de0e1fdcca81b49615a6839076f8d42226bf1fe,1908.07888,False,0,One distinct set
qasper,8dfdd1ed805bb23c774fbb032ef1d97c6802e07c,1706.02427,False,2,"Multiple minimal sets, no supersets"
qasper,8e113fd9661bc8af97e30c75a20712f01fc4520a,1911.10401,False,0,One distinct set
qasper,8e26c471ca0ee1b9779da04c0b81918fd310d0f3,1906.05506,False,2,"Multiple minimal sets, no supersets"
qasper,8f6b11413a19fe4639b3fba88fc6b3678286fa0c,1911.09241,False,0,One distinct set
qasper,8faec509406d33444bd620afc829adc9eae97644,1912.07940,False,2,"Multiple minimal sets, no supersets"
qasper,8ffae517bc0efa453b7e316d41bd9f1b6679b158,1909.05372,False,2,"Multiple minimal sets, no supersets"
qasper,903ac8686ed7e6e3269a5d863f06ff11c50e49e8,1907.00168,False,0,One distinct set
qasper,90756bdcd812b7ecc1c5df2298aa7561fd2eb02c,1804.01155,False,2,"Multiple minimal sets, no supersets"
qasper,908ba58d26d15c14600623498d4e86c9b73b14b2,2004.02105,False,2,"Multiple minimal sets, no supersets"
qasper,909ecf675f874421eecc926a9f7486475aa1423c,1908.07888,False,2,"Multiple minimal sets, no supersets"
qasper,90aba75508aa145475d7cc9a501bbe987c0e8413,2004.02363,True,0,One distinct set
qasper,90dde59e1857a0d2b1ee4615ab017fee0741f29f,1911.12893,False,0,One distinct set
qasper,9119fbfba84d298014d1b74e0e3d30330320002c,1912.00239,True,0,One distinct set
qasper,91336f12ab94a844b66b607f8621eb8bbd209f32,1909.09070,False,1,"Multiple sets, one minimal set"
qasper,9133a85730c4090fe8b8d08eb3d9146efe7d7037,1803.05160,False,2,"Multiple minimal sets, no supersets"
qasper,915e4d0b3cb03789a20380ead961d473cb95bfc3,1710.11027,False,0,One distinct set
qasper,919681faa9731057b3fae5052b7da598abd3e04b,2004.04498,False,1,"Multiple sets, one minimal set"
qasper,91e361e85c6d3884694f3c747d61bfcef171bab0,1909.12079,False,1,"Multiple sets, one minimal set"
qasper,9207f19e65422bdf28f20e270ede6c725a38e5f9,1605.05156,True,1,"Multiple sets, one minimal set"
qasper,92fc94a4999d1b25a0593904025eb7b8953bb28b,1909.06708,False,3,Multiple minimal sets plus supersets
qasper,9489b0ecb643c1fc95c001c65d4e9771315989aa,1704.04451,False,0,One distinct set
qasper,949a2bc34176e47a4d895bcc3223f2a960f15a81,1708.09025,True,2,"Multiple minimal sets, no supersets"
qasper,95646d0ac798dcfc15b43fa97a1908df9f7b9681,1910.13793,True,0,One distinct set
qasper,9595fdf7b51251679cd39bc4f6befc81f09c853c,1901.05389,True,0,One distinct set
qasper,95af7aaea3ce9dab4cf64e2229ce9b98381dd050,1612.03762,True,2,"Multiple minimal sets, no supersets"
qasper,95ef89dc29ff291bdbe48cb956329a6a06d36db8,1911.00461,False,2,"Multiple minimal sets, no supersets"
qasper,961a97149127e1123c94fbf7e2021eb1aa580ecb,1911.09247,False,1,"Multiple sets, one minimal set"
qasper,96459b02efa82993a0b413530ed0b517c6633eea,1908.10090,False,1,"Multiple sets, one minimal set"
qasper,965e0ce975a0b8612a30cfc31bbfd4b8a57aa138,1706.02427,True,1,"Multiple sets, one minimal set"
qasper,97055ab0227ed6ac7a8eba558b94f01867bb9562,1610.07149,True,0,One distinct set
qasper,97708d93bccc832ea671dc31a76dad6a121fcd60,1707.06875,False,2,"Multiple minimal sets, no supersets"
qasper,9887ca3d25e2109f41d1da80eeea05c465053fbc,1911.12722,False,1,"Multiple sets, one minimal set"
qasper,98b97d24f31e9c535997e9b6cb126eb99fc72a90,1910.01160,False,1,"Multiple sets, one minimal set"
qasper,991ea04072b3412928be5e6e903cfa54eeac3951,1808.10006,False,2,"Multiple minimal sets, no supersets"
qasper,9925e7d8757e8fd7411bcb5250bc08158a244fb3,1911.05652,False,0,One distinct set
qasper,992e67f706c728bc0e534f974c1656da10e7a724,1911.10401,False,0,One distinct set
qasper,998fa38634000f2d7b52d16518b9e18e898ce933,1908.05758,True,1,"Multiple sets, one minimal set"
qasper,99e99f2c25706085cd4de4d55afe0ac43213d7c8,2002.09616,False,0,One distinct set
qasper,99f898eb91538cb82bc9a00892d54ae2a740961e,1710.10380,False,0,One distinct set
qasper,9a7aeecbecf5e30ffa595c233fca31719c9b429f,1704.08390,True,0,One distinct set
qasper,9aabcba3d44ee7d0bbf6a2c019ab9e0f02fab244,1605.05195,True,2,"Multiple minimal sets, no supersets"
qasper,9b05d5f723a8a452522907778a084b52e27fd924,1803.08614,False,2,"Multiple minimal sets, no supersets"
qasper,9b1382b44dc69f7ee20acf952f7ceb1c3ef83965,1610.03955,False,2,"Multiple minimal sets, no supersets"
qasper,9b536f4428206ef7afabc4ff0a2ebcbabd68b985,2001.11316,False,1,"Multiple sets, one minimal set"
qasper,9b6339e24f58b576143d2adf599cfc4a31fd3b0c,2003.11531,True,2,"Multiple minimal sets, no supersets"
qasper,9b868c7d17852f46a8fe725f24cb9548fdbd2b05,1903.02930,False,2,"Multiple minimal sets, no supersets"
qasper,9baca9bdb8e7d5a750f8cbe3282beb371347c164,1901.05389,False,0,One distinct set
qasper,9be9354eeb2bb1827eeb1e23a20cfdca59fb349a,2002.03056,False,0,One distinct set
qasper,9c2cacf77041e02d38f92a4c490df1e04552f96f,1905.00472,False,2,"Multiple minimal sets, no supersets"
qasper,9c529bd3f7565b2178a79aae01c98c90f9d372ad,1705.00571,False,0,One distinct set
qasper,9ca85242ebeeafa88a0246986aa760014f6094f2,1803.05160,False,0,One distinct set
qasper,9ce90f4132b34a328fa49a63e897f376a3ad3ca8,1909.00871,False,2,"Multiple minimal sets, no supersets"
qasper,9d6b2672b11d49c37a6bfb06172d39742d48aef4,1705.10272,False,0,One distinct set
qasper,9d6d17120c42a834b2b5d96f2120d646218ed4bb,1706.02427,True,2,"Multiple minimal sets, no supersets"
qasper,9d963d385bd495a7e193f8a498d64c1612e6c20c,1907.01339,True,0,One distinct set
qasper,9da181ac8f2600eb19364c1b1e3cdeb569811a11,1908.10001,False,2,"Multiple minimal sets, no supersets"
qasper,9dcc10a4a325d4c9cb3bb8134831ee470be47e93,1602.03483,True,0,One distinct set
qasper,9dd8ce48a2a59a63ae6366ab8b2b8828e5ae7f35,1904.02954,False,1,"Multiple sets, one minimal set"
qasper,9e9aa8af4b49e2e1e8cd9995293a7982ea1aba0e,1910.09387,False,1,"Multiple sets, one minimal set"
qasper,9ec0527bda2c302f4e82949cc0ae7f7769b7bfb8,2003.00864,True,0,One distinct set
qasper,9eec16e560f9ccafd7ba6f1e0db742b330b42ba9,1710.11334,False,2,"Multiple minimal sets, no supersets"
qasper,9ef0d2365bde0d18054511fbb53cec5fa2cda5ee,1908.11049,False,2,"Multiple minimal sets, no supersets"
qasper,9f065e787a0d40bb4550be1e0d64796925459005,1708.07252,False,2,"Multiple minimal sets, no supersets"
qasper,9f1d81b2a6fe6835042a5229690e1951b97ff671,1806.04387,False,0,One distinct set
qasper,9f1e60ee86a5c46abe75b67ef369bf92a5090568,1911.11899,False,1,"Multiple sets, one minimal set"
qasper,9f74f3991b8681619d95ab93a7c8733a843ddffe,1907.10676,False,2,"Multiple minimal sets, no supersets"
qasper,a064337bafca8cf01e222950ea97ebc184c47bc0,1609.02075,False,2,"Multiple minimal sets, no supersets"
qasper,a064d01d45a33814947161ff208abb88d4353b26,1711.03759,False,0,One distinct set
qasper,a0fd0c0fe042ad045b8d5095c81643ef3a352b81,1604.02038,False,3,Multiple minimal sets plus supersets
qasper,a18d74109ed55ed14c33913efa62e12f207279c0,1802.09059,False,0,One distinct set
qasper,a1ac4463031bbc42c80893b57c0055b860f12e10,1908.06893,False,0,One distinct set
qasper,a24b2269b292fd0ee81d50303d1315383c594382,2004.03090,False,0,One distinct set
qasper,a28c73a6a8c46a43a1eec2b42b542dd7fde1e30e,1906.05506,False,0,One distinct set
qasper,a2baa8e266318f23f43321c4b2b9cf467718c94a,1611.00440,False,0,One distinct set
qasper,a2edd0454026811223b8f31512bdae91159677be,2002.03056,False,1,"Multiple sets, one minimal set"
qasper,a3705b53c6710b41154c65327b7bbec175bdfae7,1910.03355,False,0,One distinct set
qasper,a398c9b061f28543bc77c2951d0dfc5d1bee9e87,1808.00957,False,0,One distinct set
qasper,a3a867f7b3557c168d05c517c468ff6c7337bff9,1701.03578,False,2,"Multiple minimal sets, no supersets"
qasper,a3ba21341f0cb79d068d24de33b23c36fa646752,2002.06851,True,0,One distinct set
qasper,a3e7d7389228a197c8c44e0c504a791b60f2c80d,1909.00091,False,1,"Multiple sets, one minimal set"
qasper,a464052fd11af1d2d99e407c11791269533d43d1,1802.06053,False,1,"Multiple sets, one minimal set"
qasper,a4a9971799c8860b50f219c93f050ebf6a627b3d,1905.08067,True,1,"Multiple sets, one minimal set"
qasper,a4b77a20e067789691e0ab246bc5b11913d77ae1,1703.04009,True,0,One distinct set
qasper,a4cf0cf372f62b2dbc7f31c600c6c66246263328,1912.11980,True,1,"Multiple sets, one minimal set"
qasper,a59e86a15405c8a11890db072b99fda3173e5ab2,1704.04451,False,0,One distinct set
qasper,a5df7361ae37b9512fb57cb93efbece9ded8cab1,1710.11027,True,2,"Multiple minimal sets, no supersets"
qasper,a606bffed3bfeebd1b66125be580f908244e5d92,1911.09753,False,2,"Multiple minimal sets, no supersets"
qasper,a67a2d9acad1787b636ca2681330f4c29a0b0254,1606.07043,False,0,One distinct set
qasper,a71fb012631e6a8854d5945b6d0ab2ab8e7b7ee6,1611.04234,False,0,One distinct set
qasper,a7313c29b154e84b571322532f5cab08e9d49e51,2003.13028,False,0,One distinct set
qasper,a77d38427639d54461ae308f3045434f81e497d0,1906.08871,False,1,"Multiple sets, one minimal set"
qasper,a786cceba4372f6041187c426432853eda03dca6,1910.02001,False,0,One distinct set
qasper,a79a23573d74ec62cbed5d5457a51419a66f6296,1906.04287,True,0,One distinct set
qasper,a7e1b13cc42bfe78d37b9c943de6288e5f00f01b,1608.01972,True,0,One distinct set
qasper,a836ab8eb5a72af4b0a0c83bf42a2a14d1b38763,1911.07620,False,1,"Multiple sets, one minimal set"
qasper,a837dcbd339e27a974e28944178c790a5b0b37c0,1910.02001,False,0,One distinct set
qasper,a8cc891bb8dccf0d32c1c9cd1699d5ead0eed711,1909.04251,False,0,One distinct set
qasper,a8e5e10d13b3f21dd11e8eb58e30cc25efc56e93,1708.09025,False,0,One distinct set
qasper,a8f189fad8b72f8b2b4d2da4ed8475d31642d9e7,1611.01116,False,1,"Multiple sets, one minimal set"
qasper,a98ae529b47362f917a398015c8525af3646abf0,1912.11637,False,1,"Multiple sets, one minimal set"
qasper,a994cc18046912a8c9328dc572f4e4310736c0e2,1704.03279,False,0,One distinct set
qasper,a9cae57f494deb0245b40217d699e9a22db0ea6e,1611.02378,False,0,One distinct set
qasper,a9d5f83f4b32c52105f2ae1c570f1c590ac52487,1909.08211,False,0,One distinct set
qasper,a9eb8039431e2cb885cfcf96eb58c0675b36b3bd,1908.05758,True,2,"Multiple minimal sets, no supersets"
qasper,a9ff35f77615b3a4e7fd7b3a53d0b288a46f06ce,1911.11025,False,0,One distinct set
qasper,aa287673534fc05d8126c8e3486ca28821827034,1607.00167,False,2,"Multiple minimal sets, no supersets"
qasper,aa7c5386aedfb13a361a2629b67cb54277e208d2,1911.04128,False,2,"Multiple minimal sets, no supersets"
qasper,ab8b0e6912a7ca22cf39afdac5531371cda66514,1912.03010,False,1,"Multiple sets, one minimal set"
qasper,ab975efc916c34f55e1144b1d28e7dfdc257e371,1804.03839,False,0,One distinct set
qasper,ac87dd34d28c3edd9419fa0145f3d38c87d696aa,1807.08089,False,1,"Multiple sets, one minimal set"
qasper,acac0606aab83cae5d13047863c7af542d58e54c,1908.07491,True,0,One distinct set
qasper,ae1c4f9e33d0cd64d9a313c318ad635620303cdd,1906.11085,False,2,"Multiple minimal sets, no supersets"
qasper,ae7c5cf9c2c121097eb00d389cfd7cc2a5a7d577,2004.02143,True,2,"Multiple minimal sets, no supersets"
qasper,ae89eed483c11ccd70a34795e9fe416af8a35da2,1911.01214,False,1,"Multiple sets, one minimal set"
qasper,aebd1f0d728d0de5f76238844da044a44109f76f,1911.04474,False,3,Multiple minimal sets plus supersets
qasper,af45ff2c4209f14235482329d0729864fb2bd4b0,1911.12893,False,3,Multiple minimal sets plus supersets
qasper,af948ea91136c700957b438d927f58d9b051c97c,2004.02143,False,0,One distinct set
qasper,afad388a0141bdda5ca9586803ac53d5f10f41f6,1908.08917,False,2,"Multiple minimal sets, no supersets"
qasper,b012df09fa2a3d6b581032d68991768cf4bc9d7b,1908.10461,False,0,One distinct set
qasper,b03249984c26baffb67e7736458b320148675900,1901.05389,True,0,One distinct set
qasper,b065c2846817f3969b39e355d5d017e326d6f42e,1708.01065,False,0,One distinct set
qasper,b10388e343868ca8e5c7c601ebb903f52e756e61,1803.08419,False,2,"Multiple minimal sets, no supersets"
qasper,b160bfb341f24ae42a268aa18641237a4b3a6457,2003.03728,False,0,One distinct set
qasper,b1fe6a39b474933038b44b6d45e5ca32af7c3e36,2004.04498,True,0,One distinct set
qasper,b210c3e48c15cdc8c47cf6f4b6eb1c29a1933654,1604.02201,False,1,"Multiple sets, one minimal set"
qasper,b21245212244ad7adf7d321420f2239a0f0fe56b,1908.10149,False,1,"Multiple sets, one minimal set"
qasper,b32de10d84b808886d7a91ab0c423d4fc751384c,1603.09381,False,0,One distinct set
qasper,b3432f52af0b95929e6723dd1f01ce029d90a268,1808.07733,False,2,"Multiple minimal sets, no supersets"
qasper,b39b278aa1cf2f87ad4159725dff77b387f2df84,2003.11687,True,0,One distinct set
qasper,b3b9d7c8722e8ec41cbbae40e68458485a5ba25c,1910.07924,False,1,"Multiple sets, one minimal set"
qasper,b3dc9a35e8c3ed7abcc4ca0bf308dea75be9c016,1708.01065,False,0,One distinct set
qasper,b424ad7f9214076b963a0077d7345d7bb5a7a205,2002.00175,True,2,"Multiple minimal sets, no supersets"
qasper,b4b7333805cb6fdde44907747887a971422dc298,2003.09244,False,0,One distinct set
qasper,b537832bba2eb6d34702a9d71138e661c05a7c3a,1906.01076,False,0,One distinct set
qasper,b57ad10468e1ba2a7a34396688dbb10a575d89f5,1706.02427,True,0,One distinct set
qasper,b59f3a58939f7ac007d3263a459c56ebefc4b49a,2003.09244,False,1,"Multiple sets, one minimal set"
qasper,b62b7ec5128219f04be41854247d5af992797937,1910.03355,True,0,One distinct set
qasper,b6aa5665c981e3b582db4760759217e2979d5626,1909.10481,False,2,"Multiple minimal sets, no supersets"
qasper,b6c2a391c4a94eaa768150f151040bb67872c0bf,1605.05195,False,2,"Multiple minimal sets, no supersets"
qasper,b6e97d1b1565732b1b3f1d74e6d2800dd21be37a,1707.05589,False,1,"Multiple sets, one minimal set"
qasper,b70e4c49300dc3eab18e907ab903afd2a0c6075a,1909.00437,False,0,One distinct set
qasper,b783ec5cb9ad595da7db2c0ddf871152ae382c5f,1805.04833,False,2,"Multiple minimal sets, no supersets"
qasper,b78bb6fe817c2d4bc69236df998f546e94c3ee21,1704.06851,True,0,One distinct set
qasper,b79c85fa84712d3028cb5be2af873c634e51140e,1605.05156,False,0,One distinct set
qasper,b79ff0a50bf9f361c5e5fed68525283856662076,1805.09960,False,2,"Multiple minimal sets, no supersets"
qasper,b8b79a6123716cb9fabf751b31dff424235a2ee2,1812.05813,False,1,"Multiple sets, one minimal set"
qasper,b8bbdc3987bb456739544426c6037c78ede01b77,1909.11980,True,1,"Multiple sets, one minimal set"
qasper,b942d94e4187e4fdc706cfdf92e3a869fc294911,1909.05372,False,2,"Multiple minimal sets, no supersets"
qasper,b948bb86855b2c0bfc8fad88ff1e29cd94bb6ada,1905.05644,False,3,Multiple minimal sets plus supersets
qasper,b968bd264995cd03d7aaad1baba1838c585ec909,1804.09692,False,2,"Multiple minimal sets, no supersets"
qasper,b9d9803ba24127f91ba4d7cff4da11492da20f09,2004.03090,False,0,One distinct set
qasper,ba39317e918b4386765f88e8c8ae99f9a098c935,1703.04009,False,0,One distinct set
qasper,ba406e07c33a9161e29c75d292c82a15503beae5,1907.12984,False,2,"Multiple minimal sets, no supersets"
qasper,ba7fea78b0b888a714cb7d89944b69c5038a1ef1,1806.03369,False,0,One distinct set
qasper,baaa6ad7148b785429a20f38786cd03ab9a2646e,1908.08917,False,3,Multiple minimal sets plus supersets
qasper,baad4b6f834d5944f61bd12f30908e3cf3739dcd,1911.06815,False,1,"Multiple sets, one minimal set"
qasper,bab4ae97afd598a11d1fc7c05c6fdb98c30cafe0,1711.03759,True,0,One distinct set
qasper,bab4e8881f4d75e266bce6fbfa4c3bcd3eacf30f,1708.03312,False,0,One distinct set
qasper,baec99756b80eec7c0234a08bc2855e6770bcaeb,1907.04072,True,0,One distinct set
qasper,bbfe7e131ed776c85f2359b748db1325386c1af5,1807.03674,False,0,One distinct set
qasper,bc6ad5964f444cf414b661a4b942dafb7640c564,1809.03680,True,0,One distinct set
qasper,bc8526d4805e2554adb2e9c01736d3f3a3b19895,1604.02038,False,1,"Multiple sets, one minimal set"
qasper,bcf222ad4bb537b01019ed354ea03cd6bf2c1f8e,1905.07562,False,2,"Multiple minimal sets, no supersets"
qasper,bd191d95806cee4cf80295e9ce1cd227aba100ab,1912.07076,False,2,"Multiple minimal sets, no supersets"
qasper,bd255aadf099854541d06997f83a0e478f526120,1911.11025,False,0,One distinct set
qasper,bd3562d2b3c162e9d27404d56b77e15f707d8b0f,1705.00571,False,0,One distinct set
qasper,bd53399be8ff59060792da4c8e42a7fc1e6cbd85,2003.13028,False,2,"Multiple minimal sets, no supersets"
qasper,bda21bfb2dd74085cbc355c70dab5984ef41dba7,1906.04236,False,0,One distinct set
qasper,bdae851d4cf1d05506cf3e8359786031ac4f756f,1911.12237,False,1,"Multiple sets, one minimal set"
qasper,be632f0246c2e5f049d12e796812f496e083c33e,1908.10001,True,2,"Multiple minimal sets, no supersets"
qasper,bfd55ae9630a08a9e287074fff3691dfbffc3258,1908.09283,False,1,"Multiple sets, one minimal set"
qasper,c01a8b42fd27b0a3bec717ededd98b6d085a0f5c,1710.11027,False,2,"Multiple minimal sets, no supersets"
qasper,c0355afc7871bf2e12260592873ffdb5c0c4c919,1909.10481,False,1,"Multiple sets, one minimal set"
qasper,c035a011b737b0a10deeafc3abe6a282b389d48b,1707.07212,False,1,"Multiple sets, one minimal set"
qasper,c0847af3958d791beaa14c4040ada2d364251c4d,2004.02105,False,0,One distinct set
qasper,c0af44ebd7cd81270d9b5b54d4a40feed162fa54,1801.05617,True,0,One distinct set
qasper,c0dbf3f1957f3bff3ced5b48aff60097f3eac7bb,1808.07231,False,0,One distinct set
qasper,c135e1f8ecaf7965f6a6d3e30b537eb37ad74230,1910.02001,False,1,"Multiple sets, one minimal set"
qasper,c138a45301713c1a9f6edafeef338ba2f99220ce,1912.08084,True,1,"Multiple sets, one minimal set"
qasper,c176eb1ccaa0e50fb7512153f0716e60bf74aa53,1910.01340,True,1,"Multiple sets, one minimal set"
qasper,c17ece1dad42d92c78fca2e3d8afa9a20ff19598,1906.01010,False,2,"Multiple minimal sets, no supersets"
qasper,c2037887945abbdf959389dc839a86bc82594505,1803.06745,False,2,"Multiple minimal sets, no supersets"
qasper,c25014b7e57bb2949138d64d49f356d69838bc25,1908.10001,False,0,One distinct set
qasper,c2ce25878a17760c79031a426b6f38931cd854b2,2003.11528,False,2,"Multiple minimal sets, no supersets"
qasper,c30b0d6b23f0f01573eea315176c5ffe4e0c6b5c,1910.02677,True,0,One distinct set
qasper,c3befe7006ca81ce64397df654c31c11482dafbe,1611.04887,False,1,"Multiple sets, one minimal set"
qasper,c3ce95658eea1e62193570955f105839de3d7e2d,1911.03324,False,1,"Multiple sets, one minimal set"
qasper,c47312f2ca834ee75fa9bfbf912ea04239064117,1907.00937,False,0,One distinct set
qasper,c4b621f573bbb411bdaa84a7562c9c4795a7eb3a,1808.09180,True,2,"Multiple minimal sets, no supersets"
qasper,c5221bb28e58a4f13cf2eccce0e1b1bec7dd3c13,1909.09070,False,3,Multiple minimal sets plus supersets
qasper,c53b036eff430a9d0449fb50b8d2dc9d2679d9fe,1706.02222,False,1,"Multiple sets, one minimal set"
qasper,c589d83565f528b87e355b9280c1e7143a42401d,1909.07873,False,1,"Multiple sets, one minimal set"
qasper,c59d67930edd3d369bd51a619849facdd0770644,1705.10272,False,0,One distinct set
qasper,c5ea4da3c760ba89194ad807bc1ef60e1761429f,1602.07563,True,0,One distinct set
qasper,c68946ae2e548ec8517c7902585c032b3f3876e6,1901.05389,False,2,"Multiple minimal sets, no supersets"
qasper,c6f2598b85dc74123fe879bf23aafc7213853f5b,1911.12237,False,0,One distinct set
qasper,c72e05dd41ed5a85335ffeca5a03e71514e60e84,1911.12559,False,1,"Multiple sets, one minimal set"
qasper,c79f168503a60d1b08bb2c9aac124199d210b06d,1904.02954,False,1,"Multiple sets, one minimal set"
qasper,c7d3bccee59ab683e6bf047579bc6eab9de9d973,1705.10272,False,0,One distinct set
qasper,c7f43c95db3d0c870407cd0e7becdd802463683b,1910.09362,True,1,"Multiple sets, one minimal set"
qasper,c7ffef8bf0100eb6148bd932d0409b21759060b1,1707.06519,False,0,One distinct set
qasper,c845110efee2f633d47f5682573bc6091e8f5023,1911.05652,False,0,One distinct set
qasper,c87966e7f497975b76a60f6be50c33d296a4a4e7,2004.01820,False,2,"Multiple minimal sets, no supersets"
qasper,c8f8ecac23a991bceb8387e68b3b3f2a5d8cf029,2003.12660,False,0,One distinct set
qasper,c97306c1be5d59cf27b1054adfa8f1da47d292ce,1810.02229,False,0,One distinct set
qasper,c9a323c152c5d9bc2d244e0ed10afbdb0f93062a,1909.00369,True,1,"Multiple sets, one minimal set"
qasper,c9eae337edea0edb12030a7d4b01c3a3c73c16d3,1806.04387,False,3,Multiple minimal sets plus supersets
qasper,caebea05935cae1f5d88749a2fc748e62976eab7,1710.11334,True,2,"Multiple minimal sets, no supersets"
qasper,cb58605a7c230043bd0d6e8d5b068f8b533f45fe,1909.11706,False,2,"Multiple minimal sets, no supersets"
qasper,cb7a00233502c4b7801d34bc95d6d22d79776ae8,1603.08868,False,0,One distinct set
qasper,cbb3c1c1e6e1818b6480f929f1c299eaa5ffd07a,1907.10676,False,1,"Multiple sets, one minimal set"
qasper,cbe42bf7c99ee248cdb2c5d6cf86b41106e66863,1908.02284,False,0,One distinct set
qasper,cc3dd701f3a674618de95a4196e9c7f4c8fbf1e5,1805.04833,False,0,One distinct set
qasper,cc78a08f5bfe233405c99cb3dac1f11f3a9268b1,1907.08540,True,0,One distinct set
qasper,cc8bcea4052bf92f249dda276acc5fd16cac6fb4,1809.03695,True,0,One distinct set
qasper,ccec4f8deff651858f44553f8daa5a19e8ed8d3b,1909.05190,False,3,Multiple minimal sets plus supersets
qasper,cd82bdaa0c94330f8cccfb1c59b4e6761a5a4f4d,1911.01214,True,0,One distinct set
qasper,cdbbba22e62bc9402aea74ac5960503f59e984ff,1805.04558,False,1,"Multiple sets, one minimal set"
qasper,ce23849e9e9a22626965f1ca8ca948a5c87280e9,1909.01720,False,0,One distinct set
qasper,ce504a7ee2c1f068ef4dde8d435245b4e77bb0b5,1708.09025,False,1,"Multiple sets, one minimal set"
qasper,ce8d8de78a21a3ba280b658ac898f73d0b52bf1b,1910.10487,False,2,"Multiple minimal sets, no supersets"
qasper,ced63053eb631c78a4ddd8c85ec0f3323a631a54,1708.05482,False,0,One distinct set
qasper,cf0b7d8a2449d04078f69ec9717a547adfb67d17,1801.04433,True,0,One distinct set
qasper,cf3fab54b2b289b66e7dba4706c47a62569627c5,1708.07690,False,2,"Multiple minimal sets, no supersets"
qasper,cf58d25bfa2561a359fdd7b6b20aef0b41dc634e,1912.08084,False,2,"Multiple minimal sets, no supersets"
qasper,cf68906b7d96ca0c13952a6597d1f23e5184c304,1710.10380,False,0,One distinct set
qasper,cf82251a6a5a77e29627560eb7c05c3eddc20825,2004.04498,False,0,One distinct set
qasper,cfa44bb587b0c05906d8325491ca9e0f024269e8,1708.01065,False,2,"Multiple minimal sets, no supersets"
qasper,cfcf94b81589e7da215b4f743a3f8de92a6dda7a,1712.00733,False,1,"Multiple sets, one minimal set"
qasper,cfdd583d01abaca923f5c466bb20e1d4b8c749ff,1810.02268,False,2,"Multiple minimal sets, no supersets"
qasper,cfe21b979a6c851bdafb2e414622f61e62b1d98c,2003.13028,False,0,One distinct set
qasper,d0048ef1cba3f63b5d60c568d5d0ba62ac4d7e75,1901.01590,False,1,"Multiple sets, one minimal set"
qasper,d0dc6729b689561370b6700b892c9de8871bb44d,1604.02201,False,0,One distinct set
qasper,d147117ef24217c43252d917d45dff6e66ff807c,1712.00733,True,0,One distinct set
qasper,d1a4529ea32aaab5ca3b9d9ae5c16f146c23af6b,1809.08935,False,0,One distinct set
qasper,d206f2cbcc3d2a6bd0ccaa3b57fece396159f609,1805.00195,True,2,"Multiple minimal sets, no supersets"
qasper,d207f78beb6cd754268881bf575c8f98000667ea,1705.02023,True,0,One distinct set
qasper,d211a37830c59aeab4970fdb2e03d9b7368b421c,1805.04558,False,0,One distinct set
qasper,d2d9c7177728987d9e8b0c44549bbe03c8c00ef2,1906.05685,True,0,One distinct set
qasper,d2f91303cec132750a416192f67c8ac1d3cf6fc0,1708.07252,False,2,"Multiple minimal sets, no supersets"
qasper,d323f0d65b57b30ae85fb9f24298927a3d1216e9,1810.12897,True,1,"Multiple sets, one minimal set"
qasper,d36a6447bfe58204e0d29f9213d84be04d875624,1906.08871,False,1,"Multiple sets, one minimal set"
qasper,d38b3e0896b105d171e69ce34c689e4a7e934522,1912.10162,False,1,"Multiple sets, one minimal set"
qasper,d3cfbe497a30b750a8de3ea7f2cecf4753a4e1f9,1905.09439,False,0,One distinct set
qasper,d3fb0d84d763cb38f400b7de3daaa59ed2a1b0ab,1707.07212,True,0,One distinct set
qasper,d418bf6595b1b51a114f28ac8a6909c278838aeb,1908.10149,False,0,One distinct set
qasper,d4b84f48460517bc0a6d4e0c38f6853c58081166,1804.01155,False,2,"Multiple minimal sets, no supersets"
qasper,d5c393df758dec6ea6827ae5b887eb6c303a4f4d,1612.05202,True,0,One distinct set
qasper,d622564b250cffbb9ebbe6636326b15ec3c622d9,1902.10246,False,0,One distinct set
qasper,d64fa192a7e9918c6a22d819abad581af0644c7d,1802.08969,False,1,"Multiple sets, one minimal set"
qasper,d66550f65484696c1284903708b87809ea705786,1805.04833,False,0,One distinct set
qasper,d66c31f24f582c499309a435ec3c688dc3a41313,1907.00937,False,0,One distinct set
qasper,d68cc9aaf0466b97354600a5646c3be4512fc096,2004.03090,False,2,"Multiple minimal sets, no supersets"
qasper,d6a815d24c46557827d8aca65d3ffd008ac1bc07,1803.02914,True,1,"Multiple sets, one minimal set"
qasper,d6b0c71721ed24ef1d9bd31ed3a266b0c7fc9b57,1704.06960,False,1,"Multiple sets, one minimal set"
qasper,d7799d26fe39302c4aff5b530aa691e8653fffe8,1803.09000,False,0,One distinct set
qasper,d8ae36ae1b4d3af5b59ebd24efe94796101c1c12,1802.02614,False,0,One distinct set
qasper,d9354c0bb32ec037ff2aacfed58d57887a713163,1707.07212,True,2,"Multiple minimal sets, no supersets"
qasper,d976c22e9d068e4e31fb46e929023459f8290a63,1903.10548,True,0,One distinct set
qasper,d97843afec733410d2c580b4ec98ebca5abf2631,1607.00167,False,0,One distinct set
qasper,d98148f65d893101fa9e18aaf549058712485436,1709.04005,False,0,One distinct set
qasper,d9949dd4865e79c53284932d868ca8fd10d55e70,2003.07459,False,1,"Multiple sets, one minimal set"
qasper,d9a45fea8539aac01dec01f29b7d04b44b9c2ca6,1909.01720,False,2,"Multiple minimal sets, no supersets"
qasper,d9e7633004ed1bc1ee45be58409bcc1fa6db59b2,1908.11049,False,2,"Multiple minimal sets, no supersets"
qasper,da077b385d619305033785af5b204696d6145bd8,1911.02747,True,3,Multiple minimal sets plus supersets
qasper,da0a2195bbf6736119ff32493898d2aadffcbcb8,1605.05166,True,1,"Multiple sets, one minimal set"
qasper,da21bcaa8e3a9eadc8a5194fd57ae797e93c3049,2004.01970,False,0,One distinct set
qasper,dc473819b196c0ea922773e173a6b283fa778791,1605.05156,False,2,"Multiple minimal sets, no supersets"
qasper,dce27c49b9bf1919ca545e04663507d83bb42dbe,1808.10006,False,3,Multiple minimal sets plus supersets
qasper,dd81f58c782169886235c48b8f9a08e0954dd3ae,2003.12660,False,2,"Multiple minimal sets, no supersets"
qasper,de0154affd86c608c457bf83d888bbd1f879df93,1911.12722,False,1,"Multiple sets, one minimal set"
qasper,de0d135b94ba3b3a4f4a0fb03df38a84f9dc9da4,1909.02322,False,0,One distinct set
qasper,de313b5061fc22e8ffef1706445728de298eae31,1811.01183,False,2,"Multiple minimal sets, no supersets"
qasper,de344aeb089affebd15a8c370ae9ab5734e99203,1803.06745,True,0,One distinct set
qasper,de580e43614ee38d2d9fc6263ff96e6ca2b54eb5,1911.01214,False,0,One distinct set
qasper,de689a17b0b9fb6bbb80e9b85fb44b36b56de2fd,2003.07459,False,0,One distinct set
qasper,df01e98095ba8765d9ab0d40c9e8ef34b64d3700,2002.04815,False,2,"Multiple minimal sets, no supersets"
qasper,df4895c6ae426006e75c511a304d56d37c42a1c7,1805.11850,False,0,One distinct set
qasper,df623717255ea2c9e0f846859d8a9ef51dc1102b,1606.02892,False,0,One distinct set
qasper,dfaeb8faf04505a4178945c933ba217e472979d8,1708.01065,False,1,"Multiple sets, one minimal set"
qasper,dfdd309e56b71589b25412ba85b0a5d79a467ceb,1610.09722,False,0,One distinct set
qasper,e0b54906184a4ad87d127bed22194e62de38222b,1910.01340,False,2,"Multiple minimal sets, no supersets"
qasper,e0b8a2649e384bbdb17472f8da2c3df4134b1e57,1707.07568,False,2,"Multiple minimal sets, no supersets"
qasper,e12166fa9d6f63c4e92252c95c6a7bc96977ebf4,1901.10619,False,0,One distinct set
qasper,e14e3e0944ec3290d1985e9a3da82a7df17575cd,1806.07042,False,2,"Multiple minimal sets, no supersets"
qasper,e1ab241059ef1700738f885f051d724a7fcf283a,1707.09816,False,0,One distinct set
qasper,e381f1811774806be109f9b05896a2a3c5e1ef43,1710.11334,False,0,One distinct set
qasper,e3bafa432cd3e1225170ff04de2fdf1ede38c6ef,1805.11598,False,0,One distinct set
qasper,e3c44964eb6ddc554901244eb6595f26a9bae47e,1910.07154,False,0,One distinct set
qasper,e459760879f662b2205cbdc0f5396dbfe41323ae,1908.09590,False,2,"Multiple minimal sets, no supersets"
qasper,e462efb58c71f186cd6b315a2d861cbb7171f65b,1906.04236,False,0,One distinct set
qasper,e56c1f0e9eabda41f929d0dfd5cfa50edd69fa89,1909.06708,True,0,One distinct set
qasper,e5b2eb6a49c163872054333f8670dd3f9563046a,2004.02334,False,0,One distinct set
qasper,e5be900e70ea86c019efb06438ba200e11773a7c,1909.13466,False,0,One distinct set
qasper,e5f8d2fc1332e982a54ee4b4c1f7f55e900d0b86,1811.04791,False,3,Multiple minimal sets plus supersets
qasper,e6204daf4efeb752fdbd5c26e179efcb8ddd2807,1601.03313,False,0,One distinct set
qasper,e6bc11bd6cfd4b2138c29602b9b56fc5378a4293,1709.04491,False,0,One distinct set
qasper,e6f5444b7c08d79d4349e35d5298a63bb30e7004,1708.07252,False,2,"Multiple minimal sets, no supersets"
qasper,e797634fa77e490783b349034f9e095ee570b7a9,1804.05253,False,1,"Multiple sets, one minimal set"
qasper,e831ce6c406bf5d1c493162732e1b320abb71b6f,1908.07491,False,1,"Multiple sets, one minimal set"
qasper,e8c3f59313df20db0cdd49b84a37c44da849fe17,2003.07459,False,0,One distinct set
qasper,e90425ac05a15dc145bbf3034e78b56e7cec36ac,1803.09000,False,0,One distinct set
qasper,e96b0d64c8d9fdd90235c499bf1ec562d2cbb8b2,1605.04278,False,0,One distinct set
qasper,e9a0a69eacd554141f56b60ab2d1912cc33f526a,1803.06745,False,0,One distinct set
qasper,ea6edf45f094586caf4684463287254d44b00e95,1907.12984,True,2,"Multiple minimal sets, no supersets"
qasper,eaacee4246f003d29a108fe857b5dd317287ecf1,1911.12559,False,1,"Multiple sets, one minimal set"
qasper,eaae11ffd4ff955de2cd6389b888f5fd2c660a32,1910.14589,False,2,"Multiple minimal sets, no supersets"
qasper,ead7704a64447dccd504951618d3be463eba86bf,1807.03674,False,0,One distinct set
qasper,eaed0b721cc3137b964f5265c7ecf76f565053e9,1806.03369,False,0,One distinct set
qasper,eafea4a24d103fdecf8f347c7d84daff6ef828a3,1611.01116,False,1,"Multiple sets, one minimal set"
qasper,eb653a5c59851eda313ece0bcd8c589b6155d73e,1908.02284,False,0,One distinct set
qasper,ebb4db9c24aa36db9954dd65ea079a798df80558,1908.09355,True,0,One distinct set
qasper,ebe1084a06abdabefffc66f029eeb0b69f114fd9,1810.02268,False,3,Multiple minimal sets plus supersets
qasper,ebe6b8ec141172f7fea66f0a896b3124276d4884,1911.11025,False,0,One distinct set
qasper,ec2045e0da92989642a5b5f2b1130c8bd765bcc5,1901.03253,True,0,One distinct set
qasper,ec39120fb879ae10452d3f244e1e32237047005a,2004.04060,False,2,"Multiple minimal sets, no supersets"
qasper,ec54ae2f4811196fcaafa45e76130239e69995f9,1909.07158,False,0,One distinct set
qasper,ec62df859ad901bf0848f0a8b91eedc78dba5657,1909.05190,False,2,"Multiple minimal sets, no supersets"
qasper,ec70c7c560e08cff2820bad93f5216bc0a469f5a,1908.11664,False,0,One distinct set
qasper,ec8f39d32084996ab825debd7113c71daac38b06,1606.07043,False,2,"Multiple minimal sets, no supersets"
qasper,ecaa10a2d9927fa6ab6a954488f12aa6b42ddc1a,1909.04242,False,3,Multiple minimal sets plus supersets
qasper,ed15a593d64a5ba58f63c021ae9fd8f50051a667,2001.05540,True,2,"Multiple minimal sets, no supersets"
qasper,ed44f7e698d6124cb86791841d02fc6f8b4d862a,1908.11049,False,2,"Multiple minimal sets, no supersets"
qasper,ed7ce13cd95f7664a5e4fc530dcf72dc3808dced,1712.02555,True,0,One distinct set
qasper,ee2c2fb01d67f4c58855bf23186cbd45cecbfa56,1606.07947,False,0,One distinct set
qasper,ef6304512652ba56bd13dbe282a5ce1d41a4f171,1909.03553,False,2,"Multiple minimal sets, no supersets"
qasper,eff9192e05d23e9a67d10be0c89a7ab2b873995b,1910.09387,False,1,"Multiple sets, one minimal set"
qasper,f0404673085517eea708c5e91f32fb0f7728fa08,1607.03895,False,3,Multiple minimal sets plus supersets
qasper,f0afc116809b70528226d37190e8e79e1e9cd11e,1906.05685,False,2,"Multiple minimal sets, no supersets"
qasper,f11856814a57b86667179e1e275e4f99ff1bcad8,1707.06875,False,3,Multiple minimal sets plus supersets
qasper,f15bc40960bd3f81bc791f43ab5c94c52378692d,1804.00982,False,1,"Multiple sets, one minimal set"
qasper,f1a50f88898556ecdba8e9cac13ae54c11835945,1909.03553,False,0,One distinct set
qasper,f1d61b44105e651925d02a51e6d7ea10ea28ebd8,1909.00437,False,3,Multiple minimal sets plus supersets
qasper,f1f7a040545c9501215d3391e267c7874f9a6004,1612.09535,False,1,"Multiple sets, one minimal set"
qasper,f264612db9096caf938bd8ee4085848143b34f81,1605.05166,False,0,One distinct set
qasper,f2b1e87f61c65aaa99bcf9825de11ae237260270,1909.00786,False,1,"Multiple sets, one minimal set"
qasper,f2b8a2ed5916d75cf568a931829a5a3cde2fc345,1801.05617,False,0,One distinct set
qasper,f2bcfdbebb418e7da165c19b8c7167719432ee48,1603.07252,False,3,Multiple minimal sets plus supersets
qasper,f381b0ef693243d67657f6c34bbce015f6b1fd07,1603.08868,True,0,One distinct set
qasper,f3b4e52ba962a0004064132d123fd9b78d9e12e2,1907.12984,False,1,"Multiple sets, one minimal set"
qasper,f3b851c9063192c86a3cc33b2328c02efa41b668,2003.08769,False,0,One distinct set
qasper,f40e23adc8245562c8677f0f86fa5175179b5422,1807.08089,True,2,"Multiple minimal sets, no supersets"
qasper,f4e16b185b506713ff99acc4dbd9ec3208e4997b,1602.07563,False,1,"Multiple sets, one minimal set"
qasper,f52c9744a371104eb2677c181a7004f7a77d9dd3,1912.00342,False,0,One distinct set
qasper,f5513f9314b9d7b41518f98c6bc6d42b8555258d,1605.05166,False,1,"Multiple sets, one minimal set"
qasper,f5913e37039b9517a323ec700b712e898316161b,1711.03759,False,0,One distinct set
qasper,f5bc07df5c61dcb589a848bd36f4ce9c22abd46a,1703.10090,False,2,"Multiple minimal sets, no supersets"
qasper,f61268905626c0b2a715282478a5e373adda516c,2003.07459,False,2,"Multiple minimal sets, no supersets"
qasper,f637bba86cfb94ca8ac4b058faf839c257d5eaa0,1806.07042,False,0,One distinct set
qasper,f64449a21c452bc5395a0f0a49fb49825e6385f4,1909.04387,False,2,"Multiple minimal sets, no supersets"
qasper,f71b95001dce46ee35cdbd8d177676de19ca2611,1911.07620,False,1,"Multiple sets, one minimal set"
qasper,f741d32b92630328df30f674af16fbbefcad3f93,1805.09821,False,1,"Multiple sets, one minimal set"
qasper,f7662b11e87c1e051e13799413f3db459ac3e19c,1911.10742,False,3,Multiple minimal sets plus supersets
qasper,f77d7cddef3e021d70e16b9e16cecfd4b8ee80d3,1606.07947,False,1,"Multiple sets, one minimal set"
qasper,f7b91b99279833f9f489635eb8f77c6d13136098,1912.11980,False,3,Multiple minimal sets plus supersets
qasper,f7d61648ae4bd46c603a271185c3adfac5fc5114,1909.00369,True,1,"Multiple sets, one minimal set"
qasper,f7ee48dd32c666ef83a4ae4aa06bcde85dd8ec4b,1804.07445,True,0,One distinct set
qasper,f88f45ef563ea9e40c5767ab2eaa77f4700f95f8,2002.09616,False,0,One distinct set
qasper,f8bba20d1781ce2b14fad28d6eff024e5a6c2c02,1709.06365,False,2,"Multiple minimal sets, no supersets"
qasper,f8f64da7172e72e684f0e024a19411b43629ff55,1804.05306,False,1,"Multiple sets, one minimal set"
qasper,f92c344e9b1a986754277fd0f08a47dc3e5f9feb,1803.08419,False,1,"Multiple sets, one minimal set"
qasper,f93bad406e004014618dd64f6c604b1a9ee6a371,1811.00127,False,0,One distinct set
qasper,f9ae1b31c1a60aacb9ef869e1cc6b0e70c6e5d8e,2002.04374,False,0,One distinct set
qasper,fa5f5f58f6277a1e433f80c9a92a5629d6d9a271,2002.09616,False,0,One distinct set
qasper,fa800a21469a70fa6490bfc67cabdcc8bf086fb5,1902.06734,False,1,"Multiple sets, one minimal set"
qasper,fac273ecb3e72f2dc94cdbc797582d7225a8e070,1703.05320,False,2,"Multiple minimal sets, no supersets"
qasper,faffcc6ef27c1441e6528f924e320368430d8da3,1908.08917,False,2,"Multiple minimal sets, no supersets"
qasper,fb06ed5cf9f04ff2039298af33384ca71ddbb461,1806.09652,False,0,One distinct set
qasper,fc62549a8f0922c09996a119b2b6a8b5e829e989,1701.03578,False,3,Multiple minimal sets plus supersets
qasper,fcb0ac1934e2fd9f58f4b459e6853999a27844f9,2004.02214,False,0,One distinct set
qasper,fcdafaea5b1c9edee305b81f6865efc8b8dc50d3,1707.02892,False,0,One distinct set
qasper,fd651d19046966ca65d4bcf6f6ae9c66cdf13777,2002.10210,False,0,One distinct set
qasper,fd8a8eb69f07c584a76633f8802c2746f7236d64,1911.03642,True,0,One distinct set
qasper,fda47c68fd5f7b44bd539f83ded5882b96c36dd7,1704.03279,False,0,One distinct set
qasper,fe1a74449847755cd7a46647cc9d384abfee789e,1901.03253,True,0,One distinct set
qasper,fe52b093735bb456d7e699aa9a2b806d2b498ba0,1905.00840,False,1,"Multiple sets, one minimal set"
qasper,fe6181ab0aecf5bc8c3def843f82e530347d918b,1911.09753,False,0,One distinct set
qasper,fea9b4d136156f23a88e5c7841874a467f2ba86d,1908.06259,True,0,One distinct set
qasper,fee498457774d9617068890ff29528e9fa05a2ac,2003.03728,False,1,"Multiple sets, one minimal set"
qasper,fef5b65263c81299acc350a101dabaf5a8cb9c6e,1807.08089,True,0,One distinct set
qasper,ff36168caf48161db7039e3bd4732cef31d4de99,1909.11706,True,0,One distinct set
scifact,100:4381486,100:4381486,True,0,One distinct set
scifact,1012:9745001,1012:9745001,True,2,"Multiple minimal sets, no supersets"
scifact,1019:11603066,1019:11603066,True,0,One distinct set
scifact,1020:9433958,1020:9433958,True,0,One distinct set
scifact,1021:9433958,1020:9433958,True,0,One distinct set
scifact,1024:5373138,1024:5373138,True,0,One distinct set
scifact,1029:11899391,1029:11899391,True,0,One distinct set
scifact,1029:13923140,1029:11899391,True,0,One distinct set
scifact,1029:13940200,1029:11899391,True,0,One distinct set
scifact,1041:25254425,1041:25254425,True,0,One distinct set
scifact,1049:12486491,1049:12486491,True,0,One distinct set
scifact,1062:20381484,1062:20381484,True,0,One distinct set
scifact,1086:39281140,1086:39281140,True,2,"Multiple minimal sets, no supersets"
scifact,1088:37549932,1088:37549932,True,0,One distinct set
scifact,1089:17628888,1089:17628888,True,0,One distinct set
scifact,1104:3898784,1104:3898784,True,2,"Multiple minimal sets, no supersets"
scifact,1107:20532591,1107:20532591,True,0,One distinct set
scifact,1110:13770184,1110:13770184,True,0,One distinct set
scifact,1121:4456756,1121:4456756,True,0,One distinct set
scifact,1130:17997584,1130:17997584,True,0,One distinct set
scifact,1132:33499189,1132:33499189,True,0,One distinct set
scifact,1137:33370,1137:33370,True,2,"Multiple minimal sets, no supersets"
scifact,113:6157837,113:6157837,True,2,"Multiple minimal sets, no supersets"
scifact,1140:12009265,1140:12009265,True,2,"Multiple minimal sets, no supersets"
scifact,1144:10071552,1144:10071552,True,2,"Multiple minimal sets, no supersets"
scifact,1146:13906581,1146:13906581,True,2,"Multiple minimal sets, no supersets"
scifact,1150:11369420,1150:11369420,True,2,"Multiple minimal sets, no supersets"
scifact,115:33872649,115:33872649,True,0,One distinct set
scifact,1163:15305881,1163:15305881,True,0,One distinct set
scifact,1180:31272411,1180:31272411,True,0,One distinct set
scifact,1185:16737210,1185:16737210,True,0,One distinct set
scifact,1187:52873726,1187:52873726,True,0,One distinct set
scifact,118:6372244,118:6372244,True,2,"Multiple minimal sets, no supersets"
scifact,1202:3475317,1202:3475317,True,0,One distinct set
scifact,1216:24142891,1216:24142891,True,0,One distinct set
scifact,1221:19736671,1221:19736671,True,0,One distinct set
scifact,1225:9650982,1225:9650982,True,0,One distinct set
scifact,1232:13905670,1232:13905670,True,0,One distinct set
scifact,1241:4427392,1241:4427392,True,0,One distinct set
scifact,124:4883040,124:4883040,True,2,"Multiple minimal sets, no supersets"
scifact,1259:24341590,1259:24341590,True,2,"Multiple minimal sets, no supersets"
scifact,1262:44172171,1262:44172171,True,0,One distinct set
scifact,1266:37480103,1266:37480103,True,2,"Multiple minimal sets, no supersets"
scifact,1270:13900610,1270:13900610,True,2,"Multiple minimal sets, no supersets"
scifact,1271:13768432,1271:13768432,True,2,"Multiple minimal sets, no supersets"
scifact,1273:11041152,1273:11041152,True,0,One distinct set
scifact,1274:4406819,1274:4406819,True,2,"Multiple minimal sets, no supersets"
scifact,1290:4687948,1290:4687948,True,2,"Multiple minimal sets, no supersets"
scifact,1298:11718220,1298:11718220,True,2,"Multiple minimal sets, no supersets"
scifact,129:27768226,129:27768226,True,2,"Multiple minimal sets, no supersets"
scifact,1303:12631697,1303:12631697,True,2,"Multiple minimal sets, no supersets"
scifact,130:27768226,129:27768226,True,2,"Multiple minimal sets, no supersets"
scifact,1319:16284655,1319:16284655,True,0,One distinct set
scifact,1320:16284655,1319:16284655,True,0,One distinct set
scifact,1335:27910499,1335:27910499,True,0,One distinct set
scifact,1336:27910499,1335:27910499,True,0,One distinct set
scifact,1337:20231138,1337:20231138,True,0,One distinct set
scifact,1339:15482274,1339:15482274,True,2,"Multiple minimal sets, no supersets"
scifact,133:16280642,133:16280642,True,0,One distinct set
scifact,1352:12885341,1352:12885341,True,2,"Multiple minimal sets, no supersets"
scifact,1359:11614737,1359:11614737,True,0,One distinct set
scifact,1368:2425364,1368:2425364,True,2,"Multiple minimal sets, no supersets"
scifact,1370:2425364,1368:2425364,True,2,"Multiple minimal sets, no supersets"
scifact,1379:16322674,1379:16322674,True,2,"Multiple minimal sets, no supersets"
scifact,1379:17450673,1379:16322674,True,0,One distinct set
scifact,1379:23557241,1379:16322674,True,0,One distinct set
scifact,1379:27123743,1379:16322674,True,2,"Multiple minimal sets, no supersets"
scifact,137:26016929,137:26016929,True,0,One distinct set
scifact,1382:17755060,1382:17755060,True,2,"Multiple minimal sets, no supersets"
scifact,1385:306006,1385:306006,True,0,One distinct set
scifact,1389:23895668,1389:23895668,True,0,One distinct set
scifact,141:14437255,141:14437255,True,2,"Multiple minimal sets, no supersets"
scifact,142:10582939,142:10582939,True,0,One distinct set
scifact,143:10582939,142:10582939,True,0,One distinct set
scifact,146:10582939,142:10582939,True,2,"Multiple minimal sets, no supersets"
scifact,148:1084345,148:1084345,True,0,One distinct set
scifact,163:18872233,163:18872233,True,2,"Multiple minimal sets, no supersets"
scifact,171:12670680,171:12670680,True,2,"Multiple minimal sets, no supersets"
scifact,179:16322674,1379:16322674,True,2,"Multiple minimal sets, no supersets"
scifact,179:17450673,1379:16322674,True,2,"Multiple minimal sets, no supersets"
scifact,179:23557241,1379:16322674,True,0,One distinct set
scifact,179:27123743,1379:16322674,True,2,"Multiple minimal sets, no supersets"
scifact,180:16966326,180:16966326,True,0,One distinct set
scifact,183:12827098,183:12827098,True,0,One distinct set
scifact,185:18340282,185:18340282,True,2,"Multiple minimal sets, no supersets"
scifact,208:13519661,208:13519661,True,0,One distinct set
scifact,212:22038539,212:22038539,True,2,"Multiple minimal sets, no supersets"
scifact,216:21366394,216:21366394,True,0,One distinct set
scifact,217:21366394,216:21366394,True,0,One distinct set
scifact,218:21366394,216:21366394,True,2,"Multiple minimal sets, no supersets"
scifact,219:21366394,216:21366394,True,2,"Multiple minimal sets, no supersets"
scifact,230:3067015,230:3067015,True,0,One distinct set
scifact,233:4388470,233:4388470,True,2,"Multiple minimal sets, no supersets"
scifact,236:4388470,233:4388470,True,2,"Multiple minimal sets, no supersets"
scifact,239:14079881,239:14079881,True,2,"Multiple minimal sets, no supersets"
scifact,248:1568684,248:1568684,True,2,"Multiple minimal sets, no supersets"
scifact,249:1568684,248:1568684,True,2,"Multiple minimal sets, no supersets"
scifact,261:10697096,261:10697096,True,0,One distinct set
scifact,261:1122279,261:10697096,True,0,One distinct set
scifact,274:11614737,1359:11614737,True,2,"Multiple minimal sets, no supersets"
scifact,275:14241418,275:14241418,True,0,One distinct set
scifact,275:4961038,275:14241418,True,2,"Multiple minimal sets, no supersets"
scifact,279:14376683,279:14376683,True,0,One distinct set
scifact,295:20310709,295:20310709,True,2,"Multiple minimal sets, no supersets"
scifact,298:39381118,298:39381118,True,0,One distinct set
scifact,314:4347374,314:4347374,True,0,One distinct set
scifact,327:17997584,1130:17997584,True,0,One distinct set
scifact,338:23349986,338:23349986,True,2,"Multiple minimal sets, no supersets"
scifact,343:5884524,343:5884524,True,0,One distinct set
scifact,380:19005293,380:19005293,True,0,One distinct set
scifact,385:9955779,385:9955779,True,0,One distinct set
scifact,386:16495649,386:16495649,True,2,"Multiple minimal sets, no supersets"
scifact,399:791050,399:791050,True,2,"Multiple minimal sets, no supersets"
scifact,3:14717500,3:14717500,True,2,"Multiple minimal sets, no supersets"
scifact,415:6309659,415:6309659,True,0,One distinct set
scifact,42:18174210,42:18174210,True,2,"Multiple minimal sets, no supersets"
scifact,431:28937856,431:28937856,True,0,One distinct set
scifact,436:14637235,436:14637235,True,2,"Multiple minimal sets, no supersets"
scifact,443:10165258,443:10165258,True,0,One distinct set
scifact,452:12804937,452:12804937,True,0,One distinct set
scifact,452:464511,452:12804937,True,0,One distinct set
scifact,475:18678095,475:18678095,True,0,One distinct set
scifact,48:13734012,48:13734012,True,0,One distinct set
scifact,49:5953485,49:5953485,True,2,"Multiple minimal sets, no supersets"
scifact,501:17930286,501:17930286,True,0,One distinct set
scifact,50:12580014,50:12580014,True,0,One distinct set
scifact,513:13230773,513:13230773,True,0,One distinct set
scifact,516:29564505,516:29564505,True,2,"Multiple minimal sets, no supersets"
scifact,51:45638119,51:45638119,True,0,One distinct set
scifact,521:34873974,521:34873974,True,0,One distinct set
scifact,525:13639330,525:13639330,True,0,One distinct set
scifact,528:5476778,528:5476778,True,0,One distinct set
scifact,532:12991445,532:12991445,True,2,"Multiple minimal sets, no supersets"
scifact,533:12991445,532:12991445,True,2,"Multiple minimal sets, no supersets"
scifact,536:16056514,536:16056514,True,0,One distinct set
scifact,539:13282296,539:13282296,True,2,"Multiple minimal sets, no supersets"
scifact,53:45638119,51:45638119,True,0,One distinct set
scifact,540:11886686,540:11886686,True,0,One distinct set
scifact,549:9433958,1020:9433958,True,0,One distinct set
scifact,54:49556906,54:49556906,True,2,"Multiple minimal sets, no supersets"
scifact,569:23460562,569:23460562,True,0,One distinct set
scifact,56:4709641,56:4709641,True,0,One distinct set
scifact,578:8764879,578:8764879,True,2,"Multiple minimal sets, no supersets"
scifact,57:4709641,56:4709641,True,0,One distinct set
scifact,589:10984005,589:10984005,True,2,"Multiple minimal sets, no supersets"
scifact,593:19675911,593:19675911,True,0,One distinct set
scifact,597:12779444,597:12779444,True,0,One distinct set
scifact,597:25742130,597:12779444,True,0,One distinct set
scifact,597:36355784,597:12779444,True,0,One distinct set
scifact,598:25742130,597:12779444,True,2,"Multiple minimal sets, no supersets"
scifact,5:13734012,48:13734012,True,0,One distinct set
scifact,613:9638032,613:9638032,True,0,One distinct set
scifact,619:20888849,619:20888849,True,0,One distinct set
scifact,636:24294572,636:24294572,True,0,One distinct set
scifact,641:5912283,641:5912283,True,2,"Multiple minimal sets, no supersets"
scifact,674:2095573,674:2095573,True,0,One distinct set
scifact,692:24088502,692:24088502,True,2,"Multiple minimal sets, no supersets"
scifact,693:24088502,692:24088502,True,2,"Multiple minimal sets, no supersets"
scifact,70:4414547,70:4414547,True,0,One distinct set
scifact,70:5956380,70:4414547,True,0,One distinct set
scifact,718:17587795,718:17587795,True,0,One distinct set
scifact,721:1834762,721:1834762,True,0,One distinct set
scifact,723:5531479,723:5531479,True,2,"Multiple minimal sets, no supersets"
scifact,728:36444198,728:36444198,True,2,"Multiple minimal sets, no supersets"
scifact,729:26851674,729:26851674,True,0,One distinct set
scifact,742:32159283,742:32159283,True,0,One distinct set
scifact,743:32159283,742:32159283,True,0,One distinct set
scifact,744:8460275,744:8460275,True,0,One distinct set
scifact,756:2831620,756:2831620,True,0,One distinct set
scifact,759:1805641,759:1805641,True,0,One distinct set
scifact,770:15476777,770:15476777,True,0,One distinct set
scifact,781:24338780,781:24338780,True,2,"Multiple minimal sets, no supersets"
scifact,784:2356950,784:2356950,True,0,One distinct set
scifact,793:8551160,793:8551160,True,0,One distinct set
scifact,805:22180793,805:22180793,True,2,"Multiple minimal sets, no supersets"
scifact,808:36606083,808:36606083,True,0,One distinct set
scifact,811:19799455,811:19799455,True,2,"Multiple minimal sets, no supersets"
scifact,823:15319019,823:15319019,True,0,One distinct set
scifact,832:30303335,832:30303335,True,2,"Multiple minimal sets, no supersets"
scifact,837:15928989,837:15928989,True,2,"Multiple minimal sets, no supersets"
scifact,839:1469751,839:1469751,True,2,"Multiple minimal sets, no supersets"
scifact,845:17741440,845:17741440,True,0,One distinct set
scifact,847:16787954,847:16787954,True,0,One distinct set
scifact,852:13843341,852:13843341,True,2,"Multiple minimal sets, no supersets"
scifact,859:1982286,859:1982286,True,0,One distinct set
scifact,873:1180972,873:1180972,True,2,"Multiple minimal sets, no supersets"
scifact,873:19307912,873:1180972,True,2,"Multiple minimal sets, no supersets"
scifact,873:27393799,873:1180972,True,0,One distinct set
scifact,873:29025270,873:1180972,True,2,"Multiple minimal sets, no supersets"
scifact,873:3315558,873:1180972,True,2,"Multiple minimal sets, no supersets"
scifact,879:8426046,879:8426046,True,0,One distinct set
scifact,880:8426046,879:8426046,True,0,One distinct set
scifact,882:14803797,882:14803797,True,0,One distinct set
scifact,903:10648422,903:10648422,True,2,"Multiple minimal sets, no supersets"
scifact,904:7370282,904:7370282,True,0,One distinct set
scifact,911:11254556,911:11254556,True,2,"Multiple minimal sets, no supersets"
scifact,921:1642727,921:1642727,True,2,"Multiple minimal sets, no supersets"
scifact,922:17077004,922:17077004,True,2,"Multiple minimal sets, no supersets"
scifact,936:5483793,936:5483793,True,0,One distinct set
scifact,957:123859,957:123859,True,0,One distinct set
scifact,960:8780599,960:8780599,True,2,"Multiple minimal sets, no supersets"
scifact,967:8997410,967:8997410,True,0,One distinct set
scifact,971:27873158,971:27873158,True,2,"Multiple minimal sets, no supersets"
scifact,971:28617573,971:27873158,True,0,One distinct set
scifact,971:46695481,971:27873158,True,2,"Multiple minimal sets, no supersets"
scifact,971:9764256,971:27873158,True,0,One distinct set
scifact,982:2988714,982:2988714,True,0,One distinct set
scifact,985:6828370,985:6828370,True,0,One distinct set
scifact,993:16472469,993:16472469,True,0,One distinct set
