dataset,method,metric,subset,n,clusters,mean,lo,hi,median,q25,q75,q90,q95,max,zero_fraction,sparse,overall_n,affected_n,overall_zero_fraction,overall_zero_lo,overall_zero_hi,status
qasper,bm25,depth_penalty,all,875,367,6.65257142857,5.68556157959,7.69555787115,0,0,7,23,36,105,0.548571428571,False,875,395,0.548571428571,0.514348027279,0.583892807682,revision-added exploratory
qasper,bm25,depth_penalty,positive_cost,395,247,14.7367088608,12.9097471788,16.7044039772,9,3,20,37,45.3,105,0,False,875,395,0.548571428571,0.514348027279,0.583892807682,revision-added exploratory
qasper,bm25,tokens_penalty,all,875,367,540.881142857,463.744913737,623.977279706,0,0,667,1819.4,2598.3,8554,0.548571428571,False,875,395,0.548571428571,0.514348027279,0.583892807682,revision-added exploratory
qasper,bm25,tokens_penalty,positive_cost,395,247,1198.15443038,1054.552547,1352.73839164,782,330,1700.5,2746,3600.5,8554,0,False,875,395,0.548571428571,0.514348027279,0.583892807682,revision-added exploratory
qasper,tfidf,depth_penalty,all,875,367,6.61371428571,5.66853091182,7.63441994212,0,0,8,22,35.3,84,0.552,False,875,392,0.552,0.516918796714,0.587592181503,revision-added exploratory
qasper,tfidf,depth_penalty,positive_cost,392,246,14.762755102,13.0488307594,16.5547237068,9,3,20.25,36.9,44.45,84,0,False,875,392,0.552,0.516918796714,0.587592181503,revision-added exploratory
qasper,tfidf,tokens_penalty,all,875,367,540.88,463.733797024,623.799212035,0,0,661,1852.6,2607.1,7423,0.552,False,875,392,0.552,0.516918796714,0.587592181503,revision-added exploratory
qasper,tfidf,tokens_penalty,positive_cost,392,246,1207.32142857,1070.7919601,1353.30175872,858.5,288.75,1720.5,2745.8,3633.6,7423,0,False,875,392,0.552,0.516918796714,0.587592181503,revision-added exploratory
qasper,dense,depth_penalty,all,875,367,6.224,5.40627450757,7.08766964519,0,0,8,20.6,30,102,0.533714285714,False,875,408,0.533714285714,0.497635793755,0.569663938874,revision-added exploratory
qasper,dense,depth_penalty,positive_cost,408,252,13.3480392157,11.9619223503,14.8548547832,9,4,19,30.3,37.95,102,0,False,875,408,0.533714285714,0.497635793755,0.569663938874,revision-added exploratory
qasper,dense,tokens_penalty,all,875,367,509.278857143,440.279962393,581.417634494,0,0,680,1675.8,2236.7,9208,0.533714285714,False,875,408,0.533714285714,0.497635793755,0.569663938874,revision-added exploratory
qasper,dense,tokens_penalty,positive_cost,408,252,1092.20343137,979.927067774,1217.09517776,739.5,297.75,1498.25,2351.5,3314,9208,0,False,875,408,0.533714285714,0.497635793755,0.569663938874,revision-added exploratory
qasper,lead,depth_penalty,all,875,367,4.83085714286,4.10043828646,5.60665137615,0,0,4,17,27.3,94,0.569142857143,False,875,377,0.569142857143,0.534665099882,0.604005009294,revision-added exploratory
qasper,lead,depth_penalty,positive_cost,377,244,11.2122015915,9.81769360617,12.7132533815,6,2,16,29,35,94,0,False,875,377,0.569142857143,0.534665099882,0.604005009294,revision-added exploratory
qasper,lead,tokens_penalty,all,875,367,353.705142857,301.647643195,409.784166625,0,0,340,1267.2,1824.9,7705,0.569142857143,False,875,377,0.569142857143,0.534665099882,0.604005009294,revision-added exploratory
qasper,lead,tokens_penalty,positive_cost,377,244,820.933687003,722.492024041,927.736577843,464,171,1220,1945.4,2494.6,7705,0,False,875,377,0.569142857143,0.534665099882,0.604005009294,revision-added exploratory
qasper,random,depth_penalty,all,875,367,8,6.92570260532,9.15701795274,0,0,11,27,38,97,0.562285714286,False,875,383,0.562285714286,0.527311262669,0.597689167565,revision-added exploratory
qasper,random,depth_penalty,positive_cost,383,241,18.2767624021,16.2736602871,20.3827145251,13,6,26,39.8,50,97,0,False,875,383,0.562285714286,0.527311262669,0.597689167565,revision-added exploratory
qasper,random,tokens_penalty,all,875,367,607.769142857,525.510592019,694.952668156,0,0,874,2137.4,2759.2,7701,0.562285714286,False,875,383,0.562285714286,0.527311262669,0.597689167565,revision-added exploratory
qasper,random,tokens_penalty,positive_cost,383,241,1388.50652742,1241.98625613,1546.49723202,1040,479,1977,2902.8,3726.4,7701,0,False,875,383,0.562285714286,0.527311262669,0.597689167565,revision-added exploratory
qasper,qwen3,depth_penalty,all,875,367,5.89257142857,5.1492524564,6.67468293317,0,0,7.5,20,29,107,0.534857142857,False,875,407,0.534857142857,0.498828971094,0.571929824561,revision-added exploratory
qasper,qwen3,depth_penalty,positive_cost,407,252,12.6683046683,11.4118598168,13.9928070401,9,3,16.5,31.4,38.7,107,0,False,875,407,0.534857142857,0.498828971094,0.571929824561,revision-added exploratory
qasper,qwen3,tokens_penalty,all,875,367,474.222857143,414.191788131,537.893905911,0,0,616,1602.2,2337.9,9108,0.534857142857,False,875,407,0.534857142857,0.498828971094,0.571929824561,revision-added exploratory
qasper,qwen3,tokens_penalty,positive_cost,407,252,1019.52088452,921.562563776,1124.85316037,701,277,1418.5,2435.8,3027.4,9108,0,False,875,407,0.534857142857,0.498828971094,0.571929824561,revision-added exploratory
scifact,bm25,depth_penalty,all,209,164,2.01913875598,1.47958120748,2.62847455011,0,0,3,6,8.6,24,0.593301435407,False,209,85,0.593301435407,0.520930232558,0.666666666667,revision-added exploratory
scifact,bm25,depth_penalty,positive_cost,85,70,4.96470588235,4.0487804878,6.12359550562,4,2,6,9.6,10.8,24,0,False,209,85,0.593301435407,0.520930232558,0.666666666667,revision-added exploratory
scifact,bm25,tokens_penalty,all,209,164,58.5406698565,42.9760074097,76.2804745777,0,0,102,198.2,236.2,697,0.593301435407,False,209,85,0.593301435407,0.520930232558,0.666666666667,revision-added exploratory
scifact,bm25,tokens_penalty,positive_cost,85,70,143.941176471,117.447058824,178.352352169,112,68,197,250,299,697,0,False,209,85,0.593301435407,0.520930232558,0.666666666667,revision-added exploratory
scifact,tfidf,depth_penalty,all,209,164,2.04306220096,1.51206878955,2.62926829268,0,0,3,7,8.6,22,0.593301435407,False,209,85,0.593301435407,0.520930232558,0.666666666667,revision-added exploratory
scifact,tfidf,depth_penalty,positive_cost,85,70,5.02352941176,4.14281512605,6.09411764706,4,2,7,9,10,22,0,False,209,85,0.593301435407,0.520930232558,0.666666666667,revision-added exploratory
scifact,tfidf,tokens_penalty,all,209,164,59.4976076555,43.9288934818,76.9883085361,0,0,86,189.8,272.2,652,0.593301435407,False,209,85,0.593301435407,0.520930232558,0.666666666667,revision-added exploratory
scifact,tfidf,tokens_penalty,positive_cost,85,70,146.294117647,119.481707161,179.861035378,116,54,189,289,349,652,0,False,209,85,0.593301435407,0.520930232558,0.666666666667,revision-added exploratory
scifact,dense,depth_penalty,all,209,164,1.86602870813,1.32876712329,2.53366328534,0,0,3,5,8,29,0.593301435407,False,209,85,0.593301435407,0.520930232558,0.666666666667,revision-added exploratory
scifact,dense,depth_penalty,positive_cost,85,70,4.58823529412,3.56248244382,5.96346719933,3,2,5,8,12.6,29,0,False,209,85,0.593301435407,0.520930232558,0.666666666667,revision-added exploratory
scifact,dense,tokens_penalty,all,209,164,54.5550239234,39.3626908937,72.6766569381,0,0,82,175.2,221.6,782,0.593301435407,False,209,85,0.593301435407,0.520930232558,0.666666666667,revision-added exploratory
scifact,dense,tokens_penalty,positive_cost,85,70,134.141176471,106.444176707,171.140365979,96,59,175,251,342.6,782,0,False,209,85,0.593301435407,0.520930232558,0.666666666667,revision-added exploratory
scifact,lead,depth_penalty,all,209,164,1.72248803828,1.10144760569,2.58716778587,0,0,2,4,6,38,0.593301435407,False,209,85,0.593301435407,0.520930232558,0.666666666667,revision-added exploratory
scifact,lead,depth_penalty,positive_cost,85,70,4.23529411765,2.93023255814,6.20430718475,3,2,4,6.6,8.6,38,0,False,209,85,0.593301435407,0.520930232558,0.666666666667,revision-added exploratory
scifact,lead,tokens_penalty,all,209,164,48.6315789474,31.0207148681,72.7095012634,0,0,62,127.6,193.8,1045,0.593301435407,False,209,85,0.593301435407,0.520930232558,0.666666666667,revision-added exploratory
scifact,lead,tokens_penalty,positive_cost,85,70,119.576470588,82.6426393728,173.67659632,73,41,127,202.2,315.6,1045,0,False,209,85,0.593301435407,0.520930232558,0.666666666667,revision-added exploratory
scifact,random,depth_penalty,all,209,164,2.05263157895,1.45640776699,2.76213592233,0,0,3,6,8.6,32,0.593301435407,False,209,85,0.593301435407,0.520930232558,0.666666666667,revision-added exploratory
scifact,random,depth_penalty,positive_cost,85,70,5.04705882353,3.91463414634,6.51807228916,4,2,6,10,13.6,32,0,False,209,85,0.593301435407,0.520930232558,0.666666666667,revision-added exploratory
scifact,random,tokens_penalty,all,209,164,56.2535885167,40.03121875,75.3037304371,0,0,81,169,246.2,862,0.593301435407,False,209,85,0.593301435407,0.520930232558,0.666666666667,revision-added exploratory
scifact,random,tokens_penalty,positive_cost,85,70,138.317647059,108.41102115,178.409863636,101,61,168,268.8,352.2,862,0,False,209,85,0.593301435407,0.520930232558,0.666666666667,revision-added exploratory
scifact,qwen3,depth_penalty,all,209,164,1.60765550239,1.2009798995,2.05118580426,0,0,2,5,7,15,0.593301435407,False,209,85,0.593301435407,0.520930232558,0.666666666667,revision-added exploratory
scifact,qwen3,depth_penalty,positive_cost,85,70,3.95294117647,3.22891566265,4.77528089888,3,1,5,8,11.8,15,0,False,209,85,0.593301435407,0.520930232558,0.666666666667,revision-added exploratory
scifact,qwen3,tokens_penalty,all,209,164,47.5502392344,35.7213770053,60.6777722818,0,0,77,144,228.8,460,0.593301435407,False,209,85,0.593301435407,0.520930232558,0.666666666667,revision-added exploratory
scifact,qwen3,tokens_penalty,positive_cost,85,70,116.917647059,96.333125,141.411836442,96,45,144,271.4,314.6,460,0,False,209,85,0.593301435407,0.520930232558,0.666666666667,revision-added exploratory
