dataset,method,metric,n,clusters,mean,lo,hi,median,q25,q75,q90,q95,max,zero_fraction,sparse,status
qasper,bm25,depth_complete,875,367,11.2994285714,10.2496799707,12.4123038252,5,2,14,30,45,116,0,False,revision-added exploratory
qasper,bm25,depth_union,875,367,17.952,16.5005093357,19.4546229623,11,4,27,44,56,116,0,False,revision-added exploratory
qasper,bm25,depth_penalty,875,367,6.65257142857,5.68556157959,7.69555787115,0,0,7,23,36,105,0.548571428571,False,revision-added exploratory
qasper,bm25,tokens_complete,875,367,980.648,901.684292435,1060.95773812,510,209,1393.5,2567,3409.6,6706,0,False,revision-added exploratory
qasper,bm25,tokens_union,875,367,1521.52914286,1410.23155688,1635.0520725,1116,375,2290.5,3499.6,4163.5,9811,0,False,revision-added exploratory
qasper,bm25,tokens_penalty,875,367,540.881142857,463.744913737,623.977279706,0,0,667,1819.4,2598.3,8554,0.548571428571,False,revision-added exploratory
qasper,tfidf,depth_complete,875,367,11.6777142857,10.5907513795,12.8093159638,6,2,15,30.6,44.3,116,0,False,revision-added exploratory
qasper,tfidf,depth_union,875,367,18.2914285714,16.8473827766,19.7984427441,12,4,27,45,56.3,116,0,False,revision-added exploratory
qasper,tfidf,depth_penalty,875,367,6.61371428571,5.66853091182,7.63441994212,0,0,8,22,35.3,84,0.552,False,revision-added exploratory
qasper,tfidf,tokens_complete,875,367,995.262857143,915.484589899,1077.04129562,517,204.5,1466,2524.2,3405.7,6706,0,False,revision-added exploratory
qasper,tfidf,tokens_union,875,367,1536.14285714,1425.07340734,1651.53626835,1176,374,2302.5,3431.8,4187.9,9157,0,False,revision-added exploratory
qasper,tfidf,tokens_penalty,875,367,540.88,463.733797024,623.799212035,0,0,661,1852.6,2607.1,7423,0.552,False,revision-added exploratory
qasper,dense,depth_complete,875,367,9.696,8.72142040744,10.7715574099,5,2,12,24,37,119,0,False,revision-added exploratory
qasper,dense,depth_union,875,367,15.92,14.5902488958,17.3042608387,10,4,22,39.6,50,119,0,False,revision-added exploratory
qasper,dense,depth_penalty,875,367,6.224,5.40627450757,7.08766964519,0,0,8,20.6,30,102,0.533714285714,False,revision-added exploratory
qasper,dense,tokens_complete,875,367,740.867428571,677.039097744,808.243501247,372,150,963.5,1904.4,2770.5,5572,0,False,revision-added exploratory
qasper,dense,tokens_union,875,367,1250.14628571,1152.95624416,1348.00143209,817,301.5,1855.5,2984.6,3749.4,9249,0,False,revision-added exploratory
qasper,dense,tokens_penalty,875,367,509.278857143,440.279962393,581.417634494,0,0,680,1675.8,2236.7,9208,0.533714285714,False,revision-added exploratory
qasper,lead,depth_complete,875,367,21.5348571429,20.0835878956,23.0394559667,17,7,30,44,53,160,0,False,revision-added exploratory
qasper,lead,depth_union,875,367,26.3657142857,24.737996701,28.0966259593,23,13,36.5,49,59,160,0,False,revision-added exploratory
qasper,lead,depth_penalty,875,367,4.83085714286,4.10043828646,5.60665137615,0,0,4,17,27.3,94,0.569142857143,False,revision-added exploratory
qasper,lead,tokens_complete,875,367,1627.55542857,1529.14287839,1729.53763462,1367,714.5,2208,3168.4,3887.8,10035,0,False,revision-added exploratory
qasper,lead,tokens_union,875,367,1981.26057143,1868.82638639,2101.301153,1769,1103.5,2506,3503,4117.2,10035,0,False,revision-added exploratory
qasper,lead,tokens_penalty,875,367,353.705142857,301.647643195,409.784166625,0,0,340,1267.2,1824.9,7705,0.569142857143,False,revision-added exploratory
qasper,random,depth_complete,875,367,23.5577142857,21.7463154572,25.5938251605,18,9,32.5,50,61,227,0,False,revision-added exploratory
qasper,random,depth_union,875,367,31.5577142857,29.3143746858,33.9909314907,27,15,43,58.6,71.3,227,0,False,revision-added exploratory
qasper,random,depth_penalty,875,367,8,6.92570260532,9.15701795274,0,0,11,27,38,97,0.562285714286,False,revision-added exploratory
qasper,random,tokens_complete,875,367,1694.63428571,1585.27092396,1811.943449,1403,699.5,2326,3488.6,4046.7,17360,0,False,revision-added exploratory
qasper,random,tokens_union,875,367,2302.40342857,2159.72709014,2452.2006155,2044,1156.5,3194,4075.2,4882.5,17360,0,False,revision-added exploratory
qasper,random,tokens_penalty,875,367,607.769142857,525.510592019,694.952668156,0,0,874,2137.4,2759.2,7701,0.562285714286,False,revision-added exploratory
qasper,qwen3,depth_complete,875,367,7.70514285714,6.89925786098,8.5948867731,3,1,9,20,31,108,0,False,revision-added exploratory
qasper,qwen3,depth_union,875,367,13.5977142857,12.3759811186,14.8540401777,7,3,19,36,46,109,0,False,revision-added exploratory
qasper,qwen3,depth_penalty,875,367,5.89257142857,5.1492524564,6.67468293317,0,0,7.5,20,29,107,0.534857142857,False,revision-added exploratory
qasper,qwen3,tokens_complete,875,367,584.453714286,528.975666201,642.125541959,262,119,731.5,1576.4,2230.6,5584,0,False,revision-added exploratory
qasper,qwen3,tokens_union,875,367,1058.67657143,969.709695985,1149.63957559,614,207,1573,2688,3277.3,9199,0,False,revision-added exploratory
qasper,qwen3,tokens_penalty,875,367,474.222857143,414.191788131,537.893905911,0,0,616,1602.2,2337.9,9108,0.534857142857,False,revision-added exploratory
scifact,bm25,depth_complete,209,164,2.55023923445,2.21499085366,2.90594832921,2,1,3,6,7,16,0,False,revision-added exploratory
scifact,bm25,depth_union,209,164,4.56937799043,3.97536640979,5.22067079899,3,2,6,9,12,25,0,False,revision-added exploratory
scifact,bm25,depth_penalty,209,164,2.01913875598,1.47958120748,2.62847455011,0,0,3,6,8.6,24,0.593301435407,False,revision-added exploratory
scifact,bm25,tokens_complete,209,164,70.9090909091,62.0334055024,80.5258282303,50,27,90,141.2,207,517,0,False,revision-added exploratory
scifact,bm25,tokens_union,209,164,129.449760766,111.994728439,148.088038567,91,49,179,274.2,340.6,717,0,False,revision-added exploratory
scifact,bm25,tokens_penalty,209,164,58.5406698565,42.9760074097,76.2804745777,0,0,102,198.2,236.2,697,0.593301435407,False,revision-added exploratory
scifact,tfidf,depth_complete,209,164,2.62200956938,2.28999299065,2.97487437186,2,1,3,5,7,16,0,False,revision-added exploratory
scifact,tfidf,depth_union,209,164,4.66507177033,4.07424430807,5.290190117,4,2,6,10,12,23,0,False,revision-added exploratory
scifact,tfidf,depth_penalty,209,164,2.04306220096,1.51206878955,2.62926829268,0,0,3,7,8.6,22,0.593301435407,False,revision-added exploratory
scifact,tfidf,tokens_complete,209,164,71.9425837321,62.7309501593,81.7151785714,53,27,91,147.8,213.6,517,0,False,revision-added exploratory
scifact,tfidf,tokens_union,209,164,131.440191388,113.872297346,149.573690969,93,52,171,291.4,355.2,672,0,False,revision-added exploratory
scifact,tfidf,tokens_penalty,209,164,59.4976076555,43.9288934818,76.9883085361,0,0,86,189.8,272.2,652,0.593301435407,False,revision-added exploratory
scifact,dense,depth_complete,209,164,2.3971291866,2.09292035398,2.7222359736,1,1,3,6,7,14,0,False,revision-added exploratory
scifact,dense,depth_union,209,164,4.26315789474,3.68910817284,4.93665158371,3,1,6,8,10,30,0,False,revision-added exploratory
scifact,dense,depth_penalty,209,164,1.86602870813,1.32876712329,2.53366328534,0,0,3,5,8,29,0.593301435407,False,revision-added exploratory
scifact,dense,tokens_complete,209,164,69.6315789474,59.8904399802,80.4186157254,46,27,90,144,185,644,0,False,revision-added exploratory
scifact,dense,tokens_union,209,164,124.186602871,106.779695492,143.080341794,97,43,164,239,341,802,0,False,revision-added exploratory
scifact,dense,tokens_penalty,209,164,54.5550239234,39.3626908937,72.6766569381,0,0,82,175.2,221.6,782,0.593301435407,False,revision-added exploratory
scifact,lead,depth_complete,209,164,6.004784689,5.51722503677,6.50481004902,5,4,8,11,12.6,17,0,False,revision-added exploratory
scifact,lead,depth_union,209,164,7.72727272727,6.90382653061,8.65615665956,6,4,11,13,14,41,0,False,revision-added exploratory
scifact,lead,depth_penalty,209,164,1.72248803828,1.10144760569,2.58716778587,0,0,2,4,6,38,0.593301435407,False,revision-added exploratory
scifact,lead,tokens_complete,209,164,155.162679426,141.220427956,169.774065103,126,90,201,278,328.2,464,0,False,revision-added exploratory
scifact,lead,tokens_union,209,164,203.794258373,180.325046162,230.035027062,168,107,274,376.8,445,1084,0,False,revision-added exploratory
scifact,lead,tokens_penalty,209,164,48.6315789474,31.0207148681,72.7095012634,0,0,62,127.6,193.8,1045,0.593301435407,False,revision-added exploratory
scifact,random,depth_complete,209,164,4.11961722488,3.67171345811,4.58412287236,3,2,6,8,10,22,0,False,revision-added exploratory
scifact,random,depth_union,209,164,6.17224880383,5.46007480288,6.93534938942,6,3,8,11.2,13.6,33,0,False,revision-added exploratory
scifact,random,depth_penalty,209,164,2.05263157895,1.45640776699,2.76213592233,0,0,3,6,8.6,32,0.593301435407,False,revision-added exploratory
scifact,random,tokens_complete,209,164,108.071770335,95.1691248675,122.28980707,90,50,144,199.2,242.6,794,0,False,revision-added exploratory
scifact,random,tokens_union,209,164,164.325358852,143.641492125,186.853879434,137,78,218,309,362,882,0,False,revision-added exploratory
scifact,random,tokens_penalty,209,164,56.2535885167,40.03121875,75.3037304371,0,0,81,169,246.2,862,0.593301435407,False,revision-added exploratory
scifact,qwen3,depth_complete,209,164,1.95693779904,1.73529411765,2.19617448464,1,1,2,4,5,11,0,False,revision-added exploratory
scifact,qwen3,depth_union,209,164,3.56459330144,3.12784380876,4.02347974101,3,1,5,7,9.6,16,0,False,revision-added exploratory
scifact,qwen3,depth_penalty,209,164,1.60765550239,1.2009798995,2.05118580426,0,0,2,5,7,15,0.593301435407,False,revision-added exploratory
scifact,qwen3,tokens_complete,209,164,59.1913875598,51.3930896292,67.6073489011,42,25,77,112,140,574,0,False,revision-added exploratory
scifact,qwen3,tokens_union,209,164,106.741626794,92.9645252779,120.722524796,79,39,141,214.8,304.4,574,0,False,revision-added exploratory
scifact,qwen3,tokens_penalty,209,164,47.5502392344,35.7213770053,60.6777722818,0,0,77,144,228.8,460,0.593301435407,False,revision-added exploratory
