dataset,method,k,primary,n,clusters,metric,mean,lo,hi,status
qasper,bm25,1,False,875,367,hit,0.243428571429,0.213714053426,0.273736616434,revision-added exploratory
qasper,bm25,1,False,875,367,complete,0.176,0.15,0.202718006795,revision-added exploratory
qasper,bm25,1,False,875,367,union_complete,0.088,0.0690045248869,0.108018584727,revision-added exploratory
qasper,bm25,1,False,875,367,hit_without_complete,0.0674285714286,0.050528486106,0.0845387835413,revision-added exploratory
qasper,bm25,1,False,875,367,complete_without_union,0.088,0.0698733642972,0.107024363672,revision-added exploratory
qasper,bm25,1,False,875,367,max_recall,0.202550566893,0.176095638217,0.229676106396,revision-added exploratory
qasper,bm25,1,False,875,367,union_recall,0.148394599052,0.127719230601,0.169846853127,revision-added exploratory
qasper,bm25,1,False,875,367,max_f1,0.213107482993,0.186138917278,0.241015069101,revision-added exploratory
qasper,bm25,1,False,875,367,union_f1,0.172700226757,0.150110480418,0.196220554711,revision-added exploratory
qasper,bm25,2,False,875,367,hit,0.408,0.372737443421,0.44444765204,revision-added exploratory
qasper,bm25,2,False,875,367,complete,0.301714285714,0.2705736033,0.332571493654,revision-added exploratory
qasper,bm25,2,False,875,367,union_complete,0.171428571429,0.146452374954,0.196796794256,revision-added exploratory
qasper,bm25,2,False,875,367,hit_without_complete,0.106285714286,0.086225721126,0.126984581018,revision-added exploratory
qasper,bm25,2,False,875,367,complete_without_union,0.130285714286,0.108473207827,0.153049775722,revision-added exploratory
qasper,bm25,2,False,875,367,max_recall,0.34474460143,0.313383940614,0.376344579195,revision-added exploratory
qasper,bm25,2,False,875,367,union_recall,0.266034054834,0.239780894432,0.292778779571,revision-added exploratory
qasper,bm25,2,False,875,367,max_f1,0.253713757018,0.231450208549,0.27705442557,revision-added exploratory
qasper,bm25,2,False,875,367,union_f1,0.226197517702,0.205140629953,0.247894067937,revision-added exploratory
qasper,bm25,3,False,875,367,hit,0.512,0.476730987514,0.548352193176,revision-added exploratory
qasper,bm25,3,False,875,367,complete,0.395428571429,0.362143567422,0.428423723678,revision-added exploratory
qasper,bm25,3,False,875,367,union_complete,0.236571428571,0.207653304012,0.266452309079,revision-added exploratory
qasper,bm25,3,False,875,367,hit_without_complete,0.116571428571,0.0952367621181,0.138888888889,revision-added exploratory
qasper,bm25,3,False,875,367,complete_without_union,0.158857142857,0.133707865169,0.184152477494,revision-added exploratory
qasper,bm25,3,False,875,367,max_recall,0.441533647305,0.408903795606,0.474196026305,revision-added exploratory
qasper,bm25,3,False,875,367,union_recall,0.349858091115,0.321252862107,0.378889839571,revision-added exploratory
qasper,bm25,3,False,875,367,max_f1,0.251324890982,0.233146348162,0.269949907617,revision-added exploratory
qasper,bm25,3,False,875,367,union_f1,0.238723380075,0.220475231004,0.25750455544,revision-added exploratory
qasper,bm25,5,True,875,367,hit,0.650285714286,0.615654205607,0.683914510686,revision-added exploratory
qasper,bm25,5,True,875,367,complete,0.509714285714,0.475029003778,0.543759365,revision-added exploratory
qasper,bm25,5,True,875,367,union_complete,0.331428571429,0.298139465153,0.364787858862,revision-added exploratory
qasper,bm25,5,True,875,367,hit_without_complete,0.140571428571,0.117310687,0.16428613644,revision-added exploratory
qasper,bm25,5,True,875,367,complete_without_union,0.178285714286,0.153243396839,0.203769140165,revision-added exploratory
qasper,bm25,5,True,875,367,max_recall,0.566417094017,0.533191061632,0.599041912023,revision-added exploratory
qasper,bm25,5,True,875,367,union_recall,0.462024984539,0.431443833947,0.491976677136,revision-added exploratory
qasper,bm25,5,True,875,367,max_f1,0.226803298289,0.213627203067,0.239799160732,revision-added exploratory
qasper,bm25,5,True,875,367,union_f1,0.228174843732,0.213745898994,0.242407922517,revision-added exploratory
qasper,bm25,10,False,875,367,hit,0.797714285714,0.768798777758,0.826711223028,revision-added exploratory
qasper,bm25,10,False,875,367,complete,0.670857142857,0.63876146789,0.70316027088,revision-added exploratory
qasper,bm25,10,False,875,367,union_complete,0.477714285714,0.443065434834,0.513699413811,revision-added exploratory
qasper,bm25,10,False,875,367,hit_without_complete,0.126857142857,0.104700259837,0.149825882846,revision-added exploratory
qasper,bm25,10,False,875,367,complete_without_union,0.193142857143,0.167591411968,0.21860478152,revision-added exploratory
qasper,bm25,10,False,875,367,max_recall,0.725935461364,0.697142272019,0.755725727633,revision-added exploratory
qasper,bm25,10,False,875,367,union_recall,0.621807833436,0.592215299134,0.651621643985,revision-added exploratory
qasper,bm25,10,False,875,367,max_f1,0.176179947795,0.167957208547,0.184750644176,revision-added exploratory
qasper,bm25,10,False,875,367,union_f1,0.191563165931,0.18184845221,0.201468337682,revision-added exploratory
qasper,bm25,20,False,875,367,hit,0.926857142857,0.907427499581,0.944510071023,revision-added exploratory
qasper,bm25,20,False,875,367,complete,0.834285714286,0.807199477352,0.860544897959,revision-added exploratory
qasper,bm25,20,False,875,367,union_complete,0.684571428571,0.65011952154,0.71929928004,revision-added exploratory
qasper,bm25,20,False,875,367,hit_without_complete,0.0925714285714,0.0726250441563,0.11361079865,revision-added exploratory
qasper,bm25,20,False,875,367,complete_without_union,0.149714285714,0.124575214367,0.175501064967,revision-added exploratory
qasper,bm25,20,False,875,367,max_recall,0.875203418803,0.853111094716,0.89622859204,revision-added exploratory
qasper,bm25,20,False,875,367,union_recall,0.803190764791,0.778885893172,0.826866348197,revision-added exploratory
qasper,bm25,20,False,875,367,max_f1,0.124989810872,0.119614786178,0.130384712956,revision-added exploratory
qasper,bm25,20,False,875,367,union_f1,0.146800725883,0.140292744004,0.153311938043,revision-added exploratory
qasper,tfidf,1,False,875,367,hit,0.258285714286,0.22843213221,0.289323348535,revision-added exploratory
qasper,tfidf,1,False,875,367,complete,0.184,0.157516960141,0.21171198112,revision-added exploratory
qasper,tfidf,1,False,875,367,union_complete,0.101714285714,0.0817253121453,0.122673180172,revision-added exploratory
qasper,tfidf,1,False,875,367,hit_without_complete,0.0742857142857,0.0558773045997,0.0931818181818,revision-added exploratory
qasper,tfidf,1,False,875,367,complete_without_union,0.0822857142857,0.064593232452,0.101311084625,revision-added exploratory
qasper,tfidf,1,False,875,367,max_recall,0.211268027211,0.184886429401,0.238815993623,revision-added exploratory
qasper,tfidf,1,False,875,367,union_recall,0.160261265718,0.138692007253,0.182628601159,revision-added exploratory
qasper,tfidf,1,False,875,367,max_f1,0.222605442177,0.195984042565,0.250460622203,revision-added exploratory
qasper,tfidf,1,False,875,367,union_f1,0.184370603999,0.161264811763,0.208060394625,revision-added exploratory
qasper,tfidf,2,False,875,367,hit,0.393142857143,0.359637978564,0.427927927928,revision-added exploratory
qasper,tfidf,2,False,875,367,complete,0.293714285714,0.261486713577,0.325472390972,revision-added exploratory
qasper,tfidf,2,False,875,367,union_complete,0.164571428571,0.139908117369,0.190191562031,revision-added exploratory
qasper,tfidf,2,False,875,367,hit_without_complete,0.0994285714286,0.0797751185296,0.120045333112,revision-added exploratory
qasper,tfidf,2,False,875,367,complete_without_union,0.129142857143,0.106547802938,0.15306150952,revision-added exploratory
qasper,tfidf,2,False,875,367,max_recall,0.330511564626,0.29931782188,0.361891027294,revision-added exploratory
qasper,tfidf,2,False,875,367,union_recall,0.254144258916,0.228376636209,0.280532021383,revision-added exploratory
qasper,tfidf,2,False,875,367,max_f1,0.241978692083,0.220084061271,0.264379122097,revision-added exploratory
qasper,tfidf,2,False,875,367,union_f1,0.214610669629,0.1947129542,0.234892797047,revision-added exploratory
qasper,tfidf,3,False,875,367,hit,0.491428571429,0.457266529253,0.526845925216,revision-added exploratory
qasper,tfidf,3,False,875,367,complete,0.379428571429,0.346374022128,0.412529942937,revision-added exploratory
qasper,tfidf,3,False,875,367,union_complete,0.232,0.203725261932,0.260973822305,revision-added exploratory
qasper,tfidf,3,False,875,367,hit_without_complete,0.112,0.0900895699395,0.13439755758,revision-added exploratory
qasper,tfidf,3,False,875,367,complete_without_union,0.147428571429,0.123568784493,0.172170013016,revision-added exploratory
qasper,tfidf,3,False,875,367,max_recall,0.422165916623,0.389981185316,0.454151725052,revision-added exploratory
qasper,tfidf,3,False,875,367,union_recall,0.335471243043,0.307279436572,0.363386405922,revision-added exploratory
qasper,tfidf,3,False,875,367,max_f1,0.242565393337,0.224841333612,0.260449357982,revision-added exploratory
qasper,tfidf,3,False,875,367,union_f1,0.228493770655,0.211067468323,0.24634634507,revision-added exploratory
qasper,tfidf,5,True,875,367,hit,0.627428571429,0.593711393953,0.661732459238,revision-added exploratory
qasper,tfidf,5,True,875,367,complete,0.486857142857,0.453394706559,0.520142288596,revision-added exploratory
qasper,tfidf,5,True,875,367,union_complete,0.312,0.279276702332,0.345184188615,revision-added exploratory
qasper,tfidf,5,True,875,367,hit_without_complete,0.140571428571,0.117647058824,0.163879995869,revision-added exploratory
qasper,tfidf,5,True,875,367,complete_without_union,0.174857142857,0.149824379004,0.199549167399,revision-added exploratory
qasper,tfidf,5,True,875,367,max_recall,0.542440153497,0.510846351784,0.574104784073,revision-added exploratory
qasper,tfidf,5,True,875,367,union_recall,0.44223178726,0.412328620098,0.472602986064,revision-added exploratory
qasper,tfidf,5,True,875,367,max_f1,0.219163249449,0.206242868793,0.232439139309,revision-added exploratory
qasper,tfidf,5,True,875,367,union_f1,0.220766668851,0.206486237557,0.23537267977,revision-added exploratory
qasper,tfidf,10,False,875,367,hit,0.796571428571,0.767122494008,0.82558242986,revision-added exploratory
qasper,tfidf,10,False,875,367,complete,0.666285714286,0.633109425491,0.699009376659,revision-added exploratory
qasper,tfidf,10,False,875,367,union_complete,0.473142857143,0.438556465296,0.509050286781,revision-added exploratory
qasper,tfidf,10,False,875,367,hit_without_complete,0.130285714286,0.106651376147,0.155555555556,revision-added exploratory
qasper,tfidf,10,False,875,367,complete_without_union,0.193142857143,0.166853303471,0.22,revision-added exploratory
qasper,tfidf,10,False,875,367,max_recall,0.721525553811,0.691493163519,0.751016623407,revision-added exploratory
qasper,tfidf,10,False,875,367,union_recall,0.618346608947,0.588291831642,0.649046684572,revision-added exploratory
qasper,tfidf,10,False,875,367,max_f1,0.174951237727,0.166697799974,0.183359495517,revision-added exploratory
qasper,tfidf,10,False,875,367,union_f1,0.191066746459,0.181451689264,0.200973055912,revision-added exploratory
qasper,tfidf,20,False,875,367,hit,0.929142857143,0.908982035928,0.94748603352,revision-added exploratory
qasper,tfidf,20,False,875,367,complete,0.825142857143,0.796628737383,0.85327425454,revision-added exploratory
qasper,tfidf,20,False,875,367,union_complete,0.664,0.628787439359,0.699646745949,revision-added exploratory
qasper,tfidf,20,False,875,367,hit_without_complete,0.104,0.082497212932,0.126327311859,revision-added exploratory
qasper,tfidf,20,False,875,367,complete_without_union,0.161142857143,0.135044642857,0.188064456784,revision-added exploratory
qasper,tfidf,20,False,875,367,max_recall,0.872056480028,0.848782157884,0.894148692833,revision-added exploratory
qasper,tfidf,20,False,875,367,union_recall,0.794911770769,0.769817213311,0.819345622809,revision-added exploratory
qasper,tfidf,20,False,875,367,max_f1,0.124025976197,0.118716688392,0.129454717714,revision-added exploratory
qasper,tfidf,20,False,875,367,union_f1,0.145376793084,0.138860116341,0.151962656903,revision-added exploratory
qasper,dense,1,False,875,367,hit,0.308571428571,0.277521442227,0.340699163516,revision-added exploratory
qasper,dense,1,False,875,367,complete,0.204571428571,0.177211597868,0.232506289772,revision-added exploratory
qasper,dense,1,False,875,367,union_complete,0.106285714286,0.0852797008915,0.128263337117,revision-added exploratory
qasper,dense,1,False,875,367,hit_without_complete,0.104,0.083805209513,0.124866511501,revision-added exploratory
qasper,dense,1,False,875,367,complete_without_union,0.0982857142857,0.0785964915852,0.118736541959,revision-added exploratory
qasper,dense,1,False,875,367,max_recall,0.244745578231,0.217441043087,0.27319757946,revision-added exploratory
qasper,dense,1,False,875,367,union_recall,0.180186435786,0.157573112679,0.203736500831,revision-added exploratory
qasper,dense,1,False,875,367,max_f1,0.260953370439,0.233088210869,0.289725681871,revision-added exploratory
qasper,dense,1,False,875,367,union_f1,0.211440527726,0.187224401804,0.236697759779,revision-added exploratory
qasper,dense,2,False,875,367,hit,0.464,0.428736834028,0.498289623717,revision-added exploratory
qasper,dense,2,False,875,367,complete,0.341714285714,0.309858340796,0.373614495261,revision-added exploratory
qasper,dense,2,False,875,367,union_complete,0.180571428571,0.154033883709,0.208053691275,revision-added exploratory
qasper,dense,2,False,875,367,hit_without_complete,0.122285714286,0.0994411829688,0.146108057857,revision-added exploratory
qasper,dense,2,False,875,367,complete_without_union,0.161142857143,0.136579572447,0.186152099886,revision-added exploratory
qasper,dense,2,False,875,367,max_recall,0.388886551544,0.357794952248,0.41983804336,revision-added exploratory
qasper,dense,2,False,875,367,union_recall,0.291572418058,0.265099021799,0.318611455828,revision-added exploratory
qasper,dense,2,False,875,367,max_f1,0.287807050093,0.265499440602,0.309731616111,revision-added exploratory
qasper,dense,2,False,875,367,union_f1,0.252432167832,0.231669543646,0.273267385092,revision-added exploratory
qasper,dense,3,False,875,367,hit,0.565714285714,0.531041374626,0.599523241955,revision-added exploratory
qasper,dense,3,False,875,367,complete,0.432,0.399092841241,0.464455623754,revision-added exploratory
qasper,dense,3,False,875,367,union_complete,0.243428571429,0.213800904977,0.273973404767,revision-added exploratory
qasper,dense,3,False,875,367,hit_without_complete,0.133714285714,0.111764367037,0.156512833394,revision-added exploratory
qasper,dense,3,False,875,367,complete_without_union,0.188571428571,0.161363636364,0.21630804077,revision-added exploratory
qasper,dense,3,False,875,367,max_recall,0.48525843363,0.452985336987,0.516828271749,revision-added exploratory
qasper,dense,3,False,875,367,union_recall,0.374772871573,0.346555081201,0.403291509403,revision-added exploratory
qasper,dense,3,False,875,367,max_f1,0.280830262734,0.262492282125,0.298879987434,revision-added exploratory
qasper,dense,3,False,875,367,union_f1,0.260065390445,0.242181050125,0.277862147263,revision-added exploratory
qasper,dense,5,True,875,367,hit,0.689142857143,0.65700811515,0.720282205946,revision-added exploratory
qasper,dense,5,True,875,367,complete,0.548571428571,0.513729397534,0.582568807339,revision-added exploratory
qasper,dense,5,True,875,367,union_complete,0.333714285714,0.300357161744,0.367187951068,revision-added exploratory
qasper,dense,5,True,875,367,hit_without_complete,0.140571428571,0.117935828195,0.164114612625,revision-added exploratory
qasper,dense,5,True,875,367,complete_without_union,0.214857142857,0.186498855835,0.243428571429,revision-added exploratory
qasper,dense,5,True,875,367,max_recall,0.608127821385,0.576253378294,0.639413418312,revision-added exploratory
qasper,dense,5,True,875,367,union_recall,0.486356091528,0.456633801797,0.516470225253,revision-added exploratory
qasper,dense,5,True,875,367,max_f1,0.247621924942,0.234345657126,0.260746149937,revision-added exploratory
qasper,dense,5,True,875,367,union_f1,0.245413548955,0.231486822196,0.259222301636,revision-added exploratory
qasper,dense,10,False,875,367,hit,0.843428571429,0.817685284234,0.867713004484,revision-added exploratory
qasper,dense,10,False,875,367,complete,0.72,0.689502357184,0.75,revision-added exploratory
qasper,dense,10,False,875,367,union_complete,0.530285714286,0.495574482133,0.565910179871,revision-added exploratory
qasper,dense,10,False,875,367,hit_without_complete,0.123428571429,0.101265110848,0.146651655119,revision-added exploratory
qasper,dense,10,False,875,367,complete_without_union,0.189714285714,0.164367416986,0.215278186275,revision-added exploratory
qasper,dense,10,False,875,367,max_recall,0.772500226757,0.746169127494,0.798351315354,revision-added exploratory
qasper,dense,10,False,875,367,union_recall,0.673238218924,0.645719198793,0.700628866307,revision-added exploratory
qasper,dense,10,False,875,367,max_f1,0.190606756386,0.182288862782,0.199014499652,revision-added exploratory
qasper,dense,10,False,875,367,union_f1,0.208592542442,0.199074665608,0.218044094724,revision-added exploratory
qasper,dense,20,False,875,367,hit,0.950857142857,0.93442575789,0.965832406882,revision-added exploratory
qasper,dense,20,False,875,367,complete,0.868571428571,0.843857539545,0.892898719441,revision-added exploratory
qasper,dense,20,False,875,367,union_complete,0.723428571429,0.689252336449,0.757971683741,revision-added exploratory
qasper,dense,20,False,875,367,hit_without_complete,0.0822857142857,0.0629290617849,0.102564102564,revision-added exploratory
qasper,dense,20,False,875,367,complete_without_union,0.145142857143,0.120467503987,0.169854309689,revision-added exploratory
qasper,dense,20,False,875,367,max_recall,0.910484889713,0.892196696948,0.927946554936,revision-added exploratory
qasper,dense,20,False,875,367,union_recall,0.841627375799,0.81983269906,0.86325329151,revision-added exploratory
qasper,dense,20,False,875,367,max_f1,0.13464845577,0.12918899285,0.140214600915,revision-added exploratory
qasper,dense,20,False,875,367,union_f1,0.155610743297,0.149115634555,0.162220011744,revision-added exploratory
qasper,lead,1,False,875,367,hit,0.0205714285714,0.0113765642776,0.0310771789983,revision-added exploratory
qasper,lead,1,False,875,367,complete,0.0114285714286,0.00471698113208,0.0190158927132,revision-added exploratory
qasper,lead,1,False,875,367,union_complete,0.00457142857143,0.00111111111111,0.00937866354045,revision-added exploratory
qasper,lead,1,False,875,367,hit_without_complete,0.00914285714286,0.00332216725958,0.0169880239752,revision-added exploratory
qasper,lead,1,False,875,367,complete_without_union,0.00685714285714,0.00223964165733,0.0128205128205,revision-added exploratory
qasper,lead,1,False,875,367,max_recall,0.0148952380952,0.00787303507321,0.0229267630875,revision-added exploratory
qasper,lead,1,False,875,367,union_recall,0.0100108843537,0.00506745199633,0.0157561909073,revision-added exploratory
qasper,lead,1,False,875,367,max_f1,0.016380952381,0.00888366111894,0.0247903992484,revision-added exploratory
qasper,lead,1,False,875,367,union_f1,0.0125142857143,0.00667039373089,0.0191312971126,revision-added exploratory
qasper,lead,2,False,875,367,hit,0.0628571428571,0.0465380249716,0.0805906693222,revision-added exploratory
qasper,lead,2,False,875,367,complete,0.0422857142857,0.0287079966381,0.0571428571429,revision-added exploratory
qasper,lead,2,False,875,367,union_complete,0.0182857142857,0.0101123595506,0.0277488734733,revision-added exploratory
qasper,lead,2,False,875,367,hit_without_complete,0.0205714285714,0.0114025085519,0.0311004784689,revision-added exploratory
qasper,lead,2,False,875,367,complete_without_union,0.024,0.0137142857143,0.0357554786621,revision-added exploratory
qasper,lead,2,False,875,367,max_recall,0.0511619047619,0.0368993950346,0.0664336135926,revision-added exploratory
qasper,lead,2,False,875,367,union_recall,0.0349868480726,0.0250566081176,0.0458788162289,revision-added exploratory
qasper,lead,2,False,875,367,max_f1,0.0380609843938,0.0278775832971,0.048928596843,revision-added exploratory
qasper,lead,2,False,875,367,union_f1,0.0310841961027,0.0227037646818,0.0400021667484,revision-added exploratory
qasper,lead,3,False,875,367,hit,0.121142857143,0.0993148707647,0.144578313253,revision-added exploratory
qasper,lead,3,False,875,367,complete,0.0868571428571,0.0680625252873,0.107144872622,revision-added exploratory
qasper,lead,3,False,875,367,union_complete,0.032,0.020689279952,0.044578313253,revision-added exploratory
qasper,lead,3,False,875,367,hit_without_complete,0.0342857142857,0.0224971878515,0.0473049079101,revision-added exploratory
qasper,lead,3,False,875,367,complete_without_union,0.0548571428571,0.0392389678634,0.0721317019979,revision-added exploratory
qasper,lead,3,False,875,367,max_recall,0.101432967033,0.0820737757635,0.122299131869,revision-added exploratory
qasper,lead,3,False,875,367,union_recall,0.0679718820862,0.0542562146961,0.0827463536427,revision-added exploratory
qasper,lead,3,False,875,367,max_f1,0.0580752834467,0.047486921515,0.06952578356,revision-added exploratory
qasper,lead,3,False,875,367,union_f1,0.0497718554088,0.0406947145417,0.0597847916808,revision-added exploratory
qasper,lead,5,True,875,367,hit,0.234285714286,0.204395414055,0.265306691238,revision-added exploratory
qasper,lead,5,True,875,367,complete,0.179428571429,0.152197808931,0.20783847981,revision-added exploratory
qasper,lead,5,True,875,367,union_complete,0.0731428571429,0.0557974481355,0.0919282511211,revision-added exploratory
qasper,lead,5,True,875,367,hit_without_complete,0.0548571428571,0.0396036803907,0.0724641784431,revision-added exploratory
qasper,lead,5,True,875,367,complete_without_union,0.106285714286,0.0841748045236,0.129341755185,revision-added exploratory
qasper,lead,5,True,875,367,max_recall,0.203246049189,0.175607919513,0.231543297171,revision-added exploratory
qasper,lead,5,True,875,367,union_recall,0.140579591837,0.120355350396,0.161656509238,revision-added exploratory
qasper,lead,5,True,875,367,max_f1,0.0804935064935,0.0698025462703,0.0915474029869,revision-added exploratory
qasper,lead,5,True,875,367,union_f1,0.0739103242622,0.0640265860346,0.0841138955328,revision-added exploratory
qasper,lead,10,False,875,367,hit,0.389714285714,0.353756220457,0.426437207565,revision-added exploratory
qasper,lead,10,False,875,367,complete,0.314285714286,0.278230268284,0.351064130985,revision-added exploratory
qasper,lead,10,False,875,367,union_complete,0.177142857143,0.147794563634,0.208754500017,revision-added exploratory
qasper,lead,10,False,875,367,hit_without_complete,0.0754285714286,0.0586112175844,0.0935334872979,revision-added exploratory
qasper,lead,10,False,875,367,complete_without_union,0.137142857143,0.113249743536,0.162322274882,revision-added exploratory
qasper,lead,10,False,875,367,max_recall,0.348820512821,0.313765382622,0.384263407794,revision-added exploratory
qasper,lead,10,False,875,367,union_recall,0.27242675737,0.242358189934,0.303922949814,revision-added exploratory
qasper,lead,10,False,875,367,max_f1,0.0847379719878,0.0759203941987,0.0938947625693,revision-added exploratory
qasper,lead,10,False,875,367,union_f1,0.0891174982431,0.0794077871412,0.0990961342426,revision-added exploratory
qasper,lead,20,False,875,367,hit,0.624,0.585647355403,0.663349032636,revision-added exploratory
qasper,lead,20,False,875,367,complete,0.565714285714,0.525852338043,0.60706353726,revision-added exploratory
qasper,lead,20,False,875,367,union_complete,0.436571428571,0.395616434782,0.47972972973,revision-added exploratory
qasper,lead,20,False,875,367,hit_without_complete,0.0582857142857,0.0428406750855,0.0742858827493,revision-added exploratory
qasper,lead,20,False,875,367,complete_without_union,0.129142857143,0.105204808634,0.153421783684,revision-added exploratory
qasper,lead,20,False,875,367,max_recall,0.595376134976,0.55658597446,0.635546015525,revision-added exploratory
qasper,lead,20,False,875,367,union_recall,0.528858709544,0.490584123145,0.569184686838,revision-added exploratory
qasper,lead,20,False,875,367,max_f1,0.091634678127,0.0841011880982,0.0995517675891,revision-added exploratory
qasper,lead,20,False,875,367,union_f1,0.104388657984,0.095606550163,0.11358149196,revision-added exploratory
qasper,random,1,False,875,367,hit,0.0617142857143,0.0466970387244,0.0778926916007,revision-added exploratory
qasper,random,1,False,875,367,complete,0.0308571428571,0.0199759120725,0.0425537721825,revision-added exploratory
qasper,random,1,False,875,367,union_complete,0.0137142857143,0.0068179883397,0.0216154721274,revision-added exploratory
qasper,random,1,False,875,367,hit_without_complete,0.0308571428571,0.019495412844,0.0432242990654,revision-added exploratory
qasper,random,1,False,875,367,complete_without_union,0.0171428571429,0.00922722029988,0.0260770975057,revision-added exploratory
qasper,random,1,False,875,367,max_recall,0.040032129775,0.0289175177181,0.052273040706,revision-added exploratory
qasper,random,1,False,875,367,union_recall,0.0284322407751,0.0201246531678,0.0373416455042,revision-added exploratory
qasper,random,1,False,875,367,max_f1,0.0445179138322,0.0328695888342,0.0573554289346,revision-added exploratory
qasper,random,1,False,875,367,union_f1,0.0352562358277,0.0258663387636,0.0453815620773,revision-added exploratory
qasper,random,2,False,875,367,hit,0.118857142857,0.0974242478011,0.140676117775,revision-added exploratory
qasper,random,2,False,875,367,complete,0.0628571428571,0.0458812531044,0.0806979280262,revision-added exploratory
qasper,random,2,False,875,367,union_complete,0.0262857142857,0.0166069938274,0.0369515011547,revision-added exploratory
qasper,random,2,False,875,367,hit_without_complete,0.056,0.0408620931714,0.0723985801217,revision-added exploratory
qasper,random,2,False,875,367,complete_without_union,0.0365714285714,0.0239179954442,0.0500556489893,revision-added exploratory
qasper,random,2,False,875,367,max_recall,0.0825975928833,0.0654222149309,0.1008029949,revision-added exploratory
qasper,random,2,False,875,367,union_recall,0.0577433518862,0.0452217999236,0.0706685545029,revision-added exploratory
qasper,random,2,False,875,367,max_f1,0.0651882086168,0.0527071759259,0.0780164093797,revision-added exploratory
qasper,random,2,False,875,367,union_f1,0.0541089513661,0.0436407778192,0.0650867896261,revision-added exploratory
qasper,random,3,False,875,367,hit,0.171428571429,0.145434709813,0.197987133991,revision-added exploratory
qasper,random,3,False,875,367,complete,0.0982857142857,0.0772888025018,0.120045368091,revision-added exploratory
qasper,random,3,False,875,367,union_complete,0.0377142857143,0.0245325474843,0.0515698352951,revision-added exploratory
qasper,random,3,False,875,367,hit_without_complete,0.0731428571429,0.0559282276581,0.0917335287456,revision-added exploratory
qasper,random,3,False,875,367,complete_without_union,0.0605714285714,0.044267877412,0.0774489446588,revision-added exploratory
qasper,random,3,False,875,367,max_recall,0.124328135357,0.102932822448,0.146502673958,revision-added exploratory
qasper,random,3,False,875,367,union_recall,0.084688023088,0.0692718244667,0.100782714275,revision-added exploratory
qasper,random,3,False,875,367,max_f1,0.0753737215166,0.0635088402904,0.0875582283767,revision-added exploratory
qasper,random,3,False,875,367,union_f1,0.0645143741413,0.0541805665199,0.0752555721063,revision-added exploratory
qasper,random,5,True,875,367,hit,0.266285714286,0.237938504194,0.295930456274,revision-added exploratory
qasper,random,5,True,875,367,complete,0.161142857143,0.136312783515,0.18665158371,revision-added exploratory
qasper,random,5,True,875,367,union_complete,0.0662857142857,0.0496054114994,0.0836121346107,revision-added exploratory
qasper,random,5,True,875,367,hit_without_complete,0.105142857143,0.0842572062084,0.127251446033,revision-added exploratory
qasper,random,5,True,875,367,complete_without_union,0.0948571428571,0.0752054096257,0.115340286039,revision-added exploratory
qasper,random,5,True,875,367,max_recall,0.200631466946,0.175899741248,0.225974603933,revision-added exploratory
qasper,random,5,True,875,367,union_recall,0.14073432282,0.122283457776,0.15964596514,revision-added exploratory
qasper,random,5,True,875,367,max_f1,0.0838912008626,0.0745495882378,0.0936568966117,revision-added exploratory
qasper,random,5,True,875,367,union_f1,0.076125412766,0.0675241487346,0.0851323611583,revision-added exploratory
qasper,random,10,False,875,367,hit,0.466285714286,0.432754722127,0.5,revision-added exploratory
qasper,random,10,False,875,367,complete,0.305142857143,0.272311080235,0.338824015557,revision-added exploratory
qasper,random,10,False,875,367,union_complete,0.16,0.133840173796,0.187283610321,revision-added exploratory
qasper,random,10,False,875,367,hit_without_complete,0.161142857143,0.135856086227,0.187943476032,revision-added exploratory
qasper,random,10,False,875,367,complete_without_union,0.145142857143,0.121342738974,0.169551184767,revision-added exploratory
qasper,random,10,False,875,367,max_recall,0.371574254317,0.339757568487,0.403458973864,revision-added exploratory
qasper,random,10,False,875,367,union_recall,0.28299109462,0.256369350999,0.310046155886,revision-added exploratory
qasper,random,10,False,875,367,max_f1,0.092554724912,0.0850735363213,0.100317471594,revision-added exploratory
qasper,random,10,False,875,367,union_f1,0.0923774816505,0.0846169989233,0.100452238313,revision-added exploratory
qasper,random,20,False,875,367,hit,0.713142857143,0.679156443998,0.74628885851,revision-added exploratory
qasper,random,20,False,875,367,complete,0.554285714286,0.514702879401,0.593926803233,revision-added exploratory
qasper,random,20,False,875,367,union_complete,0.366857142857,0.326133243563,0.407895824871,revision-added exploratory
qasper,random,20,False,875,367,hit_without_complete,0.158857142857,0.133714285714,0.185267857143,revision-added exploratory
qasper,random,20,False,875,367,complete_without_union,0.187428571429,0.160969948347,0.215017064846,revision-added exploratory
qasper,random,20,False,875,367,max_recall,0.626002093145,0.590291075306,0.661575243345,revision-added exploratory
qasper,random,20,False,875,367,union_recall,0.528392042878,0.493331837378,0.563033646551,revision-added exploratory
qasper,random,20,False,875,367,max_f1,0.0925513860903,0.0864583310524,0.0986420438958,revision-added exploratory
qasper,random,20,False,875,367,union_f1,0.102132098352,0.0950954257252,0.109286926797,revision-added exploratory
qasper,qwen3,1,False,875,367,hit,0.405714285714,0.371270559472,0.440089650172,revision-added exploratory
qasper,qwen3,1,False,875,367,complete,0.285714285714,0.254156769596,0.317620650954,revision-added exploratory
qasper,qwen3,1,False,875,367,union_complete,0.142857142857,0.119417929306,0.167630057803,revision-added exploratory
qasper,qwen3,1,False,875,367,hit_without_complete,0.12,0.0975323149236,0.143344907179,revision-added exploratory
qasper,qwen3,1,False,875,367,complete_without_union,0.142857142857,0.120175428084,0.165680818598,revision-added exploratory
qasper,qwen3,1,False,875,367,max_recall,0.330755939299,0.300022816069,0.36140392512,revision-added exploratory
qasper,qwen3,1,False,875,367,union_recall,0.241949247578,0.2169004026,0.267141870492,revision-added exploratory
qasper,qwen3,1,False,875,367,max_f1,0.349410430839,0.318380027954,0.380368850439,revision-added exploratory
qasper,qwen3,1,False,875,367,union_f1,0.282793650794,0.25645441884,0.309739415773,revision-added exploratory
qasper,qwen3,2,False,875,367,hit,0.569142857143,0.533333333333,0.604469702466,revision-added exploratory
qasper,qwen3,2,False,875,367,complete,0.422857142857,0.388571261877,0.457524443644,revision-added exploratory
qasper,qwen3,2,False,875,367,union_complete,0.245714285714,0.215219593772,0.277966101695,revision-added exploratory
qasper,qwen3,2,False,875,367,hit_without_complete,0.146285714286,0.122765196663,0.170441339798,revision-added exploratory
qasper,qwen3,2,False,875,367,complete_without_union,0.177142857143,0.153408927074,0.201525263263,revision-added exploratory
qasper,qwen3,2,False,875,367,max_recall,0.481208093494,0.448249299385,0.514751917771,revision-added exploratory
qasper,qwen3,2,False,875,367,union_recall,0.374544300144,0.345062531001,0.404680448626,revision-added exploratory
qasper,qwen3,2,False,875,367,max_f1,0.35643298289,0.332969936343,0.379993151344,revision-added exploratory
qasper,qwen3,2,False,875,367,union_f1,0.319914583829,0.297304625278,0.342903724259,revision-added exploratory
qasper,qwen3,3,False,875,367,hit,0.674285714286,0.637614678899,0.709452554399,revision-added exploratory
qasper,qwen3,3,False,875,367,complete,0.531428571429,0.493505723221,0.56807653614,revision-added exploratory
qasper,qwen3,3,False,875,367,union_complete,0.315428571429,0.281786941581,0.350348848365,revision-added exploratory
qasper,qwen3,3,False,875,367,hit_without_complete,0.142857142857,0.118811595692,0.167973569178,revision-added exploratory
qasper,qwen3,3,False,875,367,complete_without_union,0.216,0.18893944054,0.2429916961,revision-added exploratory
qasper,qwen3,3,False,875,367,max_recall,0.590161381476,0.555067697301,0.624788681167,revision-added exploratory
qasper,qwen3,3,False,875,367,union_recall,0.465998309627,0.433543365521,0.498485619826,revision-added exploratory
qasper,qwen3,3,False,875,367,max_f1,0.340433484909,0.320454785905,0.36015833066,revision-added exploratory
qasper,qwen3,3,False,875,367,union_f1,0.319035233301,0.299069879061,0.33915842915,revision-added exploratory
qasper,qwen3,5,True,875,367,hit,0.781714285714,0.751927045285,0.810365668903,revision-added exploratory
qasper,qwen3,5,True,875,367,complete,0.650285714286,0.616487356729,0.683904351998,revision-added exploratory
qasper,qwen3,5,True,875,367,union_complete,0.419428571429,0.382518172033,0.455804294524,revision-added exploratory
qasper,qwen3,5,True,875,367,hit_without_complete,0.131428571429,0.109174866271,0.154123565808,revision-added exploratory
qasper,qwen3,5,True,875,367,complete_without_union,0.230857142857,0.202457468394,0.260228821165,revision-added exploratory
qasper,qwen3,5,True,875,367,max_recall,0.706608930752,0.676309435024,0.736325434059,revision-added exploratory
qasper,qwen3,5,True,875,367,union_recall,0.582112183055,0.551895924262,0.611782019739,revision-added exploratory
qasper,qwen3,5,True,875,367,max_f1,0.290934312137,0.277340774485,0.304047386139,revision-added exploratory
qasper,qwen3,5,True,875,367,union_f1,0.293324991761,0.278720326875,0.307907602623,revision-added exploratory
qasper,qwen3,10,False,875,367,hit,0.894857142857,0.872188268353,0.9159105233,revision-added exploratory
qasper,qwen3,10,False,875,367,complete,0.789714285714,0.761142857143,0.81744232189,revision-added exploratory
qasper,qwen3,10,False,875,367,union_complete,0.597714285714,0.561926605505,0.634010337294,revision-added exploratory
qasper,qwen3,10,False,875,367,hit_without_complete,0.105142857143,0.0839078504965,0.127272727273,revision-added exploratory
qasper,qwen3,10,False,875,367,complete_without_union,0.192,0.166481624592,0.218309859155,revision-added exploratory
qasper,qwen3,10,False,875,367,max_recall,0.835330333159,0.811199105823,0.858320946666,revision-added exploratory
qasper,qwen3,10,False,875,367,union_recall,0.738499113585,0.712107612226,0.76521233591,revision-added exploratory
qasper,qwen3,10,False,875,367,max_f1,0.210233580523,0.201685130031,0.218598370657,revision-added exploratory
qasper,qwen3,10,False,875,367,union_f1,0.230460036012,0.220705809784,0.240302591159,revision-added exploratory
qasper,qwen3,20,False,875,367,hit,0.964571428571,0.950173713861,0.977350044612,revision-added exploratory
qasper,qwen3,20,False,875,367,complete,0.901714285714,0.87943946235,0.922734017563,revision-added exploratory
qasper,qwen3,20,False,875,367,union_complete,0.766857142857,0.734642486115,0.799520291988,revision-added exploratory
qasper,qwen3,20,False,875,367,hit_without_complete,0.0628571428571,0.0455075514103,0.0809906565508,revision-added exploratory
qasper,qwen3,20,False,875,367,complete_without_union,0.134857142857,0.111111111111,0.159682899207,revision-added exploratory
qasper,qwen3,20,False,875,367,max_recall,0.934165079365,0.917309787566,0.949648900057,revision-added exploratory
qasper,qwen3,20,False,875,367,union_recall,0.876472562358,0.85617455154,0.896042977978,revision-added exploratory
qasper,qwen3,20,False,875,367,max_f1,0.141845167436,0.135700400173,0.147957210674,revision-added exploratory
qasper,qwen3,20,False,875,367,union_f1,0.164938646407,0.15781255167,0.172045472667,revision-added exploratory
scifact,bm25,1,False,209,164,hit,0.507177033493,0.431279620853,0.580487804878,revision-added exploratory
scifact,bm25,1,False,209,164,complete,0.468899521531,0.390862944162,0.544117647059,revision-added exploratory
scifact,bm25,1,False,209,164,union_complete,0.239234449761,0.178399107516,0.304147465438,revision-added exploratory
scifact,bm25,1,False,209,164,hit_without_complete,0.0382775119617,0.0144230769231,0.0670103092784,revision-added exploratory
scifact,bm25,1,False,209,164,complete_without_union,0.22966507177,0.165898071505,0.293338308458,revision-added exploratory
scifact,bm25,1,False,209,164,max_recall,0.487240829346,0.411108414239,0.561033444894,revision-added exploratory
scifact,bm25,1,False,209,164,union_recall,0.347448165869,0.285293641729,0.409954206001,revision-added exploratory
scifact,bm25,1,False,209,164,max_f1,0.493620414673,0.417910141411,0.5669646334,revision-added exploratory
scifact,bm25,1,False,209,164,union_f1,0.391000227842,0.325833039906,0.45547169876,revision-added exploratory
scifact,bm25,2,False,209,164,hit,0.717703349282,0.65,0.782226851852,revision-added exploratory
scifact,bm25,2,False,209,164,complete,0.66985645933,0.598983414316,0.737779935275,revision-added exploratory
scifact,bm25,2,False,209,164,union_complete,0.401913875598,0.331707317073,0.473170731707,revision-added exploratory
scifact,bm25,2,False,209,164,hit_without_complete,0.0478468899522,0.0213898030075,0.0800047169811,revision-added exploratory
scifact,bm25,2,False,209,164,complete_without_union,0.267942583732,0.20202020202,0.333333333333,revision-added exploratory
scifact,bm25,2,False,209,164,max_recall,0.69298245614,0.62499465812,0.757992708794,revision-added exploratory
scifact,bm25,2,False,209,164,union_recall,0.538197767145,0.474921689701,0.600413488984,revision-added exploratory
scifact,bm25,2,False,209,164,max_f1,0.474800637959,0.429247804572,0.518570052593,revision-added exploratory
scifact,bm25,2,False,209,164,union_f1,0.436067441331,0.39105041876,0.480722704274,revision-added exploratory
scifact,bm25,3,True,209,164,hit,0.837320574163,0.781910168485,0.888888888889,revision-added exploratory
scifact,bm25,3,True,209,164,complete,0.794258373206,0.735928693948,0.848623853211,revision-added exploratory
scifact,bm25,3,True,209,164,union_complete,0.516746411483,0.447115384615,0.587969771242,revision-added exploratory
scifact,bm25,3,True,209,164,hit_without_complete,0.0430622009569,0.0183486238532,0.0724637681159,revision-added exploratory
scifact,bm25,3,True,209,164,complete_without_union,0.277511961722,0.211977594152,0.342995169082,revision-added exploratory
scifact,bm25,3,True,209,164,max_recall,0.814992025518,0.759086850649,0.866519253853,revision-added exploratory
scifact,bm25,3,True,209,164,union_recall,0.676315789474,0.620750012316,0.73017810422,revision-added exploratory
scifact,bm25,3,True,209,164,max_f1,0.421212121212,0.392445894521,0.44787900128,revision-added exploratory
scifact,bm25,3,True,209,164,union_f1,0.434400394927,0.402187628947,0.464452386601,revision-added exploratory
scifact,bm25,5,False,209,164,hit,0.913875598086,0.871287128713,0.952380952381,revision-added exploratory
scifact,bm25,5,False,209,164,complete,0.88995215311,0.843597706927,0.932291666667,revision-added exploratory
scifact,bm25,5,False,209,164,union_complete,0.66028708134,0.590243902439,0.728974264537,revision-added exploratory
scifact,bm25,5,False,209,164,hit_without_complete,0.0239234449761,0.00490196078431,0.0460829493088,revision-added exploratory
scifact,bm25,5,False,209,164,complete_without_union,0.22966507177,0.170207446809,0.290748898678,revision-added exploratory
scifact,bm25,5,False,209,164,max_recall,0.900318979266,0.856588681425,0.939471149156,revision-added exploratory
scifact,bm25,5,False,209,164,union_recall,0.795135566188,0.74647380363,0.840839077984,revision-added exploratory
scifact,bm25,5,False,209,164,max_f1,0.321257689679,0.304001127345,0.337945000733,revision-added exploratory
scifact,bm25,5,False,209,164,union_f1,0.372899190124,0.348921713032,0.397017660212,revision-added exploratory
scifact,bm25,10,False,209,164,hit,0.985645933014,0.967592592593,1,revision-added exploratory
scifact,bm25,10,False,209,164,complete,0.980861244019,0.961160312574,0.995413367685,revision-added exploratory
scifact,bm25,10,False,209,164,union_complete,0.913875598086,0.869560321191,0.954545454545,revision-added exploratory
scifact,bm25,10,False,209,164,hit_without_complete,0.00478468899522,0,0.0148514851485,revision-added exploratory
scifact,bm25,10,False,209,164,complete_without_union,0.066985645933,0.0295530281078,0.108910891089,revision-added exploratory
scifact,bm25,10,False,209,164,max_recall,0.983253588517,0.965,0.997596153846,revision-added exploratory
scifact,bm25,10,False,209,164,union_recall,0.957735247209,0.934044233807,0.978960496171,revision-added exploratory
scifact,bm25,10,False,209,164,max_f1,0.250716295932,0.236369492532,0.265790632132,revision-added exploratory
scifact,bm25,10,False,209,164,union_f1,0.332035734069,0.312289111372,0.353465730382,revision-added exploratory
scifact,bm25,20,False,209,164,hit,1,1,1,revision-added exploratory
scifact,bm25,20,False,209,164,complete,1,1,1,revision-added exploratory
scifact,bm25,20,False,209,164,union_complete,0.99043062201,0.969849246231,1,revision-added exploratory
scifact,bm25,20,False,209,164,hit_without_complete,0,0,0,revision-added exploratory
scifact,bm25,20,False,209,164,complete_without_union,0.00956937799043,0,0.0301507537688,revision-added exploratory
scifact,bm25,20,False,209,164,max_recall,1,1,1,revision-added exploratory
scifact,bm25,20,False,209,164,union_recall,0.997607655502,0.992462311558,1,revision-added exploratory
scifact,bm25,20,False,209,164,max_f1,0.238550487892,0.222745804823,0.255215767154,revision-added exploratory
scifact,bm25,20,False,209,164,union_f1,0.321890957914,0.301220537014,0.344450343496,revision-added exploratory
scifact,tfidf,1,False,209,164,hit,0.502392344498,0.43,0.572727272727,revision-added exploratory
scifact,tfidf,1,False,209,164,complete,0.468899521531,0.395,0.539215686275,revision-added exploratory
scifact,tfidf,1,False,209,164,union_complete,0.239234449761,0.178403755869,0.305555555556,revision-added exploratory
scifact,tfidf,1,False,209,164,hit_without_complete,0.0334928229665,0.0100502512563,0.060188093244,revision-added exploratory
scifact,tfidf,1,False,209,164,complete_without_union,0.22966507177,0.168268107477,0.290909090909,revision-added exploratory
scifact,tfidf,1,False,209,164,max_recall,0.485645933014,0.413366336634,0.55527638191,revision-added exploratory
scifact,tfidf,1,False,209,164,union_recall,0.345454545455,0.285877468372,0.406525324654,revision-added exploratory
scifact,tfidf,1,False,209,164,max_f1,0.491228070175,0.418719211823,0.560675883257,revision-added exploratory
scifact,tfidf,1,False,209,164,union_f1,0.388288904078,0.326545700011,0.450739117486,revision-added exploratory
scifact,tfidf,2,False,209,164,hit,0.693779904306,0.626728110599,0.75845410628,revision-added exploratory
scifact,tfidf,2,False,209,164,complete,0.655502392344,0.585714285714,0.720935822898,revision-added exploratory
scifact,tfidf,2,False,209,164,union_complete,0.387559808612,0.319248826291,0.458767244385,revision-added exploratory
scifact,tfidf,2,False,209,164,hit_without_complete,0.0382775119617,0.0144927536232,0.0673076923077,revision-added exploratory
scifact,tfidf,2,False,209,164,complete_without_union,0.267942583732,0.202830188679,0.334842147868,revision-added exploratory
scifact,tfidf,2,False,209,164,max_recall,0.674641148325,0.608245564036,0.739133035157,revision-added exploratory
scifact,tfidf,2,False,209,164,union_recall,0.521451355662,0.459644340569,0.582578126614,revision-added exploratory
scifact,tfidf,2,False,209,164,max_f1,0.460925039872,0.415887666784,0.504831504151,revision-added exploratory
scifact,tfidf,2,False,209,164,union_f1,0.420915926179,0.376534994279,0.464153426125,revision-added exploratory
scifact,tfidf,3,True,209,164,hit,0.799043062201,0.740566037736,0.853881278539,revision-added exploratory
scifact,tfidf,3,True,209,164,complete,0.760765550239,0.699074074074,0.818181818182,revision-added exploratory
scifact,tfidf,3,True,209,164,union_complete,0.488038277512,0.415635041434,0.561403508772,revision-added exploratory
scifact,tfidf,3,True,209,164,hit_without_complete,0.0382775119617,0.0142857142857,0.0670103092784,revision-added exploratory
scifact,tfidf,3,True,209,164,complete_without_union,0.272727272727,0.206181681604,0.341232227488,revision-added exploratory
scifact,tfidf,3,True,209,164,max_recall,0.779106858054,0.720587625598,0.833333333333,revision-added exploratory
scifact,tfidf,3,True,209,164,union_recall,0.639234449761,0.580763221154,0.695204123113,revision-added exploratory
scifact,tfidf,3,True,209,164,max_f1,0.402551834131,0.372577741375,0.431364298818,revision-added exploratory
scifact,tfidf,3,True,209,164,union_f1,0.409930128351,0.376748730818,0.441815166852,revision-added exploratory
scifact,tfidf,5,False,209,164,hit,0.928229665072,0.887892376682,0.96335078534,revision-added exploratory
scifact,tfidf,5,False,209,164,complete,0.904306220096,0.859903381643,0.943931163717,revision-added exploratory
scifact,tfidf,5,False,209,164,union_complete,0.66028708134,0.590697674419,0.729857819905,revision-added exploratory
scifact,tfidf,5,False,209,164,hit_without_complete,0.0239234449761,0.00492550468463,0.046511627907,revision-added exploratory
scifact,tfidf,5,False,209,164,complete_without_union,0.244019138756,0.181818181818,0.306879616533,revision-added exploratory
scifact,tfidf,5,False,209,164,max_recall,0.915470494418,0.874371537173,0.952044025157,revision-added exploratory
scifact,tfidf,5,False,209,164,union_recall,0.801515151515,0.755578466239,0.846598681761,revision-added exploratory
scifact,tfidf,5,False,209,164,max_f1,0.325415812258,0.308885841837,0.341636278195,revision-added exploratory
scifact,tfidf,5,False,209,164,union_f1,0.372937163846,0.351299385493,0.395275235084,revision-added exploratory
scifact,tfidf,10,False,209,164,hit,0.985645933014,0.967592592593,1,revision-added exploratory
scifact,tfidf,10,False,209,164,complete,0.980861244019,0.961160312574,0.995413367685,revision-added exploratory
scifact,tfidf,10,False,209,164,union_complete,0.904306220096,0.858489489101,0.946608390788,revision-added exploratory
scifact,tfidf,10,False,209,164,hit_without_complete,0.00478468899522,0,0.0148514851485,revision-added exploratory
scifact,tfidf,10,False,209,164,complete_without_union,0.0765550239234,0.0366960468803,0.120930232558,revision-added exploratory
scifact,tfidf,10,False,209,164,max_recall,0.983253588517,0.965,0.997596153846,revision-added exploratory
scifact,tfidf,10,False,209,164,union_recall,0.952950558214,0.928173941799,0.974958949097,revision-added exploratory
scifact,tfidf,10,False,209,164,max_f1,0.250716295932,0.236369492532,0.265790632132,revision-added exploratory
scifact,tfidf,10,False,209,164,union_f1,0.330440837737,0.310608014358,0.351888343221,revision-added exploratory
scifact,tfidf,20,False,209,164,hit,1,1,1,revision-added exploratory
scifact,tfidf,20,False,209,164,complete,1,1,1,revision-added exploratory
scifact,tfidf,20,False,209,164,union_complete,0.99043062201,0.969849246231,1,revision-added exploratory
scifact,tfidf,20,False,209,164,hit_without_complete,0,0,0,revision-added exploratory
scifact,tfidf,20,False,209,164,complete_without_union,0.00956937799043,0,0.0301507537688,revision-added exploratory
scifact,tfidf,20,False,209,164,max_recall,1,1,1,revision-added exploratory
scifact,tfidf,20,False,209,164,union_recall,0.997607655502,0.992462311558,1,revision-added exploratory
scifact,tfidf,20,False,209,164,max_f1,0.238550487892,0.222745804823,0.255215767154,revision-added exploratory
scifact,tfidf,20,False,209,164,union_f1,0.321890957914,0.301220537014,0.344450343496,revision-added exploratory
scifact,dense,1,False,209,164,hit,0.555023923445,0.48275862069,0.625,revision-added exploratory
scifact,dense,1,False,209,164,complete,0.511961722488,0.437185929648,0.582161189358,revision-added exploratory
scifact,dense,1,False,209,164,union_complete,0.287081339713,0.220260101596,0.354066985646,revision-added exploratory
scifact,dense,1,False,209,164,hit_without_complete,0.0430622009569,0.0183486238532,0.0732764262502,revision-added exploratory
scifact,dense,1,False,209,164,complete_without_union,0.224880382775,0.162895927602,0.286344112936,revision-added exploratory
scifact,dense,1,False,209,164,max_recall,0.531897926635,0.459182839803,0.601080246914,revision-added exploratory
scifact,dense,1,False,209,164,union_recall,0.392503987241,0.329244297986,0.454392016645,revision-added exploratory
scifact,dense,1,False,209,164,max_f1,0.539074960128,0.466338052114,0.607993984631,revision-added exploratory
scifact,dense,1,False,209,164,union_f1,0.436135794031,0.372515894027,0.497764699307,revision-added exploratory
scifact,dense,2,False,209,164,hit,0.736842105263,0.669724770642,0.799126637555,revision-added exploratory
scifact,dense,2,False,209,164,complete,0.688995215311,0.618350812031,0.754807692308,revision-added exploratory
scifact,dense,2,False,209,164,union_complete,0.397129186603,0.329894165387,0.466346153846,revision-added exploratory
scifact,dense,2,False,209,164,hit_without_complete,0.0478468899522,0.0206159132963,0.0792079207921,revision-added exploratory
scifact,dense,2,False,209,164,complete_without_union,0.291866028708,0.223347892811,0.361904761905,revision-added exploratory
scifact,dense,2,False,209,164,max_recall,0.711323763955,0.643097437793,0.774113721958,revision-added exploratory
scifact,dense,2,False,209,164,union_recall,0.545773524721,0.485201651639,0.604290891894,revision-added exploratory
scifact,dense,2,False,209,164,max_f1,0.483891547049,0.43916465736,0.525263529006,revision-added exploratory
scifact,dense,2,False,209,164,union_f1,0.440692640693,0.398670861784,0.481481731057,revision-added exploratory
scifact,dense,3,True,209,164,hit,0.822966507177,0.766163861543,0.875598086124,revision-added exploratory
scifact,dense,3,True,209,164,complete,0.784688995215,0.723618090452,0.842553191489,revision-added exploratory
scifact,dense,3,True,209,164,union_complete,0.507177033493,0.434782608696,0.578680203046,revision-added exploratory
scifact,dense,3,True,209,164,hit_without_complete,0.0382775119617,0.0144927536232,0.0660792951542,revision-added exploratory
scifact,dense,3,True,209,164,complete_without_union,0.277511961722,0.210784313725,0.346153846154,revision-added exploratory
scifact,dense,3,True,209,164,max_recall,0.803827751196,0.746305418719,0.85793792517,revision-added exploratory
scifact,dense,3,True,209,164,union_recall,0.660765550239,0.604264458829,0.716147005825,revision-added exploratory
scifact,dense,3,True,209,164,max_f1,0.415789473684,0.386303630363,0.443673251528,revision-added exploratory
scifact,dense,3,True,209,164,union_f1,0.429197994987,0.395491822831,0.461052170273,revision-added exploratory
scifact,dense,5,False,209,164,hit,0.918660287081,0.877551020408,0.954773869347,revision-added exploratory
scifact,dense,5,False,209,164,complete,0.894736842105,0.848779463005,0.937799043062,revision-added exploratory
scifact,dense,5,False,209,164,union_complete,0.693779904306,0.62962962963,0.758797334889,revision-added exploratory
scifact,dense,5,False,209,164,hit_without_complete,0.0239234449761,0.00492610837438,0.0467289719626,revision-added exploratory
scifact,dense,5,False,209,164,complete_without_union,0.200956937799,0.14358974359,0.258884381798,revision-added exploratory
scifact,dense,5,False,209,164,max_recall,0.907496012759,0.865384615385,0.946078431373,revision-added exploratory
scifact,dense,5,False,209,164,union_recall,0.821451355662,0.77764336069,0.864200008495,revision-added exploratory
scifact,dense,5,False,209,164,max_f1,0.321656413762,0.305647291846,0.337191143532,revision-added exploratory
scifact,dense,5,False,209,164,union_f1,0.392907889559,0.367476117689,0.419529632861,revision-added exploratory
scifact,dense,10,False,209,164,hit,0.995215311005,0.985365853659,1,revision-added exploratory
scifact,dense,10,False,209,164,complete,0.995215311005,0.985365853659,1,revision-added exploratory
scifact,dense,10,False,209,164,union_complete,0.952153110048,0.919047619048,0.980861244019,revision-added exploratory
scifact,dense,10,False,209,164,hit_without_complete,0,0,0,revision-added exploratory
scifact,dense,10,False,209,164,complete_without_union,0.0430622009569,0.0149981343284,0.0758293838863,revision-added exploratory
scifact,dense,10,False,209,164,max_recall,0.995215311005,0.985365853659,1,revision-added exploratory
scifact,dense,10,False,209,164,union_recall,0.97687400319,0.958328862661,0.992464539007,revision-added exploratory
scifact,dense,10,False,209,164,max_f1,0.253253631005,0.238952930994,0.268347594589,revision-added exploratory
scifact,dense,10,False,209,164,union_f1,0.338873394017,0.318615066277,0.360534597914,revision-added exploratory
scifact,dense,20,False,209,164,hit,1,1,1,revision-added exploratory
scifact,dense,20,False,209,164,complete,1,1,1,revision-added exploratory
scifact,dense,20,False,209,164,union_complete,0.99043062201,0.969849246231,1,revision-added exploratory
scifact,dense,20,False,209,164,hit_without_complete,0,0,0,revision-added exploratory
scifact,dense,20,False,209,164,complete_without_union,0.00956937799043,0,0.0301507537688,revision-added exploratory
scifact,dense,20,False,209,164,max_recall,1,1,1,revision-added exploratory
scifact,dense,20,False,209,164,union_recall,0.997607655502,0.992462311558,1,revision-added exploratory
scifact,dense,20,False,209,164,max_f1,0.238550487892,0.222745804823,0.255215767154,revision-added exploratory
scifact,dense,20,False,209,164,union_f1,0.321890957914,0.301220537014,0.344450343496,revision-added exploratory
scifact,lead,1,False,209,164,hit,0.0574162679426,0.0245098039216,0.0950005656109,revision-added exploratory
scifact,lead,1,False,209,164,complete,0.0526315789474,0.0204081632653,0.089552238806,revision-added exploratory
scifact,lead,1,False,209,164,union_complete,0.0334928229665,0.00956937799043,0.0631067961165,revision-added exploratory
scifact,lead,1,False,209,164,hit_without_complete,0.00478468899522,0,0.0154639175258,revision-added exploratory
scifact,lead,1,False,209,164,complete_without_union,0.0191387559809,0,0.0444444444444,revision-added exploratory
scifact,lead,1,False,209,164,max_recall,0.0542264752791,0.0222222222222,0.0909090909091,revision-added exploratory
scifact,lead,1,False,209,164,union_recall,0.0422647527911,0.0164512815634,0.0729587504246,revision-added exploratory
scifact,lead,1,False,209,164,max_f1,0.055023923445,0.0230414746544,0.0917431192661,revision-added exploratory
scifact,lead,1,False,209,164,union_f1,0.0460241512873,0.018956414023,0.077944034568,revision-added exploratory
scifact,lead,2,False,209,164,hit,0.148325358852,0.0974358974359,0.20487804878,revision-added exploratory
scifact,lead,2,False,209,164,complete,0.129186602871,0.0820512820513,0.180995475113,revision-added exploratory
scifact,lead,2,False,209,164,union_complete,0.0765550239234,0.0386468246563,0.12037037037,revision-added exploratory
scifact,lead,2,False,209,164,hit_without_complete,0.0191387559809,0,0.0456852791878,revision-added exploratory
scifact,lead,2,False,209,164,complete_without_union,0.0526315789474,0.0233617691806,0.0867346938776,revision-added exploratory
scifact,lead,2,False,209,164,max_recall,0.137958532695,0.0905233260817,0.190142995846,revision-added exploratory
scifact,lead,2,False,209,164,union_recall,0.104625199362,0.0652173913043,0.15,revision-added exploratory
scifact,lead,2,False,209,164,max_f1,0.0952153110048,0.0626481232663,0.131134146149,revision-added exploratory
scifact,lead,2,False,209,164,union_f1,0.0825472772841,0.0536442357697,0.114873331332,revision-added exploratory
scifact,lead,3,True,209,164,hit,0.263157894737,0.201923076923,0.33,revision-added exploratory
scifact,lead,3,True,209,164,complete,0.22009569378,0.162300127352,0.282515941042,revision-added exploratory
scifact,lead,3,True,209,164,union_complete,0.138755980861,0.0900462085308,0.194029850746,revision-added exploratory
scifact,lead,3,True,209,164,hit_without_complete,0.0430622009569,0.0147783251232,0.0769230769231,revision-added exploratory
scifact,lead,3,True,209,164,complete_without_union,0.0813397129187,0.0426515075124,0.126168224299,revision-added exploratory
scifact,lead,3,True,209,164,max_recall,0.240829346093,0.183019432414,0.303827751196,revision-added exploratory
scifact,lead,3,True,209,164,union_recall,0.187559808612,0.138886178862,0.241933698171,revision-added exploratory
scifact,lead,3,True,209,164,max_f1,0.126953748006,0.0972473893375,0.15936519782,revision-added exploratory
scifact,lead,3,True,209,164,union_f1,0.119157742842,0.0903392983505,0.150843605901,revision-added exploratory
scifact,lead,5,False,209,164,hit,0.569377990431,0.492460398439,0.648651944628,revision-added exploratory
scifact,lead,5,False,209,164,complete,0.545454545455,0.468181818182,0.626168224299,revision-added exploratory
scifact,lead,5,False,209,164,union_complete,0.416267942584,0.340807174888,0.495,revision-added exploratory
scifact,lead,5,False,209,164,hit_without_complete,0.0239234449761,0.00480769230769,0.047619047619,revision-added exploratory
scifact,lead,5,False,209,164,complete_without_union,0.129186602871,0.0757575757576,0.188679245283,revision-added exploratory
scifact,lead,5,False,209,164,max_recall,0.556618819777,0.479822190612,0.636233205012,revision-added exploratory
scifact,lead,5,False,209,164,union_recall,0.485326953748,0.41364197803,0.560004065041,revision-added exploratory
scifact,lead,5,False,209,164,max_f1,0.204374572796,0.175417849934,0.234220776273,revision-added exploratory
scifact,lead,5,False,209,164,union_f1,0.214153496689,0.183307719675,0.246680436072,revision-added exploratory
scifact,lead,10,False,209,164,hit,0.88995215311,0.844441823899,0.931707317073,revision-added exploratory
scifact,lead,10,False,209,164,complete,0.88038277512,0.831730769231,0.92523364486,revision-added exploratory
scifact,lead,10,False,209,164,union_complete,0.741626794258,0.66985645933,0.807881773399,revision-added exploratory
scifact,lead,10,False,209,164,hit_without_complete,0.00956937799043,0,0.0245128223703,revision-added exploratory
scifact,lead,10,False,209,164,complete_without_union,0.138755980861,0.0889997308803,0.191387559809,revision-added exploratory
scifact,lead,10,False,209,164,max_recall,0.885167464115,0.83816252588,0.927906976744,revision-added exploratory
scifact,lead,10,False,209,164,union_recall,0.814992025518,0.760312542384,0.866435004904,revision-added exploratory
scifact,lead,10,False,209,164,max_f1,0.232519978692,0.214251549152,0.251004640506,revision-added exploratory
scifact,lead,10,False,209,164,union_f1,0.288572020749,0.262881028213,0.315375377277,revision-added exploratory
scifact,lead,20,False,209,164,hit,1,1,1,revision-added exploratory
scifact,lead,20,False,209,164,complete,1,1,1,revision-added exploratory
scifact,lead,20,False,209,164,union_complete,0.985645933014,0.961904761905,1,revision-added exploratory
scifact,lead,20,False,209,164,hit_without_complete,0,0,0,revision-added exploratory
scifact,lead,20,False,209,164,complete_without_union,0.0143540669856,0,0.0380952380952,revision-added exploratory
scifact,lead,20,False,209,164,max_recall,1,1,1,revision-added exploratory
scifact,lead,20,False,209,164,union_recall,0.996012759171,0.989827428911,1,revision-added exploratory
scifact,lead,20,False,209,164,max_f1,0.238550487892,0.222745804823,0.255215767154,revision-added exploratory
scifact,lead,20,False,209,164,union_f1,0.321474898001,0.300475000278,0.34416625342,revision-added exploratory
scifact,random,1,False,209,164,hit,0.244019138756,0.184615384615,0.303317535545,revision-added exploratory
scifact,random,1,False,209,164,complete,0.186602870813,0.133640552995,0.242574257426,revision-added exploratory
scifact,random,1,False,209,164,union_complete,0.0956937799043,0.0585365853659,0.137055837563,revision-added exploratory
scifact,random,1,False,209,164,hit_without_complete,0.0574162679426,0.02790374677,0.0904522613065,revision-added exploratory
scifact,random,1,False,209,164,complete_without_union,0.0909090909091,0.0509259259259,0.136585365854,revision-added exploratory
scifact,random,1,False,209,164,max_recall,0.213716108453,0.159815773415,0.269352290679,revision-added exploratory
scifact,random,1,False,209,164,union_recall,0.152312599681,0.112120635287,0.194735313167,revision-added exploratory
scifact,random,1,False,209,164,max_f1,0.223285486443,0.167557018145,0.279676974448,revision-added exploratory
scifact,random,1,False,209,164,union_f1,0.176167691957,0.132502789417,0.221565264685,revision-added exploratory
scifact,random,2,False,209,164,hit,0.459330143541,0.391959798995,0.52736318408,revision-added exploratory
scifact,random,2,False,209,164,complete,0.392344497608,0.326920731707,0.460095974075,revision-added exploratory
scifact,random,2,False,209,164,union_complete,0.215311004785,0.160372778897,0.272311139565,revision-added exploratory
scifact,random,2,False,209,164,hit_without_complete,0.066985645933,0.0327102803738,0.106060606061,revision-added exploratory
scifact,random,2,False,209,164,complete_without_union,0.177033492823,0.11961722488,0.237624872353,revision-added exploratory
scifact,random,2,False,209,164,max_recall,0.425837320574,0.361650103804,0.491229114453,revision-added exploratory
scifact,random,2,False,209,164,union_recall,0.319377990431,0.26731078905,0.372526636225,revision-added exploratory
scifact,random,2,False,209,164,max_f1,0.296012759171,0.252358471391,0.340317460317,revision-added exploratory
scifact,random,2,False,209,164,union_f1,0.26004784689,0.221369190202,0.299768189851,revision-added exploratory
scifact,random,3,True,209,164,hit,0.617224880383,0.555,0.678950428397,revision-added exploratory
scifact,random,3,True,209,164,complete,0.545454545455,0.478463698773,0.610091743119,revision-added exploratory
scifact,random,3,True,209,164,union_complete,0.315789473684,0.253658536585,0.379310344828,revision-added exploratory
scifact,random,3,True,209,164,hit_without_complete,0.0717703349282,0.0366972477064,0.112244897959,revision-added exploratory
scifact,random,3,True,209,164,complete_without_union,0.22966507177,0.169014084507,0.289858695652,revision-added exploratory
scifact,random,3,True,209,164,max_recall,0.58293460925,0.521737318841,0.643976926888,revision-added exploratory
scifact,random,3,True,209,164,union_recall,0.450717703349,0.396909808162,0.505529225908,revision-added exploratory
scifact,random,3,True,209,164,max_f1,0.303987240829,0.272926203052,0.33486408273,revision-added exploratory
scifact,random,3,True,209,164,union_f1,0.289978734716,0.25898341229,0.321076064139,revision-added exploratory
scifact,random,5,False,209,164,hit,0.77033492823,0.712264150943,0.827590331628,revision-added exploratory
scifact,random,5,False,209,164,complete,0.732057416268,0.671641791045,0.791666666667,revision-added exploratory
scifact,random,5,False,209,164,union_complete,0.497607655502,0.428571428571,0.568187799043,revision-added exploratory
scifact,random,5,False,209,164,hit_without_complete,0.0382775119617,0.0142180094787,0.0673076923077,revision-added exploratory
scifact,random,5,False,209,164,complete_without_union,0.234449760766,0.175609756098,0.295774647887,revision-added exploratory
scifact,random,5,False,209,164,max_recall,0.751993620415,0.694577352472,0.808847304955,revision-added exploratory
scifact,random,5,False,209,164,union_recall,0.634290271132,0.579547250184,0.690979293457,revision-added exploratory
scifact,random,5,False,209,164,max_f1,0.269594440647,0.248768018673,0.290441942281,revision-added exploratory
scifact,random,5,False,209,164,union_f1,0.303292666929,0.276943479059,0.3295258627,revision-added exploratory
scifact,random,10,False,209,164,hit,0.961722488038,0.931707317073,0.986363636364,revision-added exploratory
scifact,random,10,False,209,164,complete,0.956937799043,0.925373134328,0.984924623116,revision-added exploratory
scifact,random,10,False,209,164,union_complete,0.866028708134,0.811822113137,0.917098445596,revision-added exploratory
scifact,random,10,False,209,164,hit_without_complete,0.00478468899522,0,0.015625,revision-added exploratory
scifact,random,10,False,209,164,complete_without_union,0.0909090909091,0.0502283105023,0.135923394652,revision-added exploratory
scifact,random,10,False,209,164,max_recall,0.959330143541,0.928933699114,0.985438652033,revision-added exploratory
scifact,random,10,False,209,164,union_recall,0.914274322169,0.87735769243,0.948449612403,revision-added exploratory
scifact,random,10,False,209,164,max_f1,0.245641625785,0.230255955393,0.261547872468,revision-added exploratory
scifact,random,10,False,209,164,union_f1,0.319041152893,0.297735637792,0.341617131018,revision-added exploratory
scifact,random,20,False,209,164,hit,0.995215311005,0.984615384615,1,revision-added exploratory
scifact,random,20,False,209,164,complete,0.995215311005,0.984615384615,1,revision-added exploratory
scifact,random,20,False,209,164,union_complete,0.985645933014,0.961352657005,1,revision-added exploratory
scifact,random,20,False,209,164,hit_without_complete,0,0,0,revision-added exploratory
scifact,random,20,False,209,164,complete_without_union,0.00956937799043,0,0.0301507537688,revision-added exploratory
scifact,random,20,False,209,164,max_recall,0.995215311005,0.984615384615,1,revision-added exploratory
scifact,random,20,False,209,164,union_recall,0.99043062201,0.975369458128,1,revision-added exploratory
scifact,random,20,False,209,164,max_f1,0.238094803225,0.222239092572,0.254726500555,revision-added exploratory
scifact,random,20,False,209,164,union_f1,0.320637825082,0.299680876773,0.34354699866,revision-added exploratory
scifact,qwen3,1,False,209,164,hit,0.636363636364,0.562790194302,0.705882352941,revision-added exploratory
scifact,qwen3,1,False,209,164,complete,0.578947368421,0.502511937798,0.650943396226,revision-added exploratory
scifact,qwen3,1,False,209,164,union_complete,0.33971291866,0.272300469484,0.408888888889,revision-added exploratory
scifact,qwen3,1,False,209,164,hit_without_complete,0.0574162679426,0.0281690140845,0.0922348767737,revision-added exploratory
scifact,qwen3,1,False,209,164,complete_without_union,0.239234449761,0.174597069597,0.304147465438,revision-added exploratory
scifact,qwen3,1,False,209,164,max_recall,0.606060606061,0.532874066396,0.675655165913,revision-added exploratory
scifact,qwen3,1,False,209,164,union_recall,0.459090909091,0.395612827941,0.520960370212,revision-added exploratory
scifact,qwen3,1,False,209,164,max_f1,0.615629984051,0.543544827898,0.684898819763,revision-added exploratory
scifact,qwen3,1,False,209,164,union_f1,0.507427660059,0.442444264069,0.56875268975,revision-added exploratory
scifact,qwen3,2,False,209,164,hit,0.827751196172,0.772093023256,0.880600438176,revision-added exploratory
scifact,qwen3,2,False,209,164,complete,0.775119617225,0.711711711712,0.834123222749,revision-added exploratory
scifact,qwen3,2,False,209,164,union_complete,0.473684210526,0.4039408867,0.544554455446,revision-added exploratory
scifact,qwen3,2,False,209,164,hit_without_complete,0.0526315789474,0.0243902439024,0.085308056872,revision-added exploratory
scifact,qwen3,2,False,209,164,complete_without_union,0.301435406699,0.233329596413,0.369866438356,revision-added exploratory
scifact,qwen3,2,False,209,164,max_recall,0.799840510367,0.741705173776,0.853859347234,revision-added exploratory
scifact,qwen3,2,False,209,164,union_recall,0.627910685805,0.572038822631,0.683650947758,revision-added exploratory
scifact,qwen3,2,False,209,164,max_f1,0.545295055821,0.506697767145,0.581068505726,revision-added exploratory
scifact,qwen3,2,False,209,164,union_f1,0.510708589656,0.47201084845,0.548449546485,revision-added exploratory
scifact,qwen3,3,True,209,164,hit,0.904306220096,0.862068965517,0.942708906938,revision-added exploratory
scifact,qwen3,3,True,209,164,complete,0.866028708134,0.814474789916,0.913461538462,revision-added exploratory
scifact,qwen3,3,True,209,164,union_complete,0.593301435407,0.524509803922,0.661904761905,revision-added exploratory
scifact,qwen3,3,True,209,164,hit_without_complete,0.0382775119617,0.0144927536232,0.0663507109005,revision-added exploratory
scifact,qwen3,3,True,209,164,complete_without_union,0.272727272727,0.208737864078,0.339057660011,revision-added exploratory
scifact,qwen3,3,True,209,164,max_recall,0.885167464115,0.839590940706,0.926357572896,revision-added exploratory
scifact,qwen3,3,True,209,164,union_recall,0.755661881978,0.707729468599,0.801775039521,revision-added exploratory
scifact,qwen3,3,True,209,164,max_f1,0.457894736842,0.43494043942,0.479602461626,revision-added exploratory
scifact,qwen3,3,True,209,164,union_f1,0.495112781955,0.46584543091,0.523735101541,revision-added exploratory
scifact,qwen3,5,False,209,164,hit,0.966507177033,0.93969504114,0.99,revision-added exploratory
scifact,qwen3,5,False,209,164,complete,0.952153110048,0.920560747664,0.980099502488,revision-added exploratory
scifact,qwen3,5,False,209,164,union_complete,0.799043062201,0.741931697713,0.855140186916,revision-added exploratory
scifact,qwen3,5,False,209,164,hit_without_complete,0.0143540669856,0,0.0334958385268,revision-added exploratory
scifact,qwen3,5,False,209,164,complete_without_union,0.153110047847,0.101941747573,0.20487804878,revision-added exploratory
scifact,qwen3,5,False,209,164,max_recall,0.960127591707,0.9325,0.983739837398,revision-added exploratory
scifact,qwen3,5,False,209,164,union_recall,0.901196172249,0.868296722371,0.931518151815,revision-added exploratory
scifact,qwen3,5,False,209,164,max_f1,0.342617908407,0.329499746098,0.355998427673,revision-added exploratory
scifact,qwen3,5,False,209,164,union_f1,0.43344483799,0.410960455247,0.456981719141,revision-added exploratory
scifact,qwen3,10,False,209,164,hit,0.995215311005,0.985365853659,1,revision-added exploratory
scifact,qwen3,10,False,209,164,complete,0.995215311005,0.985365853659,1,revision-added exploratory
scifact,qwen3,10,False,209,164,union_complete,0.956937799043,0.925309264358,0.984695819952,revision-added exploratory
scifact,qwen3,10,False,209,164,hit_without_complete,0,0,0,revision-added exploratory
scifact,qwen3,10,False,209,164,complete_without_union,0.0382775119617,0.0135746606335,0.0693069306931,revision-added exploratory
scifact,qwen3,10,False,209,164,max_recall,0.995215311005,0.985365853659,1,revision-added exploratory
scifact,qwen3,10,False,209,164,union_recall,0.980462519936,0.96450617284,0.993827160494,revision-added exploratory
scifact,qwen3,10,False,209,164,max_f1,0.253253631005,0.238952930994,0.268347594589,revision-added exploratory
scifact,qwen3,10,False,209,164,union_f1,0.340923975015,0.320851224487,0.362685147847,revision-added exploratory
scifact,qwen3,20,False,209,164,hit,1,1,1,revision-added exploratory
scifact,qwen3,20,False,209,164,complete,1,1,1,revision-added exploratory
scifact,qwen3,20,False,209,164,union_complete,1,1,1,revision-added exploratory
scifact,qwen3,20,False,209,164,hit_without_complete,0,0,0,revision-added exploratory
scifact,qwen3,20,False,209,164,complete_without_union,0,0,0,revision-added exploratory
scifact,qwen3,20,False,209,164,max_recall,1,1,1,revision-added exploratory
scifact,qwen3,20,False,209,164,union_recall,1,1,1,revision-added exploratory
scifact,qwen3,20,False,209,164,max_f1,0.238550487892,0.222745804823,0.255215767154,revision-added exploratory
scifact,qwen3,20,False,209,164,union_f1,0.322688406079,0.301979986434,0.345077534511,revision-added exploratory
