dataset,method_left,method_right,k,primary,metric,n,clusters,mean_difference,lo,hi,status,inference
qasper,dense,bm25,1,False,complete,875,367,0.0285714285714,-0.00557444741316,0.0626349892009,revision-added exploratory,pointwise descriptive interval; no multiplicity-controlled claim
qasper,dense,bm25,1,False,union_complete,875,367,0.0182857142857,-0.00486662566955,0.0416209692538,revision-added exploratory,pointwise descriptive interval; no multiplicity-controlled claim
qasper,dense,bm25,1,False,max_f1,875,367,0.0478458874459,0.0119935335181,0.0847011451079,revision-added exploratory,pointwise descriptive interval; no multiplicity-controlled claim
qasper,dense,bm25,1,False,union_f1,875,367,0.0387403009689,0.0089143384989,0.0692648549734,revision-added exploratory,pointwise descriptive interval; no multiplicity-controlled claim
qasper,dense,bm25,1,False,complete_without_union,875,367,0.0102857142857,-0.0136077718759,0.0337607762011,revision-added exploratory,pointwise descriptive interval; no multiplicity-controlled claim
qasper,dense,bm25,1,False,C_advantage_minus_A_advantage,875,367,0.0102857142857,-0.0136077718759,0.0337607762011,revision-added exploratory,pointwise descriptive interval; no multiplicity-controlled claim
qasper,dense,bm25,2,False,complete,875,367,0.04,0.0012018870048,0.0782122905028,revision-added exploratory,pointwise descriptive interval; no multiplicity-controlled claim
qasper,dense,bm25,2,False,union_complete,875,367,0.00914285714286,-0.0212515088125,0.0388888888889,revision-added exploratory,pointwise descriptive interval; no multiplicity-controlled claim
qasper,dense,bm25,2,False,max_f1,875,367,0.0340932930748,0.0065790241668,0.0606745075946,revision-added exploratory,pointwise descriptive interval; no multiplicity-controlled claim
qasper,dense,bm25,2,False,union_f1,875,367,0.0262346501304,0.00136250880359,0.0508534208156,revision-added exploratory,pointwise descriptive interval; no multiplicity-controlled claim
qasper,dense,bm25,2,False,complete_without_union,875,367,0.0308571428571,0.00539258951595,0.0571749205959,revision-added exploratory,pointwise descriptive interval; no multiplicity-controlled claim
qasper,dense,bm25,2,False,C_advantage_minus_A_advantage,875,367,0.0308571428571,0.00539258951595,0.0571749205959,revision-added exploratory,pointwise descriptive interval; no multiplicity-controlled claim
qasper,dense,bm25,3,False,complete,875,367,0.0365714285714,-0.00114155251142,0.0732993019197,revision-added exploratory,pointwise descriptive interval; no multiplicity-controlled claim
qasper,dense,bm25,3,False,union_complete,875,367,0.00685714285714,-0.0247366754176,0.0382893674396,revision-added exploratory,pointwise descriptive interval; no multiplicity-controlled claim
qasper,dense,bm25,3,False,max_f1,875,367,0.0295053717524,0.00952409823901,0.0492312769039,revision-added exploratory,pointwise descriptive interval; no multiplicity-controlled claim
qasper,dense,bm25,3,False,union_f1,875,367,0.0213420103706,0.00167423511657,0.0412293570597,revision-added exploratory,pointwise descriptive interval; no multiplicity-controlled claim
qasper,dense,bm25,3,False,complete_without_union,875,367,0.0297142857143,0,0.0592935178835,revision-added exploratory,pointwise descriptive interval; no multiplicity-controlled claim
qasper,dense,bm25,3,False,C_advantage_minus_A_advantage,875,367,0.0297142857143,0,0.0592935178835,revision-added exploratory,pointwise descriptive interval; no multiplicity-controlled claim
qasper,dense,bm25,5,True,complete,875,367,0.0388571428571,-0.00115078112985,0.0794196408729,revision-added exploratory,pointwise descriptive interval; no multiplicity-controlled claim
qasper,dense,bm25,5,True,union_complete,875,367,0.00228571428571,-0.0305254794225,0.03571528332,revision-added exploratory,pointwise descriptive interval; no multiplicity-controlled claim
qasper,dense,bm25,5,True,max_f1,875,367,0.0208186266532,0.00687971614038,0.0350493277228,revision-added exploratory,pointwise descriptive interval; no multiplicity-controlled claim
qasper,dense,bm25,5,True,union_f1,875,367,0.0172387052232,0.00220601495725,0.0323583804107,revision-added exploratory,pointwise descriptive interval; no multiplicity-controlled claim
qasper,dense,bm25,5,True,complete_without_union,875,367,0.0365714285714,0.00796359499431,0.0650505926946,revision-added exploratory,pointwise descriptive interval; no multiplicity-controlled claim
qasper,dense,bm25,5,True,C_advantage_minus_A_advantage,875,367,0.0365714285714,0.00796359499431,0.0650505926946,revision-added exploratory,pointwise descriptive interval; no multiplicity-controlled claim
qasper,dense,bm25,10,False,complete,875,367,0.0491428571429,0.0142845407604,0.0837264150943,revision-added exploratory,pointwise descriptive interval; no multiplicity-controlled claim
qasper,dense,bm25,10,False,union_complete,875,367,0.0525714285714,0.0172776867506,0.0877598152425,revision-added exploratory,pointwise descriptive interval; no multiplicity-controlled claim
qasper,dense,bm25,10,False,max_f1,875,367,0.0144268085911,0.0061739011165,0.02245210561,revision-added exploratory,pointwise descriptive interval; no multiplicity-controlled claim
qasper,dense,bm25,10,False,union_f1,875,367,0.0170293765108,0.00755842766368,0.0263224535657,revision-added exploratory,pointwise descriptive interval; no multiplicity-controlled claim
qasper,dense,bm25,10,False,complete_without_union,875,367,-0.00342857142857,-0.0308512158055,0.0236826551383,revision-added exploratory,pointwise descriptive interval; no multiplicity-controlled claim
qasper,dense,bm25,10,False,C_advantage_minus_A_advantage,875,367,-0.00342857142857,-0.0308512158055,0.0236826551383,revision-added exploratory,pointwise descriptive interval; no multiplicity-controlled claim
qasper,dense,bm25,20,False,complete,875,367,0.0342857142857,0.00873748554106,0.0598088824565,revision-added exploratory,pointwise descriptive interval; no multiplicity-controlled claim
qasper,dense,bm25,20,False,union_complete,875,367,0.0388571428571,0.00654986157491,0.071182831734,revision-added exploratory,pointwise descriptive interval; no multiplicity-controlled claim
qasper,dense,bm25,20,False,max_f1,875,367,0.00965864489781,0.00581470535003,0.0135969504319,revision-added exploratory,pointwise descriptive interval; no multiplicity-controlled claim
qasper,dense,bm25,20,False,union_f1,875,367,0.00881001741451,0.00429778145133,0.0134054455533,revision-added exploratory,pointwise descriptive interval; no multiplicity-controlled claim
qasper,dense,bm25,20,False,complete_without_union,875,367,-0.00457142857143,-0.0307867730901,0.0212071381079,revision-added exploratory,pointwise descriptive interval; no multiplicity-controlled claim
qasper,dense,bm25,20,False,C_advantage_minus_A_advantage,875,367,-0.00457142857143,-0.0307867730901,0.0212071381079,revision-added exploratory,pointwise descriptive interval; no multiplicity-controlled claim
qasper,qwen3,bm25,1,False,complete,875,367,0.109714285714,0.076920935412,0.143333815029,revision-added exploratory,pointwise descriptive interval; no multiplicity-controlled claim
qasper,qwen3,bm25,1,False,union_complete,875,367,0.0548571428571,0.031174230166,0.0792195982871,revision-added exploratory,pointwise descriptive interval; no multiplicity-controlled claim
qasper,qwen3,bm25,1,False,max_f1,875,367,0.136302947846,0.102057028791,0.171062868196,revision-added exploratory,pointwise descriptive interval; no multiplicity-controlled claim
qasper,qwen3,bm25,1,False,union_f1,875,367,0.110093424036,0.0812248920558,0.139727580692,revision-added exploratory,pointwise descriptive interval; no multiplicity-controlled claim
qasper,qwen3,bm25,1,False,complete_without_union,875,367,0.0548571428571,0.0329901639852,0.0772854681948,revision-added exploratory,pointwise descriptive interval; no multiplicity-controlled claim
qasper,qwen3,bm25,1,False,C_advantage_minus_A_advantage,875,367,0.0548571428571,0.0329901639852,0.0772854681948,revision-added exploratory,pointwise descriptive interval; no multiplicity-controlled claim
qasper,qwen3,bm25,2,False,complete,875,367,0.121142857143,0.0838050513422,0.15838150289,revision-added exploratory,pointwise descriptive interval; no multiplicity-controlled claim
qasper,qwen3,bm25,2,False,union_complete,875,367,0.0742857142857,0.0447915805507,0.105024378918,revision-added exploratory,pointwise descriptive interval; no multiplicity-controlled claim
qasper,qwen3,bm25,2,False,max_f1,875,367,0.102719225872,0.0762371460949,0.129299605042,revision-added exploratory,pointwise descriptive interval; no multiplicity-controlled claim
qasper,qwen3,bm25,2,False,union_f1,875,367,0.0937170661272,0.0692181368636,0.118476544534,revision-added exploratory,pointwise descriptive interval; no multiplicity-controlled claim
qasper,qwen3,bm25,2,False,complete_without_union,875,367,0.0468571428571,0.0213723284589,0.0717491384322,revision-added exploratory,pointwise descriptive interval; no multiplicity-controlled claim
qasper,qwen3,bm25,2,False,C_advantage_minus_A_advantage,875,367,0.0468571428571,0.0213723284589,0.0717491384322,revision-added exploratory,pointwise descriptive interval; no multiplicity-controlled claim
qasper,qwen3,bm25,3,False,complete,875,367,0.136,0.0984757747787,0.172882851446,revision-added exploratory,pointwise descriptive interval; no multiplicity-controlled claim
qasper,qwen3,bm25,3,False,union_complete,875,367,0.0788571428571,0.0465902807175,0.110626457257,revision-added exploratory,pointwise descriptive interval; no multiplicity-controlled claim
qasper,qwen3,bm25,3,False,max_f1,875,367,0.0891085939271,0.0683260475366,0.10958475983,revision-added exploratory,pointwise descriptive interval; no multiplicity-controlled claim
qasper,qwen3,bm25,3,False,union_f1,875,367,0.0803118532261,0.0601387683797,0.100539638316,revision-added exploratory,pointwise descriptive interval; no multiplicity-controlled claim
qasper,qwen3,bm25,3,False,complete_without_union,875,367,0.0571428571429,0.0297482837529,0.0843530644962,revision-added exploratory,pointwise descriptive interval; no multiplicity-controlled claim
qasper,qwen3,bm25,3,False,C_advantage_minus_A_advantage,875,367,0.0571428571429,0.0297482837529,0.0843530644962,revision-added exploratory,pointwise descriptive interval; no multiplicity-controlled claim
qasper,qwen3,bm25,5,True,complete,875,367,0.140571428571,0.102297195997,0.178984722482,revision-added exploratory,pointwise descriptive interval; no multiplicity-controlled claim
qasper,qwen3,bm25,5,True,union_complete,875,367,0.088,0.0542450831468,0.121475561052,revision-added exploratory,pointwise descriptive interval; no multiplicity-controlled claim
qasper,qwen3,bm25,5,True,max_f1,875,367,0.0641310138483,0.0493691082544,0.0787862304283,revision-added exploratory,pointwise descriptive interval; no multiplicity-controlled claim
qasper,qwen3,bm25,5,True,union_f1,875,367,0.0651501480288,0.0501116756976,0.080010335507,revision-added exploratory,pointwise descriptive interval; no multiplicity-controlled claim
qasper,qwen3,bm25,5,True,complete_without_union,875,367,0.0525714285714,0.0235941829999,0.0812013348165,revision-added exploratory,pointwise descriptive interval; no multiplicity-controlled claim
qasper,qwen3,bm25,5,True,C_advantage_minus_A_advantage,875,367,0.0525714285714,0.0235941829999,0.0812013348165,revision-added exploratory,pointwise descriptive interval; no multiplicity-controlled claim
qasper,qwen3,bm25,10,False,complete,875,367,0.118857142857,0.0857787810384,0.150501958257,revision-added exploratory,pointwise descriptive interval; no multiplicity-controlled claim
qasper,qwen3,bm25,10,False,union_complete,875,367,0.12,0.0849808794168,0.154292343387,revision-added exploratory,pointwise descriptive interval; no multiplicity-controlled claim
qasper,qwen3,bm25,10,False,max_f1,875,367,0.0340536327282,0.0251870294301,0.0425727562485,revision-added exploratory,pointwise descriptive interval; no multiplicity-controlled claim
qasper,qwen3,bm25,10,False,union_f1,875,367,0.0388968700806,0.0293218978593,0.0482180116164,revision-added exploratory,pointwise descriptive interval; no multiplicity-controlled claim
qasper,qwen3,bm25,10,False,complete_without_union,875,367,-0.00114285714286,-0.0285062713797,0.0265297917875,revision-added exploratory,pointwise descriptive interval; no multiplicity-controlled claim
qasper,qwen3,bm25,10,False,C_advantage_minus_A_advantage,875,367,-0.00114285714286,-0.0285062713797,0.0265297917875,revision-added exploratory,pointwise descriptive interval; no multiplicity-controlled claim
qasper,qwen3,bm25,20,False,complete,875,367,0.0674285714286,0.0428732825691,0.0914287367725,revision-added exploratory,pointwise descriptive interval; no multiplicity-controlled claim
qasper,qwen3,bm25,20,False,union_complete,875,367,0.0822857142857,0.0526315789474,0.111244151719,revision-added exploratory,pointwise descriptive interval; no multiplicity-controlled claim
qasper,qwen3,bm25,20,False,max_f1,875,367,0.016855356564,0.0122959009443,0.0214398972303,revision-added exploratory,pointwise descriptive interval; no multiplicity-controlled claim
qasper,qwen3,bm25,20,False,union_f1,875,367,0.0181379205242,0.0131761854536,0.0230530505069,revision-added exploratory,pointwise descriptive interval; no multiplicity-controlled claim
qasper,qwen3,bm25,20,False,complete_without_union,875,367,-0.0148571428571,-0.0402328620314,0.0101240195482,revision-added exploratory,pointwise descriptive interval; no multiplicity-controlled claim
qasper,qwen3,bm25,20,False,C_advantage_minus_A_advantage,875,367,-0.0148571428571,-0.0402328620314,0.0101240195482,revision-added exploratory,pointwise descriptive interval; no multiplicity-controlled claim
qasper,qwen3,dense,1,False,complete,875,367,0.0811428571429,0.053317535545,0.110577476959,revision-added exploratory,pointwise descriptive interval; no multiplicity-controlled claim
qasper,qwen3,dense,1,False,union_complete,875,367,0.0365714285714,0.0177378681066,0.0563539960261,revision-added exploratory,pointwise descriptive interval; no multiplicity-controlled claim
qasper,qwen3,dense,1,False,max_f1,875,367,0.0884570603999,0.0592527828574,0.119078982244,revision-added exploratory,pointwise descriptive interval; no multiplicity-controlled claim
qasper,qwen3,dense,1,False,union_f1,875,367,0.0713531230674,0.0466879145682,0.0975585782582,revision-added exploratory,pointwise descriptive interval; no multiplicity-controlled claim
qasper,qwen3,dense,1,False,complete_without_union,875,367,0.0445714285714,0.0249715894137,0.0649496080627,revision-added exploratory,pointwise descriptive interval; no multiplicity-controlled claim
qasper,qwen3,dense,1,False,C_advantage_minus_A_advantage,875,367,0.0445714285714,0.0249715894137,0.0649496080627,revision-added exploratory,pointwise descriptive interval; no multiplicity-controlled claim
qasper,qwen3,dense,2,False,complete,875,367,0.0811428571429,0.0514534995206,0.112009473673,revision-added exploratory,pointwise descriptive interval; no multiplicity-controlled claim
qasper,qwen3,dense,2,False,union_complete,875,367,0.0651428571429,0.0413315653139,0.0901444802788,revision-added exploratory,pointwise descriptive interval; no multiplicity-controlled claim
qasper,qwen3,dense,2,False,max_f1,875,367,0.0686259327974,0.0474959433077,0.0906426974196,revision-added exploratory,pointwise descriptive interval; no multiplicity-controlled claim
qasper,qwen3,dense,2,False,union_f1,875,367,0.0674824159967,0.0477712921421,0.0880659242744,revision-added exploratory,pointwise descriptive interval; no multiplicity-controlled claim
qasper,qwen3,dense,2,False,complete_without_union,875,367,0.016,-0.0058008012734,0.0377580111796,revision-added exploratory,pointwise descriptive interval; no multiplicity-controlled claim
qasper,qwen3,dense,2,False,C_advantage_minus_A_advantage,875,367,0.016,-0.0058008012734,0.0377580111796,revision-added exploratory,pointwise descriptive interval; no multiplicity-controlled claim
qasper,qwen3,dense,3,False,complete,875,367,0.0994285714286,0.0671067106711,0.132250580046,revision-added exploratory,pointwise descriptive interval; no multiplicity-controlled claim
qasper,qwen3,dense,3,False,union_complete,875,367,0.072,0.0458710588518,0.0992464330291,revision-added exploratory,pointwise descriptive interval; no multiplicity-controlled claim
qasper,qwen3,dense,3,False,max_f1,875,367,0.0596032221747,0.0426580402423,0.0767559499903,revision-added exploratory,pointwise descriptive interval; no multiplicity-controlled claim
qasper,qwen3,dense,3,False,union_f1,875,367,0.0589698428556,0.0422723078704,0.0759814356473,revision-added exploratory,pointwise descriptive interval; no multiplicity-controlled claim
qasper,qwen3,dense,3,False,complete_without_union,875,367,0.0274285714286,0.00324297587107,0.0516208166768,revision-added exploratory,pointwise descriptive interval; no multiplicity-controlled claim
qasper,qwen3,dense,3,False,C_advantage_minus_A_advantage,875,367,0.0274285714286,0.00324297587107,0.0516208166768,revision-added exploratory,pointwise descriptive interval; no multiplicity-controlled claim
qasper,qwen3,dense,5,True,complete,875,367,0.101714285714,0.071594180698,0.13194463377,revision-added exploratory,pointwise descriptive interval; no multiplicity-controlled claim
qasper,qwen3,dense,5,True,union_complete,875,367,0.0857142857143,0.058553252473,0.113532741291,revision-added exploratory,pointwise descriptive interval; no multiplicity-controlled claim
qasper,qwen3,dense,5,True,max_f1,875,367,0.0433123871951,0.0320703824717,0.0543256470041,revision-added exploratory,pointwise descriptive interval; no multiplicity-controlled claim
qasper,qwen3,dense,5,True,union_f1,875,367,0.0479114428056,0.0364289423,0.0593120033877,revision-added exploratory,pointwise descriptive interval; no multiplicity-controlled claim
qasper,qwen3,dense,5,True,complete_without_union,875,367,0.016,-0.0100449234338,0.0420932878271,revision-added exploratory,pointwise descriptive interval; no multiplicity-controlled claim
qasper,qwen3,dense,5,True,C_advantage_minus_A_advantage,875,367,0.016,-0.0100449234338,0.0420932878271,revision-added exploratory,pointwise descriptive interval; no multiplicity-controlled claim
qasper,qwen3,dense,10,False,complete,875,367,0.0697142857143,0.043762794832,0.0952928477627,revision-added exploratory,pointwise descriptive interval; no multiplicity-controlled claim
qasper,qwen3,dense,10,False,union_complete,875,367,0.0674285714286,0.0393700787402,0.096018735363,revision-added exploratory,pointwise descriptive interval; no multiplicity-controlled claim
qasper,qwen3,dense,10,False,max_f1,875,367,0.0196268241371,0.0133482198233,0.0257950661005,revision-added exploratory,pointwise descriptive interval; no multiplicity-controlled claim
qasper,qwen3,dense,10,False,union_f1,875,367,0.0218674935699,0.0147555459486,0.0288929395918,revision-added exploratory,pointwise descriptive interval; no multiplicity-controlled claim
qasper,qwen3,dense,10,False,complete_without_union,875,367,0.00228571428571,-0.0213015551493,0.025673954647,revision-added exploratory,pointwise descriptive interval; no multiplicity-controlled claim
qasper,qwen3,dense,10,False,C_advantage_minus_A_advantage,875,367,0.00228571428571,-0.0213015551493,0.025673954647,revision-added exploratory,pointwise descriptive interval; no multiplicity-controlled claim
qasper,qwen3,dense,20,False,complete,875,367,0.0331428571429,0.0140675834841,0.0523917995444,revision-added exploratory,pointwise descriptive interval; no multiplicity-controlled claim
qasper,qwen3,dense,20,False,union_complete,875,367,0.0434285714286,0.0166468489893,0.0698985343856,revision-added exploratory,pointwise descriptive interval; no multiplicity-controlled claim
qasper,qwen3,dense,20,False,max_f1,875,367,0.00719671166619,0.00395742718737,0.0104970943576,revision-added exploratory,pointwise descriptive interval; no multiplicity-controlled claim
qasper,qwen3,dense,20,False,union_f1,875,367,0.00932790310974,0.00553221626734,0.0130626599592,revision-added exploratory,pointwise descriptive interval; no multiplicity-controlled claim
qasper,qwen3,dense,20,False,complete_without_union,875,367,-0.0102857142857,-0.0333333333333,0.0127610208817,revision-added exploratory,pointwise descriptive interval; no multiplicity-controlled claim
qasper,qwen3,dense,20,False,C_advantage_minus_A_advantage,875,367,-0.0102857142857,-0.0333333333333,0.0127610208817,revision-added exploratory,pointwise descriptive interval; no multiplicity-controlled claim
scifact,dense,bm25,1,False,complete,209,164,0.0430622009569,-0.0292682926829,0.116504854369,revision-added exploratory,pointwise descriptive interval; no multiplicity-controlled claim
scifact,dense,bm25,1,False,union_complete,209,164,0.0478468899522,-0.00515463917526,0.100457167202,revision-added exploratory,pointwise descriptive interval; no multiplicity-controlled claim
scifact,dense,bm25,1,False,max_f1,209,164,0.0454545454545,-0.0289491306391,0.12066193665,revision-added exploratory,pointwise descriptive interval; no multiplicity-controlled claim
scifact,dense,bm25,1,False,union_f1,209,164,0.0451355661882,-0.0177446678644,0.107887665161,revision-added exploratory,pointwise descriptive interval; no multiplicity-controlled claim
scifact,dense,bm25,1,False,complete_without_union,209,164,-0.00478468899522,-0.0526315789474,0.0443349753695,revision-added exploratory,pointwise descriptive interval; no multiplicity-controlled claim
scifact,dense,bm25,1,False,C_advantage_minus_A_advantage,209,164,-0.00478468899522,-0.0526315789474,0.0443349753695,revision-added exploratory,pointwise descriptive interval; no multiplicity-controlled claim
scifact,dense,bm25,2,False,complete,209,164,0.0191387559809,-0.0521327014218,0.0880867113685,revision-added exploratory,pointwise descriptive interval; no multiplicity-controlled claim
scifact,dense,bm25,2,False,union_complete,209,164,-0.00478468899522,-0.0673575129534,0.0582023424256,revision-added exploratory,pointwise descriptive interval; no multiplicity-controlled claim
scifact,dense,bm25,2,False,max_f1,209,164,0.00909090909091,-0.0377910291029,0.0550795327521,revision-added exploratory,pointwise descriptive interval; no multiplicity-controlled claim
scifact,dense,bm25,2,False,union_f1,209,164,0.00462519936204,-0.0425184380683,0.0510890735122,revision-added exploratory,pointwise descriptive interval; no multiplicity-controlled claim
scifact,dense,bm25,2,False,complete_without_union,209,164,0.0239234449761,-0.0158751266464,0.064039408867,revision-added exploratory,pointwise descriptive interval; no multiplicity-controlled claim
scifact,dense,bm25,2,False,C_advantage_minus_A_advantage,209,164,0.0239234449761,-0.0158751266464,0.064039408867,revision-added exploratory,pointwise descriptive interval; no multiplicity-controlled claim
scifact,dense,bm25,3,True,complete,209,164,-0.00956937799043,-0.070351758794,0.0515463917526,revision-added exploratory,pointwise descriptive interval; no multiplicity-controlled claim
scifact,dense,bm25,3,True,union_complete,209,164,-0.00956937799043,-0.0695220421954,0.0469483568075,revision-added exploratory,pointwise descriptive interval; no multiplicity-controlled claim
scifact,dense,bm25,3,True,max_f1,209,164,-0.00542264752791,-0.0368993632337,0.0258242044862,revision-added exploratory,pointwise descriptive interval; no multiplicity-controlled claim
scifact,dense,bm25,3,True,union_f1,209,164,-0.00520239993924,-0.0390570887446,0.0293856556023,revision-added exploratory,pointwise descriptive interval; no multiplicity-controlled claim
scifact,dense,bm25,3,True,complete_without_union,209,164,0,-0.0448469730942,0.0485436893204,revision-added exploratory,pointwise descriptive interval; no multiplicity-controlled claim
scifact,dense,bm25,3,True,C_advantage_minus_A_advantage,209,164,0,-0.0448469730942,0.0485436893204,revision-added exploratory,pointwise descriptive interval; no multiplicity-controlled claim
scifact,dense,bm25,5,False,complete,209,164,0.00478468899522,-0.0434782608696,0.0540540540541,revision-added exploratory,pointwise descriptive interval; no multiplicity-controlled claim
scifact,dense,bm25,5,False,union_complete,209,164,0.0334928229665,-0.0292682926829,0.0952380952381,revision-added exploratory,pointwise descriptive interval; no multiplicity-controlled claim
scifact,dense,bm25,5,False,max_f1,209,164,0.000398724082935,-0.0183063791554,0.018849702381,revision-added exploratory,pointwise descriptive interval; no multiplicity-controlled claim
scifact,dense,bm25,5,False,union_f1,209,164,0.0200086994345,-0.00597599888479,0.0476754899327,revision-added exploratory,pointwise descriptive interval; no multiplicity-controlled claim
scifact,dense,bm25,5,False,complete_without_union,209,164,-0.0287081339713,-0.0790697674419,0.0239234449761,revision-added exploratory,pointwise descriptive interval; no multiplicity-controlled claim
scifact,dense,bm25,5,False,C_advantage_minus_A_advantage,209,164,-0.0287081339713,-0.0790697674419,0.0239234449761,revision-added exploratory,pointwise descriptive interval; no multiplicity-controlled claim
scifact,dense,bm25,10,False,complete,209,164,0.0143540669856,0,0.0327102803738,revision-added exploratory,pointwise descriptive interval; no multiplicity-controlled claim
scifact,dense,bm25,10,False,union_complete,209,164,0.0382775119617,0,0.0812182741117,revision-added exploratory,pointwise descriptive interval; no multiplicity-controlled claim
scifact,dense,bm25,10,False,max_f1,209,164,0.00253733507322,0,0.00578377736587,revision-added exploratory,pointwise descriptive interval; no multiplicity-controlled claim
scifact,dense,bm25,10,False,union_f1,209,164,0.00683765994771,-0.00118704816423,0.0160531621022,revision-added exploratory,pointwise descriptive interval; no multiplicity-controlled claim
scifact,dense,bm25,10,False,complete_without_union,209,164,-0.0239234449761,-0.0643811435692,0.0141526200483,revision-added exploratory,pointwise descriptive interval; no multiplicity-controlled claim
scifact,dense,bm25,10,False,C_advantage_minus_A_advantage,209,164,-0.0239234449761,-0.0643811435692,0.0141526200483,revision-added exploratory,pointwise descriptive interval; no multiplicity-controlled claim
scifact,dense,bm25,20,False,complete,209,164,0,0,0,revision-added exploratory,pointwise descriptive interval; no multiplicity-controlled claim
scifact,dense,bm25,20,False,union_complete,209,164,0,0,0,revision-added exploratory,pointwise descriptive interval; no multiplicity-controlled claim
scifact,dense,bm25,20,False,max_f1,209,164,0,0,0,revision-added exploratory,pointwise descriptive interval; no multiplicity-controlled claim
scifact,dense,bm25,20,False,union_f1,209,164,0,0,0,revision-added exploratory,pointwise descriptive interval; no multiplicity-controlled claim
scifact,dense,bm25,20,False,complete_without_union,209,164,0,0,0,revision-added exploratory,pointwise descriptive interval; no multiplicity-controlled claim
scifact,dense,bm25,20,False,C_advantage_minus_A_advantage,209,164,0,0,0,revision-added exploratory,pointwise descriptive interval; no multiplicity-controlled claim
scifact,qwen3,bm25,1,False,complete,209,164,0.11004784689,0.030303030303,0.19,revision-added exploratory,pointwise descriptive interval; no multiplicity-controlled claim
scifact,qwen3,bm25,1,False,union_complete,209,164,0.1004784689,0.0429169221337,0.158168459692,revision-added exploratory,pointwise descriptive interval; no multiplicity-controlled claim
scifact,qwen3,bm25,1,False,max_f1,209,164,0.122009569378,0.0389980984685,0.203980099502,revision-added exploratory,pointwise descriptive interval; no multiplicity-controlled claim
scifact,qwen3,bm25,1,False,union_f1,209,164,0.116427432217,0.0465980217958,0.185809187251,revision-added exploratory,pointwise descriptive interval; no multiplicity-controlled claim
scifact,qwen3,bm25,1,False,complete_without_union,209,164,0.00956937799043,-0.0390243902439,0.0610328638498,revision-added exploratory,pointwise descriptive interval; no multiplicity-controlled claim
scifact,qwen3,bm25,1,False,C_advantage_minus_A_advantage,209,164,0.00956937799043,-0.0390243902439,0.0610328638498,revision-added exploratory,pointwise descriptive interval; no multiplicity-controlled claim
scifact,qwen3,bm25,2,False,complete,209,164,0.105263157895,0.0341421974899,0.176470588235,revision-added exploratory,pointwise descriptive interval; no multiplicity-controlled claim
scifact,qwen3,bm25,2,False,union_complete,209,164,0.0717703349282,0.00502512562814,0.138095238095,revision-added exploratory,pointwise descriptive interval; no multiplicity-controlled claim
scifact,qwen3,bm25,2,False,max_f1,209,164,0.0704944178628,0.0242257647788,0.117252931323,revision-added exploratory,pointwise descriptive interval; no multiplicity-controlled claim
scifact,qwen3,bm25,2,False,union_f1,209,164,0.0746411483254,0.0276751891938,0.121106874954,revision-added exploratory,pointwise descriptive interval; no multiplicity-controlled claim
scifact,qwen3,bm25,2,False,complete_without_union,209,164,0.0334928229665,-0.0177010816126,0.0837438423645,revision-added exploratory,pointwise descriptive interval; no multiplicity-controlled claim
scifact,qwen3,bm25,2,False,C_advantage_minus_A_advantage,209,164,0.0334928229665,-0.0177010816126,0.0837438423645,revision-added exploratory,pointwise descriptive interval; no multiplicity-controlled claim
scifact,qwen3,bm25,3,True,complete,209,164,0.0717703349282,0.0149253731343,0.13,revision-added exploratory,pointwise descriptive interval; no multiplicity-controlled claim
scifact,qwen3,bm25,3,True,union_complete,209,164,0.0765550239234,0.0204004717465,0.132352941176,revision-added exploratory,pointwise descriptive interval; no multiplicity-controlled claim
scifact,qwen3,bm25,3,True,max_f1,209,164,0.03668261563,0.00844192214769,0.065857605178,revision-added exploratory,pointwise descriptive interval; no multiplicity-controlled claim
scifact,qwen3,bm25,3,True,union_f1,209,164,0.0607123870282,0.0279807579446,0.0943931004227,revision-added exploratory,pointwise descriptive interval; no multiplicity-controlled claim
scifact,qwen3,bm25,3,True,complete_without_union,209,164,-0.00478468899522,-0.0518867924528,0.0466321243523,revision-added exploratory,pointwise descriptive interval; no multiplicity-controlled claim
scifact,qwen3,bm25,3,True,C_advantage_minus_A_advantage,209,164,-0.00478468899522,-0.0518867924528,0.0466321243523,revision-added exploratory,pointwise descriptive interval; no multiplicity-controlled claim
scifact,qwen3,bm25,5,False,complete,209,164,0.0622009569378,0.0153846153846,0.110102607436,revision-added exploratory,pointwise descriptive interval; no multiplicity-controlled claim
scifact,qwen3,bm25,5,False,union_complete,209,164,0.138755980861,0.0688073394495,0.208888888889,revision-added exploratory,pointwise descriptive interval; no multiplicity-controlled claim
scifact,qwen3,bm25,5,False,max_f1,209,164,0.0213602187286,0.00514062143996,0.0386904761905,revision-added exploratory,pointwise descriptive interval; no multiplicity-controlled claim
scifact,qwen3,bm25,5,False,union_f1,209,164,0.0605456478662,0.0347771683686,0.0872534552713,revision-added exploratory,pointwise descriptive interval; no multiplicity-controlled claim
scifact,qwen3,bm25,5,False,complete_without_union,209,164,-0.0765550239234,-0.137339645333,-0.0147040889527,revision-added exploratory,pointwise descriptive interval; no multiplicity-controlled claim
scifact,qwen3,bm25,5,False,C_advantage_minus_A_advantage,209,164,-0.0765550239234,-0.137339645333,-0.0147040889527,revision-added exploratory,pointwise descriptive interval; no multiplicity-controlled claim
scifact,qwen3,bm25,10,False,complete,209,164,0.0143540669856,0,0.0327102803738,revision-added exploratory,pointwise descriptive interval; no multiplicity-controlled claim
scifact,qwen3,bm25,10,False,union_complete,209,164,0.0430622009569,0.00985221674877,0.0805724395894,revision-added exploratory,pointwise descriptive interval; no multiplicity-controlled claim
scifact,qwen3,bm25,10,False,max_f1,209,164,0.00253733507322,0,0.00578377736587,revision-added exploratory,pointwise descriptive interval; no multiplicity-controlled claim
scifact,qwen3,bm25,10,False,union_f1,209,164,0.00888824094566,0.00213502029037,0.0173600196273,revision-added exploratory,pointwise descriptive interval; no multiplicity-controlled claim
scifact,qwen3,bm25,10,False,complete_without_union,209,164,-0.0287081339713,-0.0654264608704,0.00469483568075,revision-added exploratory,pointwise descriptive interval; no multiplicity-controlled claim
scifact,qwen3,bm25,10,False,C_advantage_minus_A_advantage,209,164,-0.0287081339713,-0.0654264608704,0.00469483568075,revision-added exploratory,pointwise descriptive interval; no multiplicity-controlled claim
scifact,qwen3,bm25,20,False,complete,209,164,0,0,0,revision-added exploratory,pointwise descriptive interval; no multiplicity-controlled claim
scifact,qwen3,bm25,20,False,union_complete,209,164,0.00956937799043,0,0.0301507537688,revision-added exploratory,pointwise descriptive interval; no multiplicity-controlled claim
scifact,qwen3,bm25,20,False,max_f1,209,164,0,0,0,revision-added exploratory,pointwise descriptive interval; no multiplicity-controlled claim
scifact,qwen3,bm25,20,False,union_f1,209,164,0.000797448165869,0,0.00251256281407,revision-added exploratory,pointwise descriptive interval; no multiplicity-controlled claim
scifact,qwen3,bm25,20,False,complete_without_union,209,164,-0.00956937799043,-0.0301507537688,0,revision-added exploratory,pointwise descriptive interval; no multiplicity-controlled claim
scifact,qwen3,bm25,20,False,C_advantage_minus_A_advantage,209,164,-0.00956937799043,-0.0301507537688,0,revision-added exploratory,pointwise descriptive interval; no multiplicity-controlled claim
scifact,qwen3,dense,1,False,complete,209,164,0.066985645933,0.00952380952381,0.125639611099,revision-added exploratory,pointwise descriptive interval; no multiplicity-controlled claim
scifact,qwen3,dense,1,False,union_complete,209,164,0.0526315789474,0.01,0.0973007623008,revision-added exploratory,pointwise descriptive interval; no multiplicity-controlled claim
scifact,qwen3,dense,1,False,max_f1,209,164,0.0765550239234,0.0194151306224,0.136637387387,revision-added exploratory,pointwise descriptive interval; no multiplicity-controlled claim
scifact,qwen3,dense,1,False,union_f1,209,164,0.0712918660287,0.0233325242718,0.122674231835,revision-added exploratory,pointwise descriptive interval; no multiplicity-controlled claim
scifact,qwen3,dense,1,False,complete_without_union,209,164,0.0143540669856,-0.0238095238095,0.0533980582524,revision-added exploratory,pointwise descriptive interval; no multiplicity-controlled claim
scifact,qwen3,dense,1,False,C_advantage_minus_A_advantage,209,164,0.0143540669856,-0.0238095238095,0.0533980582524,revision-added exploratory,pointwise descriptive interval; no multiplicity-controlled claim
scifact,qwen3,dense,2,False,complete,209,164,0.0861244019139,0.0357142857143,0.141464565117,revision-added exploratory,pointwise descriptive interval; no multiplicity-controlled claim
scifact,qwen3,dense,2,False,union_complete,209,164,0.0765550239234,0.0351714824121,0.1220657277,revision-added exploratory,pointwise descriptive interval; no multiplicity-controlled claim
scifact,qwen3,dense,2,False,max_f1,209,164,0.0614035087719,0.0270457683561,0.0988580659537,revision-added exploratory,pointwise descriptive interval; no multiplicity-controlled claim
scifact,qwen3,dense,2,False,union_f1,209,164,0.0700159489633,0.0363632935692,0.105672028676,revision-added exploratory,pointwise descriptive interval; no multiplicity-controlled claim
scifact,qwen3,dense,2,False,complete_without_union,209,164,0.00956937799043,-0.0315813288878,0.0533980582524,revision-added exploratory,pointwise descriptive interval; no multiplicity-controlled claim
scifact,qwen3,dense,2,False,C_advantage_minus_A_advantage,209,164,0.00956937799043,-0.0315813288878,0.0533980582524,revision-added exploratory,pointwise descriptive interval; no multiplicity-controlled claim
scifact,qwen3,dense,3,True,complete,209,164,0.0813397129187,0.0346529295787,0.131071805122,revision-added exploratory,pointwise descriptive interval; no multiplicity-controlled claim
scifact,qwen3,dense,3,True,union_complete,209,164,0.0861244019139,0.0394088669951,0.137055837563,revision-added exploratory,pointwise descriptive interval; no multiplicity-controlled claim
scifact,qwen3,dense,3,True,max_f1,209,164,0.0421052631579,0.018626880985,0.0674760270697,revision-added exploratory,pointwise descriptive interval; no multiplicity-controlled claim
scifact,qwen3,dense,3,True,union_f1,209,164,0.0659147869674,0.0383662433058,0.0945015972121,revision-added exploratory,pointwise descriptive interval; no multiplicity-controlled claim
scifact,qwen3,dense,3,True,complete_without_union,209,164,-0.00478468899522,-0.0394088669951,0.0288461538462,revision-added exploratory,pointwise descriptive interval; no multiplicity-controlled claim
scifact,qwen3,dense,3,True,C_advantage_minus_A_advantage,209,164,-0.00478468899522,-0.0394088669951,0.0288461538462,revision-added exploratory,pointwise descriptive interval; no multiplicity-controlled claim
scifact,qwen3,dense,5,False,complete,209,164,0.0574162679426,0.02,0.0969387755102,revision-added exploratory,pointwise descriptive interval; no multiplicity-controlled claim
scifact,qwen3,dense,5,False,union_complete,209,164,0.105263157895,0.0511627906977,0.160552241289,revision-added exploratory,pointwise descriptive interval; no multiplicity-controlled claim
scifact,qwen3,dense,5,False,max_f1,209,164,0.0209614946457,0.00757523726274,0.0352572818467,revision-added exploratory,pointwise descriptive interval; no multiplicity-controlled claim
scifact,qwen3,dense,5,False,union_f1,209,164,0.0405369484317,0.0234045242485,0.0579763829661,revision-added exploratory,pointwise descriptive interval; no multiplicity-controlled claim
scifact,qwen3,dense,5,False,complete_without_union,209,164,-0.0478468899522,-0.0940594059406,-0.00465062446167,revision-added exploratory,pointwise descriptive interval; no multiplicity-controlled claim
scifact,qwen3,dense,5,False,C_advantage_minus_A_advantage,209,164,-0.0478468899522,-0.0940594059406,-0.00465062446167,revision-added exploratory,pointwise descriptive interval; no multiplicity-controlled claim
scifact,qwen3,dense,10,False,complete,209,164,0,0,0,revision-added exploratory,pointwise descriptive interval; no multiplicity-controlled claim
scifact,qwen3,dense,10,False,union_complete,209,164,0.00478468899522,-0.0151515151515,0.0260416666667,revision-added exploratory,pointwise descriptive interval; no multiplicity-controlled claim
scifact,qwen3,dense,10,False,max_f1,209,164,0,0,0,revision-added exploratory,pointwise descriptive interval; no multiplicity-controlled claim
scifact,qwen3,dense,10,False,union_f1,209,164,0.00205058099795,-0.00166259730686,0.00598238220496,revision-added exploratory,pointwise descriptive interval; no multiplicity-controlled claim
scifact,qwen3,dense,10,False,complete_without_union,209,164,-0.00478468899522,-0.0260416666667,0.0151515151515,revision-added exploratory,pointwise descriptive interval; no multiplicity-controlled claim
scifact,qwen3,dense,10,False,C_advantage_minus_A_advantage,209,164,-0.00478468899522,-0.0260416666667,0.0151515151515,revision-added exploratory,pointwise descriptive interval; no multiplicity-controlled claim
scifact,qwen3,dense,20,False,complete,209,164,0,0,0,revision-added exploratory,pointwise descriptive interval; no multiplicity-controlled claim
scifact,qwen3,dense,20,False,union_complete,209,164,0.00956937799043,0,0.0301507537688,revision-added exploratory,pointwise descriptive interval; no multiplicity-controlled claim
scifact,qwen3,dense,20,False,max_f1,209,164,0,0,0,revision-added exploratory,pointwise descriptive interval; no multiplicity-controlled claim
scifact,qwen3,dense,20,False,union_f1,209,164,0.000797448165869,0,0.00251256281407,revision-added exploratory,pointwise descriptive interval; no multiplicity-controlled claim
scifact,qwen3,dense,20,False,complete_without_union,209,164,-0.00956937799043,-0.0301507537688,0,revision-added exploratory,pointwise descriptive interval; no multiplicity-controlled claim
scifact,qwen3,dense,20,False,C_advantage_minus_A_advantage,209,164,-0.00956937799043,-0.0301507537688,0,revision-added exploratory,pointwise descriptive interval; no multiplicity-controlled claim
